date,open,high,low,close,volume,date_ordinal,processed_log_return,outliers_processed_log_return,normalized_outliers_processed_log_return,srl_input
2024-05-08 14:00:00,516.905029296875,517.7171020507812,516.635009765625,517.030029296875,5484059.0,1715176800.0,0.0002514771343207205,0.0002514771343207205,0.07759857449250965,0.07759857449250965
2024-05-08 15:00:00,517.02001953125,517.260009765625,516.6300048828125,516.8300170898438,3620211.0,1715180400.0,-0.0003869231821572019,-0.0003869231821572019,-0.06652037836606983,-0.06652037836606983
2024-05-08 16:00:00,516.8300170898438,516.9600219726562,516.0999755859375,516.2899780273438,3924880.0,1715184000.0,-0.0010454528307256652,-0.0010454528307256652,-0.21518353051113526,-0.21518353051113526
2024-05-08 17:00:00,516.280029296875,517.39501953125,516.2000122070312,517.260009765625,3134530.0,1715187600.0,0.001877087774293113,0.001877087774293113,0.4445803837765728,0.4445803837765728
2024-05-08 18:00:00,517.27001953125,517.469970703125,516.5698852539062,517.3099975585938,4733042.0,1715191200.0,9.663491625268837e-05,9.663491625268837e-05,0.042642924016988076,0.042642924016988076
2024-05-08 19:00:00,517.3049926757812,517.739990234375,517.1900024414062,517.1900024414062,6856902.0,1715194800.0,-0.00023198669449138096,-0.00023198669449138096,-0.031543446516825474,-0.031543446516825474
2024-05-09 13:00:00,517.3800048828125,518.3900146484375,516.7050170898438,518.0650024414062,8433974.0,1715259600.0,0.0030621507551297604,0.0030621507551297604,0.7121085028287363,0.7121085028287363
2024-05-09 14:00:00,518.0599975585938,519.510009765625,518.0599975585938,519.3400268554688,6359947.0,1715263200.0,0.0024581046362016964,0.0024581046362016964,0.5757450144481472,0.5757450144481472
2024-05-09 15:00:00,519.3400268554688,519.4550170898438,518.3400268554688,518.7999877929688,3513163.0,1715266800.0,-0.0010403974484995194,-0.0010403974484995194,-0.21404227732888184,-0.21404227732888184
2024-05-09 16:00:00,518.8099975585938,519.6400146484375,518.530029296875,519.5,3961316.0,1715270400.0,0.0013483816263522228,0.0013483816263522228,0.3252249034542672,0.3252249034542672
2024-05-09 17:00:00,519.5,519.5800170898438,518.9299926757812,519.47998046875,2732680.0,1715274000.0,-3.85368950871643e-05,-3.85368950871643e-05,0.012127870368873656,0.012127870368873656
2024-05-09 18:00:00,519.489990234375,520.0599975585938,519.340087890625,519.6699829101562,4331181.0,1715277600.0,0.00036568820712993514,0.00036568820712993514,0.10338173874425892,0.10338173874425892
2024-05-09 19:00:00,519.6300048828125,520.2073974609375,519.5700073242188,520.1300048828125,9283329.0,1715281200.0,0.0008848278670324001,0.0008848278670324001,0.2205775831718983,0.2205775831718983
2024-05-10 13:00:00,521.3699951171875,522.635009765625,520.5999755859375,520.780029296875,11217945.0,1715346000.0,-0.00046692633157098524,-0.00046692633157098524,-0.08458109954884462,-0.08458109954884462
2024-05-10 14:00:00,520.77001953125,521.3699951171875,520.010009765625,520.5399780273438,6669175.0,1715349600.0,-0.0004610518804884312,-0.0004610518804884312,-0.08325494146780314,-0.08325494146780314
2024-05-10 15:00:00,520.5499877929688,520.6599731445312,519.5900268554688,520.3099975585938,5504961.0,1715353200.0,-0.0004419089741788385,-0.0004419089741788385,-0.07893342792716283,-0.07893342792716283
2024-05-10 16:00:00,520.4000244140625,520.77001953125,520.0050048828125,520.1099853515625,3547711.0,1715356800.0,-0.0003844835985094344,-0.0003844835985094344,-0.06596964204647197,-0.06596964204647197
2024-05-10 17:00:00,520.1300048828125,520.9498901367188,519.9099731445312,520.6699829101562,3791822.0,1715360400.0,0.001076111435099165,0.001076111435099165,0.2637598730569133,0.2637598730569133
2024-05-10 18:00:00,520.6599731445312,521.139892578125,520.114990234375,521.030029296875,3716946.0,1715364000.0,0.000691266961384054,0.000691266961384054,0.17688118403741784,0.17688118403741784
2024-05-10 19:00:00,521.030029296875,521.3400268554688,520.760009765625,520.8400268554688,7096245.0,1715367600.0,-0.00036473347590822755,-0.00036473347590822755,-0.06151104935056291,-0.06151104935056291
2024-05-13 13:00:00,522.5599975585938,522.6699829101562,521.0999755859375,521.6699829101562,7937580.0,1715605200.0,-0.0013688013999337905,-0.0013688013999337905,-0.28817951124575086,-0.28817951124575086
2024-05-13 14:00:00,521.6649780273438,521.6699829101562,520.9500122070312,521.1400146484375,4237645.0,1715608800.0,-0.001016423526023136,-0.001016423526023136,-0.20863016127250045,-0.20863016127250045
2024-05-13 15:00:00,520.6300048828125,521.375,520.4000244140625,521.2849731445312,3322424.0,1715612400.0,0.00027811784776004086,0.00027811784776004086,0.08361271894886364,0.08361271894886364
2024-05-13 16:00:00,521.2899780273438,521.3499755859375,519.739990234375,520.8665161132812,4125433.0,1715616000.0,-0.0008030637734577392,-0.0008030637734577392,-0.16046416992159546,-0.16046416992159546
2024-05-13 17:00:00,520.864990234375,520.9000244140625,520.3150024414062,520.7949829101562,2931858.0,1715619600.0,-0.0001373444315730227,-0.0001373444315730227,-0.01017794359350125,-0.01017794359350125
2024-05-13 18:00:00,520.7949829101562,521.1395263671875,520.469970703125,520.7899780273438,4574705.0,1715623200.0,-9.610128794601458e-06,-9.610128794601458e-06,0.01865809154838208,0.01865809154838208
2024-05-13 19:00:00,520.7849731445312,521.0999755859375,520.64501953125,520.9099731445312,6152975.0,1715626800.0,0.00023038326455385795,0.00023038326455385795,0.0728366307025889,0.0728366307025889
2024-05-14 13:00:00,521.1099853515625,522.4099731445312,520.8800048828125,522.22998046875,11241200.0,1715691600.0,-0.0001170426186459697,-0.0001170426186459697,-0.005594806736176659,-0.005594806736176659
2024-05-14 14:00:00,522.22998046875,522.280029296875,520.6400146484375,521.9199829101562,5978402.0,1715695200.0,-0.000593779779867417,-0.000593779779867417,-0.11321828167908551,-0.11321828167908551
2024-05-14 15:00:00,521.9299926757812,521.9299926757812,520.8099975585938,520.9500122070312,3754577.0,1715698800.0,-0.0018601953980223501,-0.0018601953980223501,-0.3991117689805622,-0.3991117689805622
2024-05-14 16:00:00,520.9400024414062,521.0700073242188,520.5599975585938,521.0408935546875,3096595.0,1715702400.0,0.00017443789074202162,0.00017443789074202162,0.060206955429985116,0.060206955429985116
2024-05-14 17:00:00,521.0499877929688,522.375,520.9749755859375,522.3200073242188,4260248.0,1715706000.0,0.00245191171966664,0.00245191171966664,0.5743469627505902,0.5743469627505902
2024-05-14 18:00:00,522.3200073242188,523.780029296875,522.1849975585938,523.44140625,7463288.0,1715709600.0,0.0021446562113552354,0.0021446562113552354,0.5049839925657194,0.5049839925657194
2024-05-14 19:00:00,523.4400024414062,523.8300170898438,523.2000122070312,523.2849731445312,11031855.0,1715713200.0,-0.00029889971192647436,-0.00029889971192647436,-0.0466490687360573,-0.0466490687360573
2024-05-15 13:00:00,525.8300170898438,526.7999877929688,525.1799926757812,526.3900146484375,13081992.0,1715778000.0,0.003687865470421007,0.003687865470421007,0.8533636796016588,0.8533636796016588
2024-05-15 14:00:00,526.4099731445312,528.1099853515625,526.3200073242188,528.0800170898438,6053988.0,1715781600.0,0.003205409044456195,0.003205409044456195,0.744449079913571,0.744449079913571
2024-05-15 15:00:00,528.0750122070312,528.1699829101562,527.4149780273438,528.0499877929688,4050583.0,1715785200.0,-5.6866667444852155e-05,-5.6866667444852155e-05,0.007989921921572931,0.007989921921572931
2024-05-15 16:00:00,528.0399780273438,528.844970703125,527.9450073242188,528.7899780273438,3993941.0,1715788800.0,0.001400382989361835,0.001400382989361835,0.3369642177852985,0.3369642177852985
2024-05-15 17:00:00,528.79150390625,529.4299926757812,528.3400268554688,528.969970703125,5005183.0,1715792400.0,0.00034032802571989625,0.00034032802571989625,0.09765667455681845,0.09765667455681845
2024-05-15 18:00:00,528.9899291992188,529.2999877929688,528.5999755859375,529.0599975585938,6367147.0,1715796000.0,0.0001701782716681943,0.0001701782716681943,0.05924534588084941,0.05924534588084941
2024-05-15 19:00:00,529.0499877929688,530.0800170898438,528.9500122070312,529.77001953125,13619810.0,1715799600.0,0.0013411445985111454,0.0013411445985111454,0.32359114349622287,0.32359114349622287
2024-05-16 13:00:00,529.8800048828125,530.77001953125,529.5499877929688,530.6300048828125,7319069.0,1715864400.0,0.0011789555473523607,0.0011789555473523607,0.2869769445135396,0.2869769445135396
2024-05-16 14:00:00,530.6400146484375,531.469970703125,530.510009765625,531.1400146484375,5782385.0,1715868000.0,0.0009606784811540604,0.0009606784811540604,0.23770086898291323,0.23770086898291323
2024-05-16 15:00:00,531.1400756835938,531.3499755859375,530.280029296875,530.510009765625,4631016.0,1715871600.0,-0.0011868411289527783,-0.0011868411289527783,-0.24710195686682263,-0.24710195686682263
2024-05-16 16:00:00,530.510009765625,530.8499755859375,529.4199829101562,529.7899780273438,4154925.0,1715875200.0,-0.0013581662873765252,-0.0013581662873765252,-0.2857786332296774,-0.2857786332296774
2024-05-16 17:00:00,529.77001953125,530.1300048828125,529.0200805664062,529.4650268554688,4967076.0,1715878800.0,-0.0006135466541499054,-0.0006135466541499054,-0.11768065606918021,-0.11768065606918021
2024-05-16 18:00:00,529.4600219726562,530.2000122070312,529.4600219726562,529.8900146484375,4446229.0,1715882400.0,0.0008023519955404732,0.0008023519955404732,0.2019586446646422,0.2019586446646422
2024-05-16 19:00:00,529.8900146484375,529.97998046875,528.5399780273438,528.6599731445312,11281036.0,1715886000.0,-0.0023240131721993652,-0.0023240131721993652,-0.5038186906506115,-0.5038186906506115
2024-05-17 13:00:00,528.8099975585938,529.2000122070312,528.3419799804688,529.1699829101562,7792638.0,1715950800.0,-0.0003995480466910628,-0.0003995480466910628,-0.06937044314460818,-0.06937044314460818
2024-05-17 14:00:00,529.1699829101562,529.2999877929688,528.3900146484375,528.760009765625,6990385.0,1715954400.0,-0.0007750478158141163,-0.0007750478158141163,-0.15413956391073852,-0.15413956391073852
2024-05-17 15:00:00,528.6950073242188,529.0294799804688,528.27001953125,528.5599975585938,3588171.0,1715958000.0,-0.00037833807746294283,-0.00037833807746294283,-0.06458228988650268,-0.06458228988650268
2024-05-17 16:00:00,528.5598754882812,528.9000244140625,528.0499877929688,528.6950073242188,4976687.0,1715961600.0,0.000255396788353573,0.000255396788353573,0.07848343689029033,0.07848343689029033
2024-05-17 17:00:00,528.7000122070312,528.8800048828125,527.3200073242188,527.9099731445312,7465677.0,1715965200.0,-0.0014859561305300638,-0.0014859561305300638,-0.3146272066183264,-0.3146272066183264
2024-05-17 18:00:00,527.9000244140625,529.3099975585938,527.8800048828125,529.219970703125,8295790.0,1715968800.0,0.0024784053025304676,0.0024784053025304676,0.5803278924607634,0.5803278924607634
2024-05-17 19:00:00,529.2100219726562,529.52001953125,528.760009765625,529.4299926757812,10133501.0,1715972400.0,0.00039677321622196373,0.00039677321622196373,0.11039918351098237,0.11039918351098237
2024-05-20 13:00:00,529.6099853515625,531.3494262695312,529.6099853515625,531.280029296875,6428550.0,1716210000.0,0.0005676520938367297,0.0005676520938367297,0.14897511192429652,0.14897511192429652
2024-05-20 14:00:00,531.2899780273438,531.47998046875,530.9500122070312,531.3900146484375,2586012.0,1716213600.0,0.00020699812247821782,0.00020699812247821782,0.06755743189676106,0.06755743189676106
2024-05-20 15:00:00,531.4000244140625,531.5601196289062,530.635009765625,530.7899780273438,2983400.0,1716217200.0,-0.0011298211019977176,-0.0011298211019977176,-0.23422967851008797,-0.23422967851008797
2024-05-20 16:00:00,530.7899780273438,531.280029296875,530.1799926757812,530.3499755859375,3475869.0,1716220800.0,-0.000829301479272987,-0.000829301479272987,-0.16638733535542047,-0.16638733535542047
2024-05-20 17:00:00,530.3499755859375,530.52001953125,529.1699829101562,530.1849975585938,4476750.0,1716224400.0,-0.0003111222785711285,-0.0003111222785711285,-0.0494083147148031,-0.0494083147148031
2024-05-20 18:00:00,530.1799926757812,530.4400024414062,529.7650146484375,530.261474609375,3485570.0,1716228000.0,0.00014423557043374325,0.00014423557043374325,0.05338877776876051,0.05338877776876051
2024-05-20 19:00:00,530.27001953125,530.3300170898438,529.5,530.02001953125,7769429.0,1716231600.0,-0.0004554546762030621,-0.0004554546762030621,-0.08199137188658279,-0.08199137188658279
2024-05-21 13:00:00,529.280029296875,530.030029296875,529.0700073242188,530.0150146484375,4545465.0,1716296400.0,0.0011731131057076758,0.0011731131057076758,0.28565801256717915,0.28565801256717915
2024-05-21 14:00:00,530.02001953125,530.72998046875,529.9299926757812,530.5001220703125,3207341.0,1716300000.0,0.000914852488028411,0.000914852488028411,0.22735564519071697,0.22735564519071697
2024-05-21 15:00:00,530.510009765625,530.5197143554688,529.8200073242188,530.1950073242188,3733639.0,1716303600.0,-0.0005753109372408679,-0.0005753109372408679,-0.10904893810085409,-0.10904893810085409
2024-05-21 16:00:00,530.1900024414062,530.280029296875,529.6400146484375,530.135009765625,2218199.0,1716307200.0,-0.00011316770758303732,-0.00011316770758303732,-0.004720045069561394,-0.004720045069561394
2024-05-21 17:00:00,530.1400146484375,530.7899780273438,530.0700073242188,530.3900146484375,3185239.0,1716310800.0,0.00048090310338119236,0.00048090310338119236,0.12939151626606454,0.12939151626606454
2024-05-21 18:00:00,530.39501953125,530.9600219726562,530.165771484375,530.8250122070312,4143830.0,1716314400.0,0.0008198104473621194,0.0008198104473621194,0.20589989238981404,0.20589989238981404
2024-05-21 19:00:00,530.8099975585938,531.52001953125,530.780029296875,531.3200073242188,7407599.0,1716318000.0,0.0009320669850554231,0.0009320669850554231,0.2312418200898892,0.2312418200898892
2024-05-22 13:00:00,530.6500244140625,531.280029296875,530.625,531.125,4018236.0,1716382800.0,-0.00013713070765828018,-0.00013713070765828018,-0.010129695392492418,-0.010129695392492418
2024-05-22 14:00:00,531.0499877929688,531.3800048828125,530.780029296875,531.0358276367188,2208006.0,1716386400.0,-0.00016790746028387725,-0.00016790746028387725,-0.01707755122260772,-0.01707755122260772
2024-05-22 15:00:00,531.0399780273438,531.0999755859375,530.1599731445312,531.0250244140625,2548571.0,1716390000.0,-2.0343886389813316e-05,-2.0343886389813316e-05,0.01623494440241218,0.01623494440241218
2024-05-22 16:00:00,531.030029296875,531.239990234375,530.6699829101562,530.9149780273438,2926180.0,1716393600.0,-0.00020725537574571004,-0.00020725537574571004,-0.02596034815606344,-0.02596034815606344
2024-05-22 17:00:00,530.9099731445312,530.9199829101562,527.77001953125,527.8099975585938,7812489.0,1716397200.0,-0.005865525877685786,-0.004521935781517176,-1.0,-1.0
2024-05-22 18:00:00,527.8200073242188,528.8699951171875,527.5999755859375,528.760009765625,6237476.0,1716400800.0,0.0017982953452462102,0.0017982953452462102,0.4267929828710216,0.4267929828710216
2024-05-22 19:00:00,528.760009765625,529.8300170898438,528.0150146484375,529.8200073242188,10612664.0,1716404400.0,0.002002678863686662,0.002002678863686662,0.47293258822350226,0.47293258822350226
2024-05-23 13:00:00,532.9600219726562,533.0700073242188,529.5449829101562,530.4498901367188,10081394.0,1716469200.0,-0.00044127505946847613,-0.00044127505946847613,-0.07879032160045688,-0.07879032160045688
2024-05-23 14:00:00,530.4600219726562,530.880126953125,528.97998046875,530.5250244140625,4608312.0,1716472800.0,0.00014163252389652308,0.00014163252389652308,0.052801139681022666,0.052801139681022666
2024-05-23 15:00:00,530.5349731445312,531.4840087890625,530.52001953125,531.2449951171875,3672511.0,1716476400.0,0.0013561709225700365,0.0013561709225700365,0.32698333806878926,0.32698333806878926
2024-05-23 16:00:00,531.2327270507812,531.344970703125,528.8300170898438,529.4804077148438,3814406.0,1716480000.0,-0.003327136364303148,-0.003327136364303148,-0.7302738791939781,-0.7302738791939781
2024-05-23 17:00:00,529.3499755859375,529.47998046875,525.4600219726562,525.7100830078125,7274948.0,1716483600.0,-0.007146275076972215,-0.004521935781517176,-1.0,-1.0
2024-05-23 18:00:00,525.7100219726562,526.3099975585938,524.719970703125,525.1900024414062,8353985.0,1716487200.0,-0.000989781266680041,-0.000989781266680041,-0.20261566782817217,-0.20261566782817217
2024-05-23 19:00:00,525.2000122070312,526.260009765625,525.1900024414062,525.9500122070312,11836214.0,1716490800.0,0.0014460678643615531,0.0014460678643615531,0.3472775841425694,0.3472775841425694
2024-05-24 13:00:00,527.8499755859375,528.739990234375,526.8809814453125,528.6099853515625,7942013.0,1716555600.0,0.002075294049387485,0.002075294049387485,0.4893254756559066,0.4893254756559066
2024-05-24 14:00:00,528.5999755859375,530.27001953125,527.8400268554688,529.7000122070312,5596824.0,1716559200.0,0.00205993941932028,0.00205993941932028,0.4858591659600953,0.4858591659600953
2024-05-24 15:00:00,529.7100219726562,530.0540161132812,529.0,529.7899780273438,3280933.0,1716562800.0,0.00016982854271013265,0.00016982854271013265,0.05916639452396689,0.05916639452396689
2024-05-24 16:00:00,529.780029296875,529.8699951171875,529.0599975585938,529.6287231445312,2707217.0,1716566400.0,-0.00030442144145552755,-0.00030442144145552755,-0.047895599881414216,-0.047895599881414216
2024-05-24 17:00:00,529.6099853515625,530.0999755859375,529.239990234375,529.4298706054688,3656844.0,1716570000.0,-0.000375526987029547,-0.000375526987029547,-0.06394768586267183,-0.06394768586267183
2024-05-24 18:00:00,529.4299926757812,529.6099853515625,528.280029296875,528.9299926757812,3452322.0,1716573600.0,-0.000944627596342677,-0.000944627596342677,-0.19242222099117104,-0.19242222099117104
2024-05-24 19:00:00,528.9299926757812,529.5800170898438,528.77001953125,529.5,6147975.0,1716577200.0,0.0010770809279192824,0.0010770809279192824,0.2639787361846919,0.2639787361846919
2024-05-28 13:00:00,530.27001953125,530.510009765625,529.0,529.5599975585938,6768480.0,1716901200.0,0.0006967581091655943,0.0006967581091655943,0.17812081134937371,0.17812081134937371
2024-05-28 14:00:00,529.5399780273438,530.0499267578125,529.1599731445312,529.8599853515625,2732452.0,1716904800.0,0.0005663246036995749,0.0005663246036995749,0.1486754308565421,0.1486754308565421
2024-05-28 15:00:00,529.8699951171875,530.2949829101562,529.6400146484375,529.8049926757812,1639935.0,1716908400.0,-0.00010379257023854386,-0.00010379257023854386,-0.002603606618452811,-0.002603606618452811
2024-05-28 16:00:00,529.8049926757812,530.25,529.1500244140625,529.47998046875,2374243.0,1716912000.0,-0.0006136445347002501,-0.0006136445347002501,-0.11770275261590299,-0.11770275261590299
2024-05-28 17:00:00,529.4749755859375,529.8499755859375,528.2100219726562,528.27001953125,4334512.0,1716915600.0,-0.0022878023450693583,-0.0022878023450693583,-0.49564409180813096,-0.49564409180813096
2024-05-28 18:00:00,528.260009765625,528.97998046875,527.1099853515625,528.3400268554688,5607964.0,1716919200.0,0.0001325130771954171,0.0001325130771954171,0.05074242342526643,0.05074242342526643
2024-05-28 19:00:00,528.3400268554688,529.9000244140625,528.2899780273438,529.8599853515625,6521801.0,1716922800.0,0.0028727263728126878,0.0028727263728126878,0.6693459243638119,0.6693459243638119
2024-05-29 13:00:00,525.6799926757812,526.969970703125,525.3699951171875,526.72998046875,8133202.0,1716987600.0,-0.000988499654617761,-0.000988499654617761,-0.20232634374167147,-0.20232634374167147
2024-05-29 14:00:00,526.7559814453125,527.3049926757812,526.030029296875,526.47998046875,3500495.0,1716991200.0,-0.0004747391573714708,-0.0004747391573714708,-0.0863448459696555,-0.0863448459696555
2024-05-29 15:00:00,526.47998046875,526.9199829101562,525.97998046875,526.8200073242188,3622699.0,1716994800.0,0.0006456410732386647,0.0006456410732386647,0.16658113397003416,0.16658113397003416
2024-05-29 16:00:00,526.8200073242188,527.3099975585938,526.3400268554688,526.9301147460938,3541876.0,1716998400.0,0.00020898203467699635,0.00020898203467699635,0.06800530032863897,0.06800530032863897
2024-05-29 17:00:00,526.9299926757812,527.2000122070312,526.1699829101562,526.5900268554688,3219913.0,1717002000.0,-0.0006456220227952408,-0.0006456220227952408,-0.12492167463136086,-0.12492167463136086
2024-05-29 18:00:00,526.5800170898438,527.1900024414062,526.010009765625,526.8599853515625,5046168.0,1717005600.0,0.0005125226614931639,0.0005125226614931639,0.13652963554220987,0.13652963554220987
2024-05-29 19:00:00,526.8499755859375,527.1900024414062,525.5599975585938,526.1099853515625,9928957.0,1717009200.0,-0.0014245422902834052,-0.0014245422902834052,-0.3007630243506808,-0.3007630243506808
2024-05-30 13:00:00,524.52001953125,524.989990234375,523.3699951171875,524.0,7626544.0,1717074000.0,0.0001085341629838267,0.0001085341629838267,0.045329180484025455,0.045329180484025455
2024-05-30 14:00:00,523.97998046875,524.0800170898438,523.0599975585938,523.9500122070312,3725494.0,1717077600.0,-9.540110200748616e-05,-9.540110200748616e-05,-0.0007092315951473596,-0.0007092315951473596
2024-05-30 15:00:00,523.9450073242188,524.5399780273438,523.6900024414062,524.0399780273438,2984127.0,1717081200.0,0.00017169213708496955,0.00017169213708496955,0.059587101191746115,0.059587101191746115
2024-05-30 16:00:00,524.0399780273438,525.1400146484375,523.9400024414062,524.9650268554688,3061804.0,1717084800.0,0.0017636695031993683,0.0017636695031993683,0.41897619461319496,0.41897619461319496
2024-05-30 17:00:00,524.9600219726562,525.2000122070312,523.5999755859375,524.1900024414062,3636736.0,1717088400.0,-0.0014774261827788552,-0.0014774261827788552,-0.31270156982568686,-0.31270156982568686
2024-05-30 18:00:00,524.1799926757812,524.4500122070312,522.8499755859375,523.3804931640625,5622015.0,1717092000.0,-0.0015454987361140393,-0.0015454987361140393,-0.3280689574222371,-0.3280689574222371
2024-05-30 19:00:00,523.3800048828125,523.5700073242188,521.3300170898438,522.6199951171875,11392450.0,1717095600.0,-0.0014541067416250586,-0.0014541067416250586,-0.3074372030113439,-0.3074372030113439
2024-05-31 13:00:00,523.5900268554688,524.8099975585938,520.8599853515625,521.0999755859375,9053293.0,1717160400.0,-0.000833738084156028,-0.000833738084156028,-0.16738889947355673,-0.16738889947355673
2024-05-31 14:00:00,521.10498046875,521.1500244140625,520.030029296875,520.1500244140625,6821977.0,1717164000.0,-0.001824636610671591,-0.001824636610671591,-0.3910843682013999,-0.3910843682013999
2024-05-31 15:00:00,520.1199951171875,520.2399291992188,518.3599853515625,518.8099975585938,6601554.0,1717167600.0,-0.0025795556521631168,-0.0025795556521631168,-0.5615074380911589,-0.5615074380911589
2024-05-31 16:00:00,518.7999877929688,520.9349975585938,518.719970703125,520.8150024414062,4646957.0,1717171200.0,0.003857174209256565,0.003857174209256565,0.8915851489853307,0.8915851489853307
2024-05-31 17:00:00,520.8200073242188,521.2949829101562,520.4500122070312,520.7799072265625,5141227.0,1717174800.0,-6.738745462614047e-05,-6.738745462614047e-05,0.005614852873705889,0.005614852873705889
2024-05-31 18:00:00,520.780029296875,522.75,520.5900268554688,522.25,7488451.0,1717178400.0,0.0028188908807240797,0.0028188908807240797,0.6571925551592951,0.6571925551592951
2024-05-31 19:00:00,522.239990234375,527.5,522.0,527.3499755859375,26130326.0,1717182000.0,0.009718017990199383,0.004337416910343824,0.9999999999999998,0.9999999999999998
2024-06-03 13:00:00,529.02001953125,529.3099975585938,527.344970703125,528.1699829101562,11014920.0,1717419600.0,-0.003620458356946507,-0.003620458356946507,-0.7964913564398792,-0.7964913564398792
2024-06-03 14:00:00,528.0,528.0,525.4000244140625,526.0800170898438,4434505.0,1717423200.0,-0.003964844312383891,-0.003964844312383891,-0.8742365297985982,-0.8742365297985982
2024-06-03 15:00:00,526.0999755859375,526.0999755859375,523.6500244140625,523.9500122070312,7583676.0,1717426800.0,-0.004057041693981789,-0.004057041693981789,-0.8950501004520386,-0.8950501004520386
2024-06-03 16:00:00,523.9400024414062,524.6900024414062,522.5999755859375,524.6500244140625,4415958.0,1717430400.0,0.0013351369188830972,0.0013351369188830972,0.3222349090540458,0.3222349090540458
2024-06-03 17:00:00,524.6400146484375,525.780029296875,524.5800170898438,525.1099853515625,4125167.0,1717434000.0,0.0008763164202406423,0.0008763164202406423,0.2186561229732142,0.2186561229732142
2024-06-03 18:00:00,525.1099853515625,526.5,525.1099853515625,526.25,3634503.0,1717437600.0,0.0021686484384326418,0.0021686484384326418,0.5104002408881161,0.5104002408881161
2024-06-03 19:00:00,526.260009765625,527.8200073242188,525.72998046875,527.760009765625,6720224.0,1717441200.0,0.0028652684219368845,0.0028652684219368845,0.6676622910025044,0.6676622910025044
2024-06-04 13:00:00,526.4600219726562,527.75,525.739990234375,527.0,7224688.0,1717506000.0,-0.002570791923706163,-0.002570791923706163,-0.559529025274384,-0.559529025274384
2024-06-04 14:00:00,526.9849853515625,527.4000244140625,525.6199951171875,525.8599853515625,3762425.0,1717509600.0,-0.0021655587824031537,-0.0021655587824031537,-0.4680475919468017,-0.4680475919468017
2024-06-04 15:00:00,525.8599853515625,526.0999755859375,524.9600219726562,526.010009765625,3321554.0,1717513200.0,0.00028525277035423114,0.00028525277035423114,0.08522342863440197,0.08522342863440197
2024-06-04 16:00:00,526.02001953125,527.0,525.6599731445312,526.9749755859375,2581367.0,1717516800.0,0.001832820227951921,0.001832820227951921,0.43458697954471276,0.43458697954471276
2024-06-04 17:00:00,526.97998046875,528.969970703125,526.3400268554688,528.9299926757812,3643143.0,1717520400.0,0.0037030213562768218,0.0037030213562768218,0.8567851227664035,0.8567851227664035
2024-06-04 18:00:00,528.9400024414062,529.1500244140625,526.6099853515625,527.6500244140625,4644730.0,1717524000.0,-0.0024228527270180934,-0.0024228527270180934,-0.526131732755715,-0.526131732755715
2024-06-04 19:00:00,527.6599731445312,528.5999755859375,527.0050048828125,528.3499755859375,5221839.0,1717527600.0,0.0013256652923903942,0.0013256652923903942,0.32009668816542386,0.32009668816542386
2024-06-05 13:00:00,530.77001953125,530.8200073242188,528.989990234375,530.2650146484375,8380277.0,1717592400.0,0.0031012796433806966,0.0031012796433806966,0.7209418543414,0.7209418543414
2024-06-05 14:00:00,530.280029296875,532.1849975585938,530.280029296875,531.9149780273438,5710875.0,1717596000.0,0.003106751619105848,0.003106751619105848,0.7221771535591811,0.7221771535591811
2024-06-05 15:00:00,531.9099731445312,532.4400024414062,531.72998046875,532.1303100585938,3544876.0,1717599600.0,0.00040474223531761704,0.00040474223531761704,0.11219819058809632,0.11219819058809632
2024-06-05 16:00:00,532.1300048828125,532.97998046875,532.0800170898438,532.72998046875,3327615.0,1717603200.0,0.0011262894839487135,0.0011262894839487135,0.27508757398378725,0.27508757398378725
2024-06-05 17:00:00,532.72998046875,533.489990234375,532.6199951171875,533.4801025390625,3989962.0,1717606800.0,0.0014070814111210056,0.0014070814111210056,0.33847638735166524,0.33847638735166524
2024-06-05 18:00:00,533.489990234375,534.1699829101562,533.4349975585938,533.7000122070312,5080187.0,1717610400.0,0.0004121322502972423,0.0004121322502972423,0.11386648741217793,0.11386648741217793
2024-06-05 19:00:00,533.6900024414062,534.6900024414062,533.239990234375,534.6500244140625,8164059.0,1717614000.0,0.0017784666539418846,0.0017784666539418846,0.42231665328036383,0.42231665328036383
2024-06-06 13:00:00,534.97998046875,535.4199829101562,534.3300170898438,535.0599975585938,7083812.0,1717678800.0,-0.0008179578284692813,-0.0008179578284692813,-0.16382650473985483,-0.16382650473985483
2024-06-06 14:00:00,535.0499877929688,535.0499877929688,534.2100219726562,534.4849853515625,2805300.0,1717682400.0,-0.0010752465237449692,-0.0010752465237449692,-0.22190946050976262,-0.22190946050976262
2024-06-06 15:00:00,534.469970703125,534.530029296875,533.5324096679688,533.739990234375,3035339.0,1717686000.0,-0.0013948283460870094,-0.0013948283460870094,-0.2940550976589952,-0.2940550976589952
2024-06-06 16:00:00,533.739990234375,534.27001953125,533.2401123046875,534.1400146484375,2811686.0,1717689600.0,0.0007491936003002093,0.0007491936003002093,0.1899581301599877,0.1899581301599877
2024-06-06 17:00:00,534.1400146484375,534.4598999023438,532.6799926757812,533.64501953125,3101921.0,1717693200.0,-0.0009271438291429977,-0.0009271438291429977,-0.18847525831617978,-0.18847525831617978
2024-06-06 18:00:00,533.6500244140625,534.6400146484375,533.3699951171875,534.489990234375,2765008.0,1717696800.0,0.0015821424663714522,0.0015821424663714522,0.3779964428995775,0.3779964428995775
2024-06-06 19:00:00,534.489990234375,534.6699829101562,533.9901123046875,534.6300048828125,4478553.0,1717700400.0,0.00026192504092609057,0.00026192504092609057,0.07995719074106886,0.07995719074106886
2024-06-07 13:00:00,533.6599731445312,534.760009765625,532.5349731445312,534.6400146484375,8779223.0,1717765200.0,0.00022488535769023127,0.00022488535769023127,0.07159547752699007,0.07159547752699007
2024-06-07 14:00:00,534.6300048828125,536.39990234375,533.9500122070312,534.9500122070312,5670172.0,1717768800.0,0.0005796568021210231,0.0005796568021210231,0.15168517635040793,0.15168517635040793
2024-06-07 15:00:00,534.9550170898438,535.9400024414062,534.6799926757812,535.909912109375,2247558.0,1717772400.0,0.0017927651182768306,0.0017927651182768306,0.4255445334274273,0.4255445334274273
2024-06-07 16:00:00,535.9099731445312,536.8900146484375,534.9199829101562,536.1701049804688,2888407.0,1717776000.0,0.0004853982390395203,0.0004853982390395203,0.13040629371418613,0.13040629371418613
2024-06-07 17:00:00,536.1799926757812,536.4099731445312,533.489990234375,534.6900024414062,4582055.0,1717779600.0,-0.0027643264910537095,-0.0027643264910537095,-0.6032194785341001,-0.6032194785341001
2024-06-07 18:00:00,534.72998046875,535.4400024414062,533.7949829101562,534.72998046875,4092291.0,1717783200.0,7.476581324696784e-05,7.476581324696784e-05,0.037705971224531475,0.037705971224531475
2024-06-07 19:00:00,534.739990234375,534.8800048828125,533.719970703125,533.9600219726562,6857634.0,1717786800.0,-0.0014409391452287203,-0.0014409391452287203,-0.304464616445638,-0.304464616445638
2024-06-10 13:00:00,533.1799926757812,533.6300048828125,532.5700073242188,533.5900268554688,5183864.0,1718024400.0,0.001454196488375357,0.001454196488375357,0.34911262205030985,0.34911262205030985
2024-06-10 14:00:00,533.5850219726562,534.3800048828125,533.4299926757812,534.3800048828125,3030546.0,1718028000.0,0.0014794013838358047,0.0014794013838358047,0.35480263041482685,0.35480263041482685
2024-06-10 15:00:00,534.3900146484375,535.1400146484375,534.3200073242188,534.8693237304688,3197217.0,1718031600.0,0.0009152568418240262,0.0009152568418240262,0.22744692811164335,0.22744692811164335
2024-06-10 16:00:00,534.8699951171875,535.0700073242188,534.260009765625,534.3099975585938,2113542.0,1718035200.0,-0.0010462720551394696,-0.0010462720551394696,-0.21536847052702535,-0.21536847052702535
2024-06-10 17:00:00,534.3187866210938,535.719970703125,534.22998046875,534.5,3451882.0,1718038800.0,0.00035554016867682674,0.00035554016867682674,0.10109081776931426,0.10109081776931426
2024-06-10 18:00:00,534.4752197265625,535.989990234375,534.2899780273438,535.580078125,4834609.0,1718042400.0,0.002018687225124114,0.002018687225124114,0.4765464778595157,0.4765464778595157
2024-06-10 19:00:00,535.5999755859375,535.72998046875,534.7000122070312,535.6599731445312,8761596.0,1718046000.0,0.00014916361572686132,0.00014916361572686132,0.054501284622143924,0.054501284622143924
2024-06-11 13:00:00,533.719970703125,533.8250122070312,532.0499877929688,533.719970703125,6419178.0,1718110800.0,0.0016983686152392042,0.0016983686152392042,0.4042345108285195,0.4042345108285195
2024-06-11 14:00:00,533.7100219726562,534.739990234375,533.5999755859375,534.4299926757812,2791004.0,1718114400.0,0.0013294426842195765,0.0013294426842195765,0.32094943485258365,0.32094943485258365
2024-06-11 15:00:00,534.4500122070312,534.760009765625,533.5499877929688,533.8400268554688,2889276.0,1718118000.0,-0.001104525765031037,-0.001104525765031037,-0.2285192529640051,-0.2285192529640051
2024-06-11 16:00:00,533.8594970703125,534.8099975585938,533.719970703125,534.25,2951611.0,1718121600.0,0.0007676752976940822,0.0007676752976940822,0.19413037570358183,0.19413037570358183
2024-06-11 17:00:00,534.2435302734375,536.22998046875,534.1950073242188,536.2000122070312,2936355.0,1718125200.0,0.0036433543684190146,0.0036433543684190146,0.8433152926483131,0.8433152926483131
2024-06-11 18:00:00,536.2100219726562,536.6400146484375,535.8099975585938,535.8624877929688,5258356.0,1718128800.0,-0.0006296730371867576,-0.0006296730371867576,-0.1213211890963092,-0.1213211890963092
2024-06-11 19:00:00,535.8599853515625,537.010009765625,535.6199951171875,536.9099731445312,7052167.0,1718132400.0,0.001952857148369402,0.001952857148369402,0.4616853296369848,0.4616853296369848
2024-06-12 13:00:00,541.3599853515625,543.9199829101562,541.2449951171875,543.9099731445312,12237578.0,1718197200.0,-0.0009504280924195474,-0.0009504280924195474,-0.19373168372024813,-0.19373168372024813
2024-06-12 14:00:00,543.9199829101562,543.9600219726562,542.5599975585938,543.22998046875,4859545.0,1718200800.0,-0.0012509755753160774,-0.0012509755753160774,-0.26158031631225226,-0.26158031631225226
2024-06-12 15:00:00,543.219970703125,543.260009765625,542.4949951171875,542.5,3150434.0,1718204400.0,-0.0013446816277999506,-0.0013446816277999506,-0.2827344696105988,-0.2827344696105988
2024-06-12 16:00:00,542.510009765625,543.3699951171875,542.4199829101562,542.9199829101562,2449258.0,1718208000.0,0.0007738625375029839,0.0007738625375029839,0.19552714587948553,0.19552714587948553
2024-06-12 17:00:00,542.9102783203125,542.9299926757812,540.72998046875,542.6699829101562,7136358.0,1718211600.0,-0.0004605790626122894,-0.0004605790626122894,-0.08314820277196677,-0.08314820277196677
2024-06-12 18:00:00,542.6900024414062,544.1199951171875,540.739990234375,540.989990234375,9930018.0,1718215200.0,-0.0031005925536117694,-0.0031005925536117694,-0.6791315850398009,-0.6791315850398009
2024-06-12 19:00:00,541.0,542.39501953125,540.2999877929688,541.3350219726562,10707197.0,1718218800.0,0.0006375751203711312,0.0006375751203711312,0.1647602440815565,0.1647602440815565
2024-06-13 13:00:00,543.1500244140625,543.1900024414062,540.4299926757812,541.0399780273438,8550009.0,1718283600.0,0.0011840715639917251,0.0011840715639917251,0.2881318859223097,0.2881318859223097
2024-06-13 14:00:00,541.0404052734375,541.3499755859375,540.25,541.1900024414062,4646932.0,1718287200.0,0.00027725052480724057,0.00027725052480724057,0.08341692068166133,0.08341692068166133
2024-06-13 15:00:00,541.1699829101562,541.6500244140625,539.6400146484375,539.751220703125,3793101.0,1718290800.0,-0.002662092178859365,-0.002662092178859365,-0.5801400695185257,-0.5801400695185257
2024-06-13 16:00:00,539.75,541.9694213867188,539.5900268554688,541.7200927734375,3696398.0,1718294400.0,0.003641103043589409,0.003641103043589409,0.8428070557809235,0.8428070557809235
2024-06-13 17:00:00,541.72998046875,542.2100219726562,541.2000122070312,542.0700073242188,3207323.0,1718298000.0,0.0006457238590905438,0.0006457238590905438,0.16659982288665334,0.16659982288665334
2024-06-13 18:00:00,542.0800170898438,543.0599975585938,541.97998046875,542.5050048828125,4804371.0,1718301600.0,0.0008021530590742073,0.0008021530590742073,0.20191373473201277,0.20191373473201277
2024-06-13 19:00:00,542.510009765625,543.3250122070312,542.1799926757812,542.4099731445312,6041037.0,1718305200.0,-0.00017518743947487963,-0.00017518743947487963,-0.018721007453375106,-0.018721007453375106
2024-06-14 13:00:00,540.8800048828125,541.6295166015625,539.9600219726562,540.8699951171875,8014180.0,1718370000.0,0.001422937957300934,0.001422937957300934,0.34205600467393205,0.34205600467393205
2024-06-14 14:00:00,540.8800048828125,541.6500244140625,539.8499755859375,541.4299926757812,3750360.0,1718373600.0,0.0010348288180422609,0.0010348288180422609,0.25444031699164227,0.25444031699164227
2024-06-14 15:00:00,541.4600219726562,541.859375,540.280029296875,541.1199951171875,3897980.0,1718377200.0,-0.0005727173258744949,-0.0005727173258744949,-0.10846343000413822,-0.10846343000413822
2024-06-14 16:00:00,541.1099853515625,542.4201049804688,540.9301147460938,542.0999755859375,3037626.0,1718380800.0,0.0018093845435193966,0.0018093845435193966,0.42929637079537275,0.42929637079537275
2024-06-14 17:00:00,542.0800170898438,542.3599853515625,541.1719970703125,541.8699951171875,3032066.0,1718384400.0,-0.00042432996931017546,-0.00042432996931017546,-0.07496496533625308,-0.07496496533625308
2024-06-14 18:00:00,541.8800048828125,542.4299926757812,541.3300170898438,542.3599853515625,3453522.0,1718388000.0,0.0009038493245152211,0.0009038493245152211,0.2248716796244068,0.2248716796244068
2024-06-14 19:00:00,542.3699951171875,542.7999877929688,541.8599853515625,542.739990234375,5534475.0,1718391600.0,0.0007004053209790457,0.0007004053209790457,0.17894416988138068,0.17894416988138068
2024-06-17 13:00:00,542.0800170898438,542.8900146484375,541.607177734375,542.3099975585938,6912139.0,1718629200.0,0.0024925771929762033,0.0024925771929762033,0.5835271985361961,0.5835271985361961
2024-06-17 14:00:00,542.2999877929688,544.030029296875,542.210693359375,543.8200073242188,6102134.0,1718632800.0,0.002780534064443032,0.002780534064443032,0.6485334989922942,0.6485334989922942
2024-06-17 15:00:00,543.8200073242188,545.4299926757812,543.47998046875,545.4099731445312,4146420.0,1718636400.0,0.002919432953751482,0.002919432953751482,0.6798899409671249,0.6798899409671249
2024-06-17 16:00:00,545.4199829101562,546.5499877929688,545.1599731445312,546.3499755859375,5862853.0,1718640000.0,0.0017219951597953313,0.0017219951597953313,0.40956820627510276,0.40956820627510276
2024-06-17 17:00:00,546.375,548.530029296875,546.3099975585938,548.010009765625,7232348.0,1718643600.0,0.003033801445862445,0.003033801445862445,0.7057086426463192,0.7057086426463192
2024-06-17 18:00:00,548.010009765625,548.3900146484375,547.4600219726562,548.27001953125,6628816.0,1718647200.0,0.00047434918734614364,0.00047434918734614364,0.12791196888534684,0.12791196888534684
2024-06-17 19:00:00,548.1900024414062,548.2899780273438,546.739990234375,547.0399780273438,9411903.0,1718650800.0,-0.002246016239668656,-0.002246016239668656,-0.48621087318503886,-0.48621087318503886
2024-06-18 13:00:00,547.1599731445312,548.219970703125,547.1099853515625,547.4099731445312,5719523.0,1718715600.0,-0.00046838404596812673,-0.00046838404596812673,-0.08491017875989819,-0.08491017875989819
2024-06-18 14:00:00,547.4149780273438,547.9600219726562,546.72998046875,547.0800170898438,3693719.0,1718719200.0,-0.0006029403057633674,-0.0006029403057633674,-0.11528627156831661,-0.11528627156831661
2024-06-18 15:00:00,547.0599975585938,548.0700073242188,546.969970703125,547.3699951171875,3919928.0,1718722800.0,0.0005299064021105848,0.0005299064021105848,0.14045401720350015,0.14045401720350015
2024-06-18 16:00:00,547.2523193359375,548.1699829101562,547.22998046875,548.0700073242188,2432417.0,1718726400.0,0.001278047726493104,0.001278047726493104,0.30934701659155456,0.30934701659155456
2024-06-18 17:00:00,548.0700073242188,548.6199951171875,547.0900268554688,547.7437744140625,5162428.0,1718730000.0,-0.0005954167126403582,-0.0005954167126403582,-0.11358781946133117,-0.11358781946133117
2024-06-18 18:00:00,547.880126953125,548.0700073242188,547.4199829101562,547.885009765625,4516047.0,1718733600.0,0.0002578160676026978,0.0002578160676026978,0.07902958948930525,0.07902958948930525
2024-06-18 19:00:00,547.9000244140625,548.5,547.6900024414062,548.489990234375,8772697.0,1718737200.0,0.0011036014687534769,0.0011036014687534769,0.26996575166011344,0.26996575166011344
2024-06-20 13:00:00,549.4400024414062,550.1199951171875,548.4000244140625,549.0750122070312,8930285.0,1718888400.0,0.0002162259508665698,0.0002162259508665698,0.06964061533223473,0.06964061533223473
2024-06-20 14:00:00,549.0599975585938,549.530029296875,548.6699829101562,548.8099975585938,4045562.0,1718892000.0,-0.00048277306134509646,-0.00048277306134509646,-0.08815850081624635,-0.08815850081624635
2024-06-20 15:00:00,548.8099975585938,549.1199951171875,546.9401245117188,546.9600219726562,4893296.0,1718895600.0,-0.003376579593597914,-0.003376579593597914,-0.7414356945126501,-0.7414356945126501
2024-06-20 16:00:00,546.9600219726562,547.7050170898438,545.739990234375,546.02001953125,7282479.0,1718899200.0,-0.0017200728969842638,-0.0017200728969842638,-0.3674790965017217,-0.3674790965017217
2024-06-20 17:00:00,546.0,548.1400756835938,545.1799926757812,548.0549926757812,7709012.0,1718902800.0,0.003719992630390793,0.003719992630390793,0.8606163900619391,0.8606163900619391
2024-06-20 18:00:00,548.0599975585938,548.1900024414062,545.77001953125,547.1500244140625,8293926.0,1718906400.0,-0.0016526010264012148,-0.0016526010264012148,-0.3522473131130697,-0.3522473131130697
2024-06-20 19:00:00,547.1599731445312,547.760009765625,546.5800170898438,546.9500122070312,12127650.0,1718910000.0,-0.0003656196007031429,-0.0003656196007031429,-0.06171109213602047,-0.06171109213602047
2024-06-21 13:00:00,544.4000244140625,544.8599853515625,543.02001953125,544.3200073242188,10098310.0,1718974800.0,-0.0005374214568339558,-0.0005374214568339558,-0.10049538306703748,-0.10049538306703748
2024-06-21 14:00:00,544.0499877929688,545.25,543.8599853515625,544.4149780273438,9429020.0,1718978400.0,0.0001744606440386731,0.0001744606440386731,0.06021209198960586,0.06021209198960586
2024-06-21 15:00:00,544.239990234375,545.6500244140625,544.0098266601562,545.25,3984979.0,1718982000.0,0.0015326217744807843,0.0015326217744807843,0.36681714039000207,0.36681714039000207
2024-06-21 16:00:00,545.260009765625,545.3300170898438,543.8800048828125,544.0899047851562,2660129.0,1718985600.0,-0.0021299057315570893,-0.0021299057315570893,-0.45999891117155306,-0.45999891117155306
2024-06-21 17:00:00,544.0700073242188,544.7550048828125,543.5588989257812,544.6950073242188,4933185.0,1718989200.0,0.0011115190789873321,0.0011115190789873321,0.27175315318012044,0.27175315318012044
2024-06-21 18:00:00,544.6900024414062,544.844970703125,543.9500122070312,544.39501953125,4581792.0,1718992800.0,-0.0005508962402708623,-0.0005508962402708623,-0.10353731714632651,-0.10353731714632651
2024-06-21 19:00:00,544.4000244140625,545.219970703125,544.0800170898438,544.1300048828125,12433274.0,1718996400.0,-0.0004869243200288968,-0.0004869243200288968,-0.0890956479935145,-0.0890956479935145
2024-06-24 13:00:00,544.3300170898438,546.9500122070312,543.760009765625,545.4400024414062,7424032.0,1719234000.0,0.001425576787459543,0.001425576787459543,0.3426517209187618,0.3426517209187618
2024-06-24 14:00:00,545.4299926757812,546.35498046875,544.6599731445312,546.1400146484375,4951072.0,1719237600.0,0.001282567089962314,0.001282567089962314,0.3103672634710725,0.3103672634710725
2024-06-24 15:00:00,546.14501953125,546.280029296875,545.5700073242188,545.9650268554688,2141914.0,1719241200.0,-0.0003204596404486974,-0.0003204596404486974,-0.051516225349436034,-0.051516225349436034
2024-06-24 16:00:00,545.9650268554688,546.1799926757812,544.0,544.27001953125,5014316.0,1719244800.0,-0.0031094371723451,-0.0031094371723451,-0.6811282588467837,-0.6811282588467837
2024-06-24 17:00:00,544.27001953125,544.5399780273438,543.4249877929688,543.77001953125,3486799.0,1719248400.0,-0.0009190838889114655,-0.0009190838889114655,-0.1866557257810462,-0.1866557257810462
2024-06-24 18:00:00,543.77001953125,544.6599731445312,543.47998046875,544.22998046875,4465958.0,1719252000.0,0.0008455164795994187,0.0008455164795994187,0.21170303244561411,0.21170303244561411
2024-06-24 19:00:00,544.239990234375,544.4199829101562,542.6300048828125,542.6300048828125,10068368.0,1719255600.0,-0.0029442186910431994,-0.0029442186910431994,-0.6438301656229559,-0.6438301656229559
2024-06-25 13:00:00,543.989990234375,544.1699829101562,543.030029296875,543.989990234375,6049224.0,1719320400.0,0.0006712343196048434,0.0006712343196048434,0.1723588126010454,0.1723588126010454
2024-06-25 14:00:00,543.97998046875,544.47998046875,543.4304809570312,544.0599975585938,4185103.0,1719324000.0,0.00012868402205931128,0.00012868402205931128,0.04987801373998016,0.04987801373998016
2024-06-25 15:00:00,544.0499877929688,544.4301147460938,543.4199829101562,543.6199951171875,4602975.0,1719327600.0,-0.0008090660274544482,-0.0008090660274544482,-0.16181917952680583,-0.16181917952680583
2024-06-25 16:00:00,543.6099853515625,543.7000122070312,542.4400024414062,543.6900024414062,5204435.0,1719331200.0,0.0001287716005051696,0.0001287716005051696,0.04989778458530135,0.04989778458530135
2024-06-25 17:00:00,543.6900024414062,544.8699951171875,543.4299926757812,544.8460083007812,3391128.0,1719334800.0,0.0021239651836057554,0.0021239651836057554,0.5003129904125962,0.5003129904125962
2024-06-25 18:00:00,544.8400268554688,545.1199951171875,543.7999877929688,545.1199951171875,4714370.0,1719338400.0,0.0005027437944265503,0.0005027437944265503,0.13432205505484598,0.13432205505484598
2024-06-25 19:00:00,545.1199951171875,545.2000122070312,544.1699829101562,544.7899780273438,5283041.0,1719342000.0,-0.0006055859806059919,-0.0006055859806059919,-0.11588353300143578,-0.11588353300143578
2024-06-26 13:00:00,543.6900024414062,544.7999877929688,543.1699829101562,543.8049926757812,5704495.0,1719406800.0,-0.00041597942347857943,-0.00041597942347857943,-0.07307982854984484,-0.07307982854984484
2024-06-26 14:00:00,543.7999877929688,544.5599975585938,543.030029296875,543.9600219726562,4044970.0,1719410400.0,0.00028504189018217275,0.00028504189018217275,0.08517582240866674,0.08517582240866674
2024-06-26 15:00:00,543.9500122070312,545.4500122070312,543.655029296875,545.1900024414062,3693924.0,1719414000.0,0.0022586071047231908,0.0022586071047231908,0.5307084212754243,0.5307084212754243
2024-06-26 16:00:00,545.1799926757812,545.3400268554688,544.010009765625,544.510009765625,4414298.0,1719417600.0,-0.0012480366273775422,-0.0012480366273775422,-0.26091684844033086,-0.26091684844033086
2024-06-26 17:00:00,544.530029296875,544.9400024414062,544.27001953125,544.7349853515625,2318177.0,1719421200.0,0.0004130853759165172,0.0004130853759165172,0.11408165564227911,0.11408165564227911
2024-06-26 18:00:00,544.739990234375,545.114990234375,544.1300048828125,544.6397705078125,2516545.0,1719424800.0,-0.00017480640795159154,-0.00017480640795159154,-0.018634989538400766,-0.018634989538400766
2024-06-26 19:00:00,544.6300048828125,546.239990234375,544.4500122070312,545.530029296875,7600247.0,1719428400.0,0.0016332483015381216,0.0016332483015381216,0.38953359170585994,0.38953359170585994
2024-06-27 13:00:00,545.3699951171875,546.9600219726562,545.1400146484375,546.530029296875,5923547.0,1719493200.0,-0.0027243561233790225,-0.0027243561233790225,-0.5941961629342126,-0.5941961629342126
2024-06-27 14:00:00,546.530029296875,546.8099975585938,544.9199829101562,545.2899780273438,3554510.0,1719496800.0,-0.0022715315609161146,-0.0022715315609161146,-0.4919709602105614,-0.4919709602105614
2024-06-27 15:00:00,545.2750244140625,546.02001953125,544.6699829101562,545.8599853515625,4866462.0,1719500400.0,0.0010447828349899118,0.0010447828349899118,0.25668743758698687,0.25668743758698687
2024-06-27 16:00:00,545.8499755859375,546.3400268554688,545.6119995117188,546.3049926757812,2430191.0,1719504000.0,0.000814908659036207,0.000814908659036207,0.20479331305012582,0.20479331305012582
2024-06-27 17:00:00,546.3099975585938,546.4299926757812,544.6400146484375,544.77001953125,2610777.0,1719507600.0,-0.0028136913411785603,-0.0028136913411785603,-0.6143635997451682,-0.6143635997451682
2024-06-27 18:00:00,544.780029296875,545.8099975585938,544.6099853515625,545.7650146484375,3333082.0,1719511200.0,0.0018247839126662954,0.0018247839126662954,0.4327727803441304,0.4327727803441304
2024-06-27 19:00:00,545.760009765625,546.4000244140625,545.1799926757812,546.3400268554688,6290414.0,1719514800.0,0.0010530347142698026,0.0010530347142698026,0.2585503003867649,0.2585503003867649
2024-06-28 13:00:00,547.1599731445312,550.280029296875,546.6699829101562,549.5256958007812,9440369.0,1719579600.0,-0.003107711734690362,-0.003107711734690362,-0.6807387410761856,-0.6807387410761856
2024-06-28 14:00:00,549.52001953125,550.0700073242188,547.25,547.7301025390625,5936989.0,1719583200.0,-0.0032728828906913713,-0.0032728828906913713,-0.7180261506073019,-0.7180261506073019
2024-06-28 15:00:00,547.739990234375,548.27001953125,546.2100219726562,546.969970703125,3848642.0,1719586800.0,-0.0013887492596097377,-0.0013887492596097377,-0.2926827431114995,-0.2926827431114995
2024-06-28 16:00:00,546.969970703125,547.1300048828125,545.489990234375,546.280029296875,6035307.0,1719590400.0,-0.0012621843088881544,-0.0012621843088881544,-0.264110689345572,-0.264110689345572
2024-06-28 17:00:00,546.280029296875,546.5800170898438,545.239990234375,545.3900146484375,4708406.0,1719594000.0,-0.001630556504806555,-0.001630556504806555,-0.3472707595517894,-0.3472707595517894
2024-06-28 18:00:00,545.4000244140625,545.6500244140625,544.5800170898438,544.780029296875,10085163.0,1719597600.0,-0.0011190647158351606,-0.0011190647158351606,-0.2318014229621541,-0.2318014229621541
2024-06-28 19:00:00,544.7999877929688,545.469970703125,542.9500122070312,544.0900268554688,19595265.0,1719601200.0,-0.001267373512324005,-0.001267373512324005,-0.2652821526829822,-0.2652821526829822
2024-07-01 13:00:00,545.6300048828125,545.8599243164062,542.5999755859375,544.3300170898438,10768619.0,1719838800.0,-0.0008245450503934894,-0.0008245450503934894,-0.16531357092929772,-0.16531357092929772
2024-07-01 14:00:00,544.3300170898438,544.4000244140625,542.52001953125,544.219970703125,3885401.0,1719842400.0,-0.0002021889455288242,-0.0002021889455288242,-0.024816600888491552,-0.024816600888491552
2024-07-01 15:00:00,544.2100219726562,545.25,543.6500244140625,545.2100219726562,3718818.0,1719846000.0,0.0018175588128504453,0.0018175588128504453,0.43114171313930233,0.43114171313930233
2024-07-01 16:00:00,545.22998046875,545.3699951171875,544.5999755859375,545.0499877929688,2393909.0,1719849600.0,-0.0002935706701216841,-0.0002935706701216841,-0.04544603686902575,-0.04544603686902575
2024-07-01 17:00:00,545.0499877929688,545.6699829101562,544.5499877929688,544.7999877929688,2395705.0,1719853200.0,-0.00045877874934213957,-0.00045877874934213957,-0.08274178182164074,-0.08274178182164074
2024-07-01 18:00:00,544.7999877929688,545.1500244140625,543.8200073242188,544.3300170898438,2825621.0,1719856800.0,-0.0008630204478578217,-0.0008630204478578217,-0.17399939681354754,-0.17399939681354754
2024-07-01 19:00:00,544.3499755859375,545.8800048828125,544.2894897460938,545.3699951171875,6255295.0,1719860400.0,0.0019087424638699563,0.0019087424638699563,0.45172643398539314,0.45172643398539314
2024-07-02 13:00:00,543.7000122070312,545.7100219726562,543.6500244140625,545.3300170898438,6558371.0,1719925200.0,0.0014197524720145458,0.0014197524720145458,0.34133688096429243,0.34133688096429243
2024-07-02 14:00:00,545.3300170898438,546.0999755859375,545.0999755859375,546.0599975585938,3144084.0,1719928800.0,0.0013377080013715304,0.0013377080013715304,0.32281533125369366,0.32281533125369366
2024-07-02 15:00:00,546.0599975585938,546.510009765625,545.1199951171875,545.8350219726562,3257574.0,1719932400.0,-0.0004120828194961371,-0.0004120828194961371,-0.07220016970388375,-0.07220016970388375
2024-07-02 16:00:00,545.8400268554688,546.9199829101562,545.6099853515625,546.6594848632812,3199256.0,1719936000.0,0.0015093220917457952,0.0015093220917457952,0.36155723404122464,0.36155723404122464
2024-07-02 17:00:00,546.6599731445312,547.8800048828125,546.4501953125,547.7249755859375,3072694.0,1719939600.0,0.0019471969820848906,0.0019471969820848906,0.46040754637642867,0.46040754637642867
2024-07-02 18:00:00,547.72998046875,548.0800170898438,547.47998046875,547.9749755859375,5477341.0,1719943200.0,0.00045632931546788635,0.00045632931546788635,0.12384398051079844,0.12384398051079844
2024-07-02 19:00:00,548.0,548.97998046875,547.8300170898438,548.969970703125,8342306.0,1719946800.0,0.0018141209245438033,0.0018141209245438033,0.4303656094156521,0.4303656094156521
2024-07-03 13:00:00,548.6900024414062,550.1099853515625,548.6500244140625,549.1799926757812,6774665.0,1720011600.0,0.0010274165644812631,0.0010274165644812631,0.25276699980497985,0.25276699980497985
2024-07-03 14:00:00,549.1599731445312,550.489990234375,549.0900268554688,550.030029296875,4688661.0,1720015200.0,0.00154663216955382,0.00154663216955382,0.36997998886445255,0.36997998886445255
2024-07-03 15:00:00,550.030029296875,551.1849975585938,549.8701171875,551.139892578125,5909135.0,1720018800.0,0.0020157899975678144,0.0020157899975678144,0.4758924283692044,0.4758924283692044
2024-07-05 13:00:00,551.77001953125,552.7750244140625,551.1199951171875,552.094970703125,6477354.0,1720184400.0,0.0013172053013265055,0.0013172053013265055,0.31818684410386827,0.31818684410386827
2024-07-05 14:00:00,552.0999755859375,553.1400146484375,551.7979736328125,552.9099731445312,4223393.0,1720188000.0,0.0014751112087376807,0.0014751112087376807,0.35383412283930943,0.35383412283930943
2024-07-05 15:00:00,552.8900146484375,553.760009765625,552.8629150390625,553.6099853515625,2877165.0,1720191600.0,0.001265250201844912,0.001265250201844912,0.3064579737701871,0.3064579737701871
2024-07-05 16:00:00,553.5999755859375,553.9860229492188,553.0999755859375,553.8648071289062,3090955.0,1720195200.0,0.0004601852494898412,0.0004601852494898412,0.12471445810799293,0.12471445810799293
2024-07-05 17:00:00,553.9000244140625,554.52001953125,553.8400268554688,554.0399780273438,3557626.0,1720198800.0,0.0003162201341560653,0.0003162201341560653,0.09221431496186099,0.09221431496186099
2024-07-05 18:00:00,554.0399780273438,554.6099853515625,553.8599853515625,554.3499755859375,5538042.0,1720202400.0,0.0005593655295522137,0.0005593655295522137,0.147104418980301,0.147104418980301
2024-07-05 19:00:00,554.3499755859375,555.0499877929688,554.25,554.7000122070312,8242274.0,1720206000.0,0.0006312368902564331,0.0006312368902564331,0.16332938782486386,0.16332938782486386
2024-07-08 13:00:00,555.4400024414062,556.2501220703125,555.1599731445312,555.49169921875,5553110.0,1720443600.0,0.00020749381477814125,0.00020749381477814125,0.06766933449668325,0.06766933449668325
2024-07-08 14:00:00,555.489990234375,555.5700073242188,554.9099731445312,555.3699951171875,3008857.0,1720447200.0,-0.00021911656990246367,-0.00021911656990246367,-0.02863801424958072,-0.02863801424958072
2024-07-08 15:00:00,555.3599853515625,555.4500122070312,554.2949829101562,554.5850219726562,2874923.0,1720450800.0,-0.0014144235816998002,-0.0014144235816998002,-0.29847872459751695,-0.29847872459751695
2024-07-08 16:00:00,554.5800170898438,554.9199829101562,554.469970703125,554.9000244140625,1960915.0,1720454400.0,0.0005678354131876288,0.0005678354131876288,0.14901649629114025,0.14901649629114025
2024-07-08 17:00:00,554.9099731445312,555.3699951171875,554.8900146484375,555.219970703125,1851568.0,1720458000.0,0.0005764175032040999,0.0005764175032040999,0.15095390420681234,0.15095390420681234
2024-07-08 18:00:00,555.22998046875,555.22998046875,554.1900024414062,554.6190185546875,2529125.0,1720461600.0,-0.0010829538572471335,-0.0010829538572471335,-0.22364939203077427,-0.22364939203077427
2024-07-08 19:00:00,554.5999755859375,555.5599975585938,554.5100708007812,555.3400268554688,8031607.0,1720465200.0,0.0012991621721069218,0.0012991621721069218,0.3141136053815495,0.3141136053815495
2024-07-09 13:00:00,556.260009765625,556.8963012695312,555.6699829101562,556.02001953125,4925845.0,1720530000.0,-0.0004928397922739987,-0.0004928397922739987,-0.0904310666072325,-0.0904310666072325
2024-07-09 14:00:00,556.010009765625,556.9099731445312,555.719970703125,556.0499877929688,3188558.0,1720533600.0,5.3896358194448515e-05,5.3896358194448515e-05,0.0329946890849928,0.0329946890849928
2024-07-09 15:00:00,556.0499877929688,556.801513671875,555.8400268554688,556.6900024414062,2125455.0,1720537200.0,0.0011503401057409652,0.0011503401057409652,0.2805170049205072,0.2805170049205072
2024-07-09 16:00:00,556.6799926757812,557.1799926757812,555.7301025390625,556.0,3399760.0,1720540800.0,-0.0012402421668912574,-0.0012402421668912574,-0.2591572479915429,-0.2591572479915429
2024-07-09 17:00:00,556.0,556.3400268554688,555.719970703125,555.7449951171875,2670299.0,1720544400.0,-0.00045874708391698216,-0.00045874708391698216,-0.08273463334787323,-0.08273463334787323
2024-07-09 18:00:00,555.75,556.1799926757812,555.52001953125,555.7849731445312,2834639.0,1720548000.0,7.193333243814296e-05,7.193333243814296e-05,0.037066538320719655,0.037066538320719655
2024-07-09 19:00:00,555.780029296875,556.0800170898438,555.5599975585938,555.8499755859375,4655100.0,1720551600.0,0.00011694925848552982,0.00011694925848552982,0.04722888936669224,0.04722888936669224
2024-07-10 13:00:00,557.0700073242188,557.75,556.7899780273438,557.3599853515625,5299133.0,1720616400.0,4.736838182889898e-05,4.736838182889898e-05,0.03152099758797254,0.03152099758797254
2024-07-10 14:00:00,557.3400268554688,557.7000122070312,556.77001953125,557.6799926757812,2682377.0,1720620000.0,0.0005739836047324305,0.0005739836047324305,0.15040445131644364,0.15040445131644364
2024-07-10 15:00:00,557.6799926757812,559.0399780273438,557.6699829101562,558.9400024414062,4474642.0,1720623600.0,0.0022568291915478827,0.0022568291915478827,0.5303070571493654,0.5303070571493654
2024-07-10 16:00:00,558.9299926757812,559.75,558.6699829101562,559.3701171875,3571501.0,1720627200.0,0.000769222704422686,0.000769222704422686,0.1944797029699013,0.1944797029699013
2024-07-10 17:00:00,559.3499755859375,559.8699951171875,559.2100219726562,559.5599975585938,3063457.0,1720630800.0,0.00033939630440555426,0.00033939630440555426,0.09744633835128552,0.09744633835128552
2024-07-10 18:00:00,559.5700073242188,560.219970703125,559.52001953125,560.0700073242188,4176517.0,1720634400.0,0.0009110327495255824,0.0009110327495255824,0.22649333873658115,0.22649333873658115
2024-07-10 19:00:00,560.0700073242188,561.6699829101562,559.9650268554688,561.260009765625,8415208.0,1720638000.0,0.0021224846744681567,0.0021224846744681567,0.4999787652859775,0.4999787652859775
2024-07-11 13:00:00,561.4400024414062,562.3300170898438,559.2899780273438,559.77001953125,10987765.0,1720702800.0,-0.004792207774260565,-0.004521935781517176,-1.0,-1.0
2024-07-11 14:00:00,559.760009765625,560.3699951171875,557.1099853515625,557.3200073242188,5945018.0,1720706400.0,-0.004386425581583246,-0.004386425581583246,-0.9694085550836189,-0.9694085550836189
2024-07-11 15:00:00,557.3200073242188,557.5900268554688,556.1799926757812,557.2050170898438,5969436.0,1720710000.0,-0.00020634841257781525,-0.00020634841257781525,-0.025755601105248313,-0.025755601105248313
2024-07-11 16:00:00,557.2098999023438,557.77001953125,555.8800048828125,557.0800170898438,4159995.0,1720713600.0,-0.00022435911223807412,-0.00022435911223807412,-0.029821518850413856,-0.029821518850413856
2024-07-11 17:00:00,557.0900268554688,557.0900268554688,555.8300170898438,556.25,3413299.0,1720717200.0,-0.001491053381980309,-0.001491053381980309,-0.3157779117832597,-0.3157779117832597
2024-07-11 18:00:00,556.2899780273438,557.489990234375,556.1900024414062,556.5579833984375,4778361.0,1720720800.0,0.0005535247965430623,0.0005535247965430623,0.14578587275863014,0.14578587275863014
2024-07-11 19:00:00,556.5599975585938,557.5700073242188,556.4000244140625,556.4199829101562,10326962.0,1720724400.0,-0.0002479842246044531,-0.0002479842246044531,-0.03515489097997884,-0.03515489097997884
2024-07-12 13:00:00,557.6300048828125,559.8599853515625,557.1500244140625,559.780029296875,8056066.0,1720789200.0,0.0046085383204007655,0.004337416910343824,0.9999999999999998,0.9999999999999998
2024-07-12 14:00:00,559.780029296875,561.72998046875,559.6799926757812,561.7205200195312,6205261.0,1720792800.0,0.0034605291282809687,0.0034605291282809687,0.802042471371877,0.802042471371877
2024-07-12 15:00:00,561.7100219726562,561.760009765625,560.1300048828125,560.6400146484375,3585984.0,1720796400.0,-0.0019254164264071224,-0.0019254164264071224,-0.41383542445590865,-0.41383542445590865
2024-07-12 16:00:00,560.6300048828125,562.4299926757812,560.4400024414062,562.4299926757812,4013536.0,1720800000.0,0.003187654431789357,0.003187654431789357,0.7404409738398284,0.7404409738398284
2024-07-12 17:00:00,562.4249877929688,563.6699829101562,562.22998046875,562.9949951171875,5206576.0,1720803600.0,0.001004069564834762,0.001004069564834762,0.24749641165739433,0.24749641165739433
2024-07-12 18:00:00,563.0,563.2949829101562,562.5599975585938,562.8200073242188,4062451.0,1720807200.0,-0.00031086420770455575,-0.00031086420770455575,-0.049350055183763133,-0.049350055183763133
2024-07-12 19:00:00,562.8200073242188,562.8200073242188,558.9500122070312,559.9000244140625,12466985.0,1720810800.0,-0.005201634265781443,-0.004521935781517176,-1.0,-1.0
2024-07-15 13:00:00,562.030029296875,562.8300170898438,561.3900146484375,562.7000122070312,7516929.0,1721048400.0,0.002636010820721734,0.002636010820721734,0.6159073582915023,0.6159073582915023
2024-07-15 14:00:00,562.7000122070312,564.8370971679688,562.6588745117188,563.719970703125,4428783.0,1721052000.0,0.001810974219785502,0.001810974219785502,0.4296552404151737,0.4296552404151737
2024-07-15 15:00:00,563.72998046875,564.1500244140625,562.1400146484375,562.8900146484375,3875212.0,1721055600.0,-0.001473369161677907,-0.001473369161677907,-0.3117856967947655,-0.3117856967947655
2024-07-15 16:00:00,562.8800048828125,563.1799926757812,561.3599853515625,561.6699829101562,3202144.0,1721059200.0,-0.0021697947990147034,-0.0021697947990147034,-0.46900387323706827,-0.46900387323706827
2024-07-15 17:00:00,561.6199951171875,561.8499755859375,560.7100219726562,561.8101196289062,2822803.0,1721062800.0,0.00024946898331369363,0.00024946898331369363,0.07714523414657856,0.07714523414657856
2024-07-15 18:00:00,561.8099975585938,562.5599975585938,561.6400146484375,562.0698852539062,3368310.0,1721066400.0,0.0004622657730312124,0.0004622657730312124,0.12518413656278174,0.12518413656278174
2024-07-15 19:00:00,562.0700073242188,562.2849731445312,559.6300048828125,561.489990234375,8773715.0,1721070000.0,-0.0010322459597813403,-0.0010322459597813403,-0.21220207771121277,-0.21220207771121277
2024-07-16 13:00:00,562.864990234375,563.6099853515625,562.0999755859375,562.6599731445312,6784101.0,1721134800.0,0.0022564791083132174,0.0022564791083132174,0.5302280258144945,0.5302280258144945
2024-07-16 14:00:00,562.7598876953125,564.469970703125,562.4199829101562,563.5399780273438,3770100.0,1721138400.0,0.0015627865389267323,0.0015627865389267323,0.37362683981051614,0.37362683981051614
2024-07-16 15:00:00,563.530029296875,563.5900268554688,562.22998046875,562.6400146484375,2497390.0,1721142000.0,-0.001598258850865434,-0.001598258850865434,-0.3399795600557376,-0.3399795600557376
2024-07-16 16:00:00,562.6099853515625,563.5900268554688,562.2899780273438,562.739990234375,2735468.0,1721145600.0,0.0001776743602459201,0.0001776743602459201,0.06093758883322953,0.06093758883322953
2024-07-16 17:00:00,562.7100219726562,563.5900268554688,562.47998046875,563.3900146484375,2991534.0,1721149200.0,0.0011544395113110748,0.0011544395113110748,0.281442446250747,0.281442446250747
2024-07-16 18:00:00,563.3800048828125,564.60009765625,563.280029296875,564.4249877929688,4938564.0,1721152800.0,0.001835360290154742,0.001835360290154742,0.4351603989109278,0.4351603989109278
2024-07-16 19:00:00,564.4299926757812,565.1599731445312,564.0098876953125,564.844970703125,7670156.0,1721156400.0,0.0007438131624059223,0.0007438131624059223,0.18874349561919784,0.18874349561919784
2024-07-17 13:00:00,559.25,560.510009765625,557.909912109375,558.6900024414062,11790838.0,1721221200.0,0.0002626484017092091,0.0002626484017092091,0.08012048953010636,0.08012048953010636
2024-07-17 14:00:00,558.6799926757812,559.10498046875,557.8099975585938,558.5999145507812,5303361.0,1721224800.0,-0.00016126144065232257,-0.00016126144065232257,-0.01557721144323302,-0.01557721144323302
2024-07-17 15:00:00,558.60498046875,558.6699829101562,557.2899780273438,557.369873046875,3975210.0,1721228400.0,-0.002204436026307776,-0.002204436026307776,-0.4768241347161935,-0.4768241347161935
2024-07-17 16:00:00,557.3499755859375,558.0399780273438,556.6099853515625,557.3800048828125,4714942.0,1721232000.0,1.817777447364567e-05,1.817777447364567e-05,0.024931214254914714,0.024931214254914714
2024-07-17 17:00:00,557.3701782226562,558.1500244140625,556.8400268554688,558.0399780273438,4509306.0,1721235600.0,0.0011833627362948312,0.0011833627362948312,0.28797186797934077,0.28797186797934077
2024-07-17 18:00:00,558.0399780273438,558.375,557.0399780273438,558.0700073242188,5054225.0,1721239200.0,5.3810641023518346e-05,5.3810641023518346e-05,0.032975338422724,0.032975338422724
2024-07-17 19:00:00,558.0599975585938,558.280029296875,556.9500122070312,556.9500122070312,10406212.0,1721242800.0,-0.002008924457390857,-0.002008924457390857,-0.4326873731000692,-0.4326873731000692
2024-07-18 13:00:00,558.510009765625,559.52001953125,557.7050170898438,558.8400268554688,8231861.0,1721307600.0,-0.008619702842781235,-0.004521935781517176,-1.0,-1.0
2024-07-18 14:00:00,558.8300170898438,558.8300170898438,553.780029296875,553.8104858398438,8250570.0,1721311200.0,-0.009040709936167594,-0.004521935781517176,-1.0,-1.0
2024-07-18 15:00:00,553.7999877929688,554.3800048828125,552.3800048828125,552.9199829101562,6280173.0,1721314800.0,-0.001609250214047546,-0.001609250214047546,-0.342460861695802,-0.342460861695802
2024-07-18 16:00:00,552.8800048828125,554.9450073242188,552.6900024414062,554.3699951171875,3450558.0,1721318400.0,0.0026190303617772853,0.0026190303617772853,0.6120740175193151,0.6120740175193151
2024-07-18 17:00:00,554.3699951171875,554.8099975585938,552.5700073242188,552.5800170898438,3535604.0,1721322000.0,-0.003234074832205765,-0.003234074832205765,-0.7092652264550761,-0.7092652264550761
2024-07-18 18:00:00,552.4249877929688,552.8699951171875,550.4299926757812,551.4500122070312,8300330.0,1721325600.0,-0.002047055328980842,-0.002047055328980842,-0.44129542222424856,-0.44129542222424856
2024-07-18 19:00:00,551.4400024414062,553.8499755859375,551.1400146484375,552.6599731445312,11015885.0,1721329200.0,0.0021917407466881395,0.0021917407466881395,0.5156133324217024,0.5156133324217024
2024-07-19 13:00:00,552.4199829101562,554.0800170898438,551.0399780273438,551.1099853515625,8626059.0,1721394000.0,-0.003510769313181275,-0.003510769313181275,-0.7717290408214927,-0.7717290408214927
2024-07-19 14:00:00,551.1300048828125,551.989990234375,549.594970703125,549.64501953125,4737321.0,1721397600.0,-0.0026617488519114435,-0.0026617488519114435,-0.5800625634162488,-0.5800625634162488
2024-07-19 15:00:00,549.6478271484375,551.489990234375,549.2172241210938,550.0700073242188,13298825.0,1721401200.0,0.0007729053504718132,0.0007729053504718132,0.1953110607851309,0.1953110607851309
2024-07-19 16:00:00,550.0700073242188,550.1900024414062,547.9099731445312,548.5900268554688,5500481.0,1721404800.0,-0.002694157096659859,-0.002694157096659859,-0.5873787288011507,-0.5873787288011507
2024-07-19 17:00:00,548.5700073242188,549.7160034179688,548.0900268554688,548.6900024414062,4201573.0,1721408400.0,0.00018222437945621345,0.00018222437945621345,0.06196475625020648,0.06196475625020648
2024-07-19 18:00:00,548.7000122070312,550.4600219726562,548.02001953125,549.989990234375,8040360.0,1721412000.0,0.002366455033872937,0.002366455033872937,0.5550551050345719,0.5550551050345719
2024-07-19 19:00:00,549.989990234375,550.0800170898438,548.1400146484375,548.9500122070312,10617936.0,1721415600.0,-0.0018926935692427267,-0.0018926935692427267,-0.40644823527797747,-0.40644823527797747
2024-07-22 13:00:00,553.0,554.4100952148438,551.3400268554688,553.2000122070312,9580954.0,1721653200.0,-0.003051827706704776,-0.003051827706704776,-0.668122914631681,-0.668122914631681
2024-07-22 14:00:00,553.2100219726562,554.4600219726562,551.6998901367188,551.739990234375,5337648.0,1721656800.0,-0.0026427187343355963,-0.0026427187343355963,-0.5757665119466353,-0.5757665119466353
2024-07-22 15:00:00,551.75,552.4199829101562,551.02001953125,552.14501953125,3534249.0,1721660400.0,0.0007338251927828766,0.0007338251927828766,0.18648871020305302,0.18648871020305302
2024-07-22 16:00:00,552.1099853515625,554.3900146484375,551.8004150390625,554.135009765625,2994151.0,1721664000.0,0.0035976286799615457,0.0035976286799615457,0.8329927126477501,0.8329927126477501
2024-07-22 17:00:00,554.1400146484375,555.0800170898438,554.0999755859375,554.5800170898438,3511091.0,1721667600.0,0.0008027443253434325,0.0008027443253434325,0.20204721316769314,0.20204721316769314
2024-07-22 18:00:00,554.5750122070312,555.27001953125,554.155029296875,554.52001953125,3598136.0,1721671200.0,-0.00010819142849375587,-0.00010819142849375587,-0.0035966494305429524,-0.0035966494305429524
2024-07-22 19:00:00,554.510009765625,555.1400146484375,554.3300170898438,554.6500244140625,6511374.0,1721674800.0,0.00023441830964973437,0.00023441830964973437,0.07374754264756281,0.07374754264756281
2024-07-23 13:00:00,554.5399780273438,556.4099731445312,554.1300048828125,556.0001220703125,5932413.0,1721739600.0,0.0014925539708790484,0.0014925539708790484,0.35777182861715756,0.35777182861715756
2024-07-23 14:00:00,556.02001953125,556.7349853515625,554.280029296875,556.4299926757812,4101597.0,1721743200.0,0.0007728496759789824,0.0007728496759789824,0.19529849226127433,0.19529849226127433
2024-07-23 15:00:00,556.4254760742188,556.6500244140625,554.530029296875,555.0651245117188,2800687.0,1721746800.0,-0.002455915152439169,-0.002455915152439169,-0.533595579510896,-0.533595579510896
2024-07-23 16:00:00,555.0599975585938,555.1500244140625,554.1799926757812,554.760009765625,4090280.0,1721750400.0,-0.0005498429335527174,-0.0005498429335527174,-0.10329953302037957,-0.10329953302037957
2024-07-23 17:00:00,554.72998046875,555.5499877929688,554.27001953125,554.8886108398438,2309908.0,1721754000.0,0.00023178702231754864,0.00023178702231754864,0.07315352919675999,0.07315352919675999
2024-07-23 18:00:00,554.9000244140625,555.3900146484375,554.75,555.2100219726562,2197232.0,1721757600.0,0.0005790677193782724,0.0005790677193782724,0.1515521908461076,0.1515521908461076
2024-07-23 19:00:00,555.1699829101562,555.1799926757812,553.2750244140625,553.72998046875,6783560.0,1721761200.0,-0.002669292079710704,-0.002669292079710704,-0.581765448053902,-0.581765448053902
2024-07-24 13:00:00,548.8599853515625,549.1699829101562,545.4349975585938,546.0399780273438,11976984.0,1721826000.0,-0.0021313252376740674,-0.0021313252376740674,-0.4603193648584871,-0.4603193648584871
2024-07-24 14:00:00,546.030029296875,546.1900024414062,544.1900024414062,544.739990234375,6683031.0,1721829600.0,-0.002383594210173722,-0.002383594210173722,-0.5172691175715519,-0.5172691175715519
2024-07-24 15:00:00,544.760009765625,545.280029296875,543.8900146484375,544.1995239257812,4671278.0,1721833200.0,-0.0009926471506354366,-0.0009926471506354366,-0.20326264149658213,-0.20326264149658213
2024-07-24 16:00:00,544.2689819335938,545.030029296875,543.6300048828125,544.3040161132812,5188485.0,1721836800.0,0.00019199237113595486,0.00019199237113595486,0.06416988161759707,0.06416988161759707
2024-07-24 17:00:00,544.2849731445312,544.9500122070312,543.1799926757812,543.3599853515625,4494870.0,1721840400.0,-0.0017358871811545937,-0.0017358871811545937,-0.37104917316993213,-0.37104917316993213
2024-07-24 18:00:00,543.35498046875,543.589599609375,541.489990234375,541.6500244140625,9631294.0,1721844000.0,-0.003151975258858522,-0.003151975258858522,-0.6907312373019706,-0.6907312373019706
2024-07-24 19:00:00,541.655029296875,542.9000244140625,540.2899780273438,541.2100219726562,16010792.0,1721847600.0,-0.0008126672825177927,-0.0008126672825177927,-0.16263216331661542,-0.16263216331661542
2024-07-25 13:00:00,541.3499755859375,541.6199951171875,537.4500122070312,540.5999755859375,12824669.0,1721912400.0,0.003518465650650994,0.003518465650650994,0.8151216486854185,0.8151216486854185
2024-07-25 14:00:00,540.5800170898438,544.6296997070312,540.02001953125,543.22998046875,7899285.0,1721916000.0,0.004853178361116218,0.004337416910343824,0.9999999999999998,0.9999999999999998
2024-07-25 15:00:00,543.219970703125,546.3800048828125,542.4000244140625,546.1500244140625,5163022.0,1721919600.0,0.005360940949255909,0.004337416910343824,0.9999999999999998,0.9999999999999998
2024-07-25 16:00:00,546.1799926757812,547.4550170898438,544.4605102539062,544.719970703125,5362837.0,1721923200.0,-0.0026218606003264914,-0.0026218606003264914,-0.5710577855340911,-0.5710577855340911
2024-07-25 17:00:00,544.719970703125,545.0999755859375,542.530029296875,542.969970703125,4399882.0,1721926800.0,-0.003217831559166045,-0.003217831559166045,-0.7055983054948929,-0.7055983054948929
2024-07-25 18:00:00,542.9500122070312,543.6799926757812,540.52001953125,543.1400146484375,7501788.0,1721930400.0,0.00031312472768920525,0.00031312472768920525,0.09151552655721744,0.09151552655721744
2024-07-25 19:00:00,543.1300048828125,543.3099975585938,538.1300048828125,538.3400268554688,10394986.0,1721934000.0,-0.00887675986127039,-0.004521935781517176,-1.0,-1.0
2024-07-26 13:00:00,542.280029296875,544.6300048828125,541.489990234375,543.6309204101562,9842268.0,1721998800.0,-0.0007718493083780047,-0.0007718493083780047,-0.15341750044913818,-0.15341750044913818
2024-07-26 14:00:00,543.6300048828125,544.030029296875,541.6699829101562,543.2100219726562,5445711.0,1722002400.0,-0.000774535522408324,-0.000774535522408324,-0.15402391360904932,-0.15402391360904932
2024-07-26 15:00:00,543.2100219726562,546.02001953125,542.8889770507812,545.5712280273438,7755037.0,1722006000.0,0.004337344634434642,0.004337344634434642,0.9999836837042848,0.9999836837042848
2024-07-26 16:00:00,545.5700073242188,547.1900024414062,545.2999877929688,547.0499877929688,3270563.0,1722009600.0,0.00270681302376248,0.00270681302376248,0.6318909646571889,0.6318909646571889
2024-07-26 17:00:00,547.0499877929688,547.1300048828125,544.010009765625,544.489990234375,6334187.0,1722013200.0,-0.004690624812415518,-0.004521935781517176,-1.0,-1.0
2024-07-26 18:00:00,544.510009765625,545.0700073242188,543.030029296875,544.760009765625,0.0,1722016800.0,0.0004957898311334315,0.0004957898311334315,0.13275219695460183,0.13275219695460183
2024-07-26 19:00:00,544.75,544.8400268554688,542.7249755859375,544.3800048828125,46246282.0,1722020400.0,-0.0006978072481433427,-0.0006978072481433427,-0.13670249590875375,-0.13670249590875375
2024-07-29 13:00:00,546.02001953125,547.0399780273438,544.75,545.3699951171875,8329658.0,1722258000.0,-0.00384428022806739,-0.00384428022806739,-0.8470191723888945,-0.8470191723888945
2024-07-29 14:00:00,545.3900146484375,545.6500244140625,543.3499755859375,544.1500244140625,4972352.0,1722261600.0,-0.0022394654363795843,-0.0022394654363795843,-0.4847320285071224,-0.4847320285071224
2024-07-29 15:00:00,544.1500244140625,546.780029296875,542.719970703125,545.9962768554688,3842651.0,1722265200.0,0.0033871677671382483,0.0033871677671382483,0.7854811347383063,0.7854811347383063
2024-07-29 16:00:00,546.0,547.0499877929688,545.2999877929688,545.3099975585938,2557957.0,1722268800.0,-0.001257720959608858,-0.001257720959608858,-0.2631030876765705,-0.2631030876765705
2024-07-29 17:00:00,545.3200073242188,545.989990234375,544.5900268554688,544.9600219726562,2466952.0,1722272400.0,-0.0006419980219368104,-0.0006419980219368104,-0.1241035559754099,-0.1241035559754099
2024-07-29 18:00:00,544.9400024414062,545.64501953125,544.4600219726562,545.4299926757812,3007235.0,1722276000.0,0.0008620231768699892,0.0008620231768699892,0.2154294214595056,0.2154294214595056
2024-07-29 19:00:00,545.4299926757812,546.0499877929688,544.52001953125,544.760009765625,6371515.0,1722279600.0,-0.0012291123437237184,-0.0012291123437237184,-0.2566446889921108,-0.2566446889921108
2024-07-30 13:00:00,546.260009765625,547.3400268554688,544.780029296875,544.9600219726562,7504304.0,1722344400.0,-0.004760701333266539,-0.004521935781517176,-1.0,-1.0
2024-07-30 14:00:00,544.97998046875,545.0800170898438,541.2135009765625,542.1400146484375,6578602.0,1722348000.0,-0.005188140106121129,-0.004521935781517176,-1.0,-1.0
2024-07-30 15:00:00,542.1199951171875,542.3900146484375,540.0999755859375,540.8099975585938,4738584.0,1722351600.0,-0.0024562865202564315,-0.0024562865202564315,-0.5336794158430027,-0.5336794158430027
2024-07-30 16:00:00,540.8099975585938,541.1500244140625,538.5150146484375,540.5125732421875,4459098.0,1722355200.0,-0.0005501121162885169,-0.0005501121162885169,-0.10336030105731454,-0.10336030105731454
2024-07-30 17:00:00,540.5,542.6599731445312,540.1900024414062,541.9351196289062,3811063.0,1722358800.0,0.002628389741234122,0.002628389741234122,0.6141868986252755,0.6141868986252755
2024-07-30 18:00:00,541.9099731445312,542.219970703125,540.77001953125,541.719970703125,3851350.0,1722362400.0,-0.0003970800866948618,-0.0003970800866948618,-0.06881330086073267,-0.06881330086073267
2024-07-30 19:00:00,541.7100219726562,543.655029296875,541.25,541.9099731445312,8810410.0,1722366000.0,0.0003506777280051132,0.0003506777280051132,0.09999312116757933,0.09999312116757933
2024-07-31 13:00:00,548.97998046875,550.5499877929688,547.5798950195312,550.2999877929688,10236612.0,1722430800.0,0.0019835735509646604,0.0019835735509646604,0.46861956144005484,0.46861956144005484
2024-07-31 14:00:00,550.2899780273438,551.280029296875,549.6199951171875,551.1199951171875,4619368.0,1722434400.0,0.0014890005419310895,0.0014890005419310895,0.3569696415789954,0.3569696415789954
2024-07-31 15:00:00,551.1199951171875,551.7100219726562,550.280029296875,550.5100708007812,3353576.0,1722438000.0,-0.0011073125136960302,-0.0011073125136960302,-0.2291483618305148,-0.2291483618305148
2024-07-31 16:00:00,550.5,550.97998046875,549.9199829101562,550.338623046875,4039165.0,1722441600.0,-0.00031148286999042033,-0.00031148286999042033,-0.04948971827369361,-0.04948971827369361
2024-07-31 17:00:00,550.3300170898438,551.3049926757812,548.6599731445312,550.9550170898438,5407430.0,1722445200.0,0.001119400103421964,0.001119400103421964,0.27353229545128704,0.27353229545128704
2024-07-31 18:00:00,550.9600219726562,553.5,549.22998046875,549.6799926757812,12032711.0,1722448800.0,-0.0023168897465700887,-0.0023168897465700887,-0.5022105764063687,-0.5022105764063687
2024-07-31 19:00:00,549.6599731445312,552.2667846679688,549.280029296875,550.4299926757812,15135770.0,1722452400.0,0.0013635002430344974,0.0013635002430344974,0.3286379330983323,0.3286379330983323
2024-08-01 13:00:00,552.5700073242188,554.8687744140625,549.8099975585938,549.830078125,11895611.0,1722517200.0,-0.006982172451382632,-0.004521935781517176,-1.0,-1.0
2024-08-01 14:00:00,549.8699951171875,550.25,546.0,546.1699829101562,8288522.0,1722520800.0,-0.006679030323432152,-0.004521935781517176,-1.0,-1.0
2024-08-01 15:00:00,546.1099853515625,546.5800170898438,544.1699829101562,545.030029296875,7656258.0,1722524400.0,-0.0020893585323070777,-0.0020893585323070777,-0.45084537576997413,-0.45084537576997413
2024-08-01 16:00:00,545.0499877929688,545.0499877929688,541.8200073242188,542.2999877929688,0.0,1722528000.0,-0.005021561435332851,-0.004521935781517176,-1.0,-1.0
2024-08-01 17:00:00,542.2999877929688,542.859619140625,539.8198852539062,540.260009765625,43649411.0,1722531600.0,-0.0037688080967026704,-0.0037688080967026704,-0.829981329108526,-0.829981329108526
2024-08-01 18:00:00,540.239990234375,541.7000122070312,539.4299926757812,541.469970703125,7814437.0,1722535200.0,0.002237085897508547,0.002237085897508547,0.5258500060021696,0.5258500060021696
2024-08-01 19:00:00,541.4600219726562,543.469970703125,541.1599731445312,543.0399780273438,13590112.0,1722538800.0,0.002895332445462326,0.002895332445462326,0.6744492481473668,0.6744492481473668
2024-08-02 13:00:00,535.75,536.989990234375,529.5900268554688,530.47998046875,20376913.0,1722603600.0,-0.004756893756641217,-0.004521935781517176,-1.0,-1.0
2024-08-02 14:00:00,530.47998046875,531.5,528.5999755859375,529.4199829101562,11037405.0,1722607200.0,-0.0020001848261459398,-0.0020001848261459398,-0.4307144002319846,-0.4307144002319846
2024-08-02 15:00:00,529.4299926757812,533.2100219726562,529.2000122070312,532.719970703125,10348217.0,1722610800.0,0.006213867391085495,0.004337416910343824,0.9999999999999998,0.9999999999999998
2024-08-02 16:00:00,532.7000122070312,533.52001953125,530.510009765625,530.5800170898438,6167133.0,1722614400.0,-0.004025122782042651,-0.004025122782042651,-0.8878444020112346,-0.8878444020112346
2024-08-02 17:00:00,530.5700073242188,531.780029296875,529.5399780273438,531.75,5934159.0,1722618000.0,0.0022026740549085256,0.0022026740549085256,0.5180815281467536,0.5180815281467536
2024-08-02 18:00:00,531.72998046875,532.6179809570312,530.6300048828125,532.3200073242188,6697640.0,1722621600.0,0.0010713719488723748,0.0010713719488723748,0.2626899334367999,0.2626899334367999
2024-08-02 19:00:00,532.3499755859375,533.1699829101562,530.52001953125,532.989990234375,12026320.0,1722625200.0,0.0012578179122013703,0.0012578179122013703,0.3047801334353351,0.3047801334353351
2024-08-05 13:00:00,511.0,520.9299926757812,510.6799926757813,514.6400146484375,46359416.0,1722862800.0,0.0086940680629876,0.004337416910343824,0.9999999999999998,0.9999999999999998
2024-08-05 14:00:00,514.6699829101562,521.0,514.6199951171875,519.6799926757812,13547487.0,1722866400.0,0.00974556787334006,0.004337416910343824,0.9999999999999998,0.9999999999999998
2024-08-05 15:00:00,519.6749877929688,523.5800170898438,519.0999755859375,523.5700073242188,10599758.0,1722870000.0,0.007457527298202656,0.004337416910343824,0.9999999999999998,0.9999999999999998
2024-08-05 16:00:00,523.5499877929688,523.5499877929688,518.25,519.6599731445312,10033675.0,1722873600.0,-0.007496050845666997,-0.004521935781517176,-1.0,-1.0
2024-08-05 17:00:00,519.6400146484375,520.8800048828125,517.72998046875,518.9500122070312,8016406.0,1722877200.0,-0.0013671369582294991,-0.0013671369582294991,-0.28780376331874474,-0.28780376331874474
2024-08-05 18:00:00,518.9099731445312,519.4000244140625,515.3300170898438,516.4299926757812,11457008.0,1722880800.0,-0.004867825330804483,-0.004521935781517176,-1.0,-1.0
2024-08-05 19:00:00,516.4849853515625,517.75,514.8800048828125,517.4099731445312,23130187.0,1722884400.0,0.001895807464714558,0.001895807464714558,0.448806356276492,0.448806356276492
2024-08-06 13:00:00,519.219970703125,524.2899780273438,517.8699951171875,522.9299926757812,17331704.0,1722949200.0,-0.0029279486506121077,-0.0029279486506121077,-0.640157201920757,-0.640157201920757
2024-08-06 14:00:00,523.0,526.510009765625,522.1500244140625,522.4199829101562,8535031.0,1722952800.0,-0.0009757685330315846,-0.0009757685330315846,-0.19945229142002222,-0.19945229142002222
2024-08-06 15:00:00,522.4600219726562,526.9550170898438,522.4099731445312,525.97998046875,5935765.0,1722956400.0,0.006791322712334528,0.004337416910343824,0.9999999999999998,0.9999999999999998
2024-08-06 16:00:00,526.02001953125,528.1561279296875,525.510009765625,527.85009765625,5165523.0,1722960000.0,0.0035491853751950914,0.0035491853751950914,0.8220566304188626,0.8220566304188626
2024-08-06 17:00:00,527.8800048828125,528.9099731445312,526.9000244140625,528.8903198242188,6679981.0,1722963600.0,0.0019687379923150196,0.0019687379923150196,0.4652704321829546,0.4652704321829546
2024-08-06 18:00:00,528.9000244140625,529.75,525.010009765625,526.7203979492188,9526825.0,1722967200.0,-0.004111221863941148,-0.004111221863941148,-0.9072812807298333,-0.9072812807298333
2024-08-06 19:00:00,526.75,527.030029296875,521.969970703125,522.1900024414062,16469955.0,1722970800.0,-0.008638342565700537,-0.004521935781517176,-1.0,-1.0
2024-08-07 13:00:00,528.469970703125,531.5900268554688,527.9500122070312,528.75,12462130.0,1723035600.0,0.0029380701436785566,0.0029380701436785566,0.684097288969919,0.684097288969919
2024-08-07 14:00:00,528.780029296875,531.1500244140625,528.4600219726562,529.510009765625,5690523.0,1723039200.0,0.0014363386866636677,0.0014363386866636677,0.3450812210365326,0.3450812210365326
2024-08-07 15:00:00,529.5499877929688,530.0,525.8200073242188,527.6599731445312,5300276.0,1723042800.0,-0.003499983048253711,-0.003499983048253711,-0.7692940401385482,-0.7692940401385482
2024-08-07 16:00:00,527.6599731445312,527.8200073242188,522.2899780273438,523.6500244140625,7464716.0,1723046400.0,-0.007628517156880376,-0.004521935781517176,-1.0,-1.0
2024-08-07 17:00:00,523.6400146484375,524.9899291992188,519.4349975585938,520.6599731445312,9642084.0,1723050000.0,-0.00572638286944693,-0.004521935781517176,-1.0,-1.0
2024-08-07 18:00:00,520.6500244140625,522.0999755859375,518.8300170898438,521.0700073242188,9077928.0,1723053600.0,0.0007872178175735002,0.0007872178175735002,0.19854210205857198,0.19854210205857198
2024-08-07 19:00:00,521.0399780273438,521.7899780273438,518.0518798828125,518.6500244140625,10586185.0,1723057200.0,-0.004655074839980582,-0.004521935781517176,-1.0,-1.0
2024-08-08 13:00:00,523.9099731445312,527.989990234375,521.8400268554688,527.8699951171875,14881525.0,1723122000.0,0.0004949132019072929,0.0004949132019072929,0.1325542977950066,0.1325542977950066
2024-08-08 14:00:00,527.8200073242188,528.47998046875,526.405029296875,527.8200073242188,6216281.0,1723125600.0,-9.470165084545933e-05,-9.470165084545933e-05,-0.0005513304061204455,-0.0005513304061204455
2024-08-08 15:00:00,527.8099975585938,529.0161743164062,526.8499755859375,528.3905029296875,4473111.0,1723129200.0,0.0010802688581681322,0.0010802688581681322,0.26469841184491905,0.26469841184491905
2024-08-08 16:00:00,527.8300170898438,529.97998046875,526.6500244140625,529.9500122070312,5635581.0,1723132800.0,0.002947086280408006,0.002947086280408006,0.6861326829863988,0.6861326829863988
2024-08-08 17:00:00,529.9600219726562,531.2899780273438,529.6900024414062,530.3499755859375,5416062.0,1723136400.0,0.0007544344100377896,0.0007544344100377896,0.19114124362659457,0.19114124362659457
2024-08-08 18:00:00,530.3599853515625,530.9099731445312,529.030029296875,529.3099975585938,5697553.0,1723140000.0,-0.0019628529671818283,-0.0019628529671818283,-0.42228672830999237,-0.42228672830999237
2024-08-08 19:00:00,529.3200073242188,531.030029296875,528.2000122070312,530.6300048828125,11530566.0,1723143600.0,0.002490722123117627,0.002490722123117627,0.5831084162790499,0.5831084162790499
2024-08-09 13:00:00,529.8099975585938,531.8099975585938,528.5599975585938,530.6099853515625,10172724.0,1723208400.0,0.0011059477793425208,0.0011059477793425208,0.2704954315748096,0.2704954315748096
2024-08-09 14:00:00,530.6500244140625,532.64990234375,529.3800048828125,530.8400268554688,5228287.0,1723212000.0,0.00043344765153755996,0.00043344765153755996,0.11867844196048255,0.11867844196048255
2024-08-09 15:00:00,530.9000244140625,531.8400268554688,529.7999877929688,530.2999877929688,3891265.0,1723215600.0,-0.001017847035582444,-0.001017847035582444,-0.20895151873705103,-0.20895151873705103
2024-08-09 16:00:00,530.2899780273438,534.1400146484375,530.22998046875,534.1199951171875,3739542.0,1723219200.0,0.007177662549994724,0.004337416910343824,0.9999999999999998,0.9999999999999998
2024-08-09 17:00:00,534.1300048828125,534.510009765625,531.6900024414062,532.02001953125,4963381.0,1723222800.0,-0.003939404342508164,-0.003939404342508164,-0.8684934533548534,-0.8684934533548534
2024-08-09 18:00:00,532.010009765625,533.1599731445312,531.469970703125,532.72998046875,4672061.0,1723226400.0,0.0013335732194735784,0.0013335732194735784,0.321881903712932,0.321881903712932
2024-08-09 19:00:00,532.739990234375,533.4099731445312,532.0599975585938,532.9099731445312,6570541.0,1723230000.0,0.0003378114284897049,0.0003378114284897049,0.09708855241116704,0.09708855241116704
2024-08-12 13:00:00,534.2100219726562,534.72998046875,530.9500122070312,534.1900024414062,8867594.0,1723467600.0,-0.0037141826308712193,-0.0037141826308712193,-0.8176496232308189,-0.8176496232308189
2024-08-12 14:00:00,534.1799926757812,535.72998046875,531.8599853515625,532.8900146484375,5825977.0,1723471200.0,-0.0024365341216872035,-0.0024365341216872035,-0.5292203093470226,-0.5292203093470226
2024-08-12 15:00:00,532.8599853515625,535.1500244140625,532.1300048828125,534.0800170898438,4615615.0,1723474800.0,0.0022306211035547315,0.0022306211035547315,0.5243905779426559,0.5243905779426559
2024-08-12 16:00:00,534.0700073242188,534.5599975585938,532.0999755859375,533.4299926757812,3206347.0,1723478400.0,-0.0012178330665841004,-0.0012178330665841004,-0.2540983907394224,-0.2540983907394224
2024-08-12 17:00:00,533.4398803710938,533.8707885742188,531.760009765625,532.6400146484375,3317896.0,1723482000.0,-0.0014820380772577564,-0.0014820380772577564,-0.3137427055924429,-0.3137427055924429
2024-08-12 18:00:00,532.6199951171875,533.2598876953125,532.3599853515625,532.6300048828125,4464016.0,1723485600.0,-1.8792917179227006e-05,-1.8792917179227006e-05,0.01658507589949349,0.01658507589949349
2024-08-12 19:00:00,532.6500244140625,533.2999877929688,531.7650146484375,533.260009765625,6820871.0,1723489200.0,0.001182120007728591,0.001182120007728591,0.2876913218470298,0.2876913218470298
2024-08-13 13:00:00,536.530029296875,538.4500122070312,536.280029296875,537.47998046875,10833544.0,1723554000.0,0.002034374284478262,0.002034374284478262,0.4800878335092483,0.4800878335092483
2024-08-13 14:00:00,537.4600219726562,538.97998046875,536.3300170898438,538.698974609375,4939399.0,1723557600.0,0.0022654125621126677,0.0022654125621126677,0.5322447541489826,0.5322447541489826
2024-08-13 15:00:00,538.6900024414062,540.1749877929688,538.510009765625,539.6900024414062,4126591.0,1723561200.0,0.0018379789335934648,0.0018379789335934648,0.4357515580011689,0.4357515580011689
2024-08-13 16:00:00,539.7000122070312,541.1199951171875,539.27001953125,540.7449951171875,3943749.0,1723564800.0,0.0019529041792655708,0.0019529041792655708,0.46169594686779264,0.46169594686779264
2024-08-13 17:00:00,540.75,541.030029296875,539.47998046875,540.9199829101562,3740808.0,1723568400.0,0.00032355266750796785,0.00032355266750796785,0.09386963530115369,0.09386963530115369
2024-08-13 18:00:00,540.9199829101562,541.689697265625,540.6099853515625,541.2098999023438,5081258.0,1723572000.0,0.0005358266206835768,0.0005358266206835768,0.14179050730134463,0.14179050730134463
2024-08-13 19:00:00,541.2000122070312,542.280029296875,540.9400024414062,542.010009765625,11211384.0,1723575600.0,0.0014772808395610523,0.0014772808395610523,0.3543239172743735,0.3543239172743735
2024-08-14 13:00:00,542.8499755859375,543.27001953125,540.8400268554688,541.864990234375,8883670.0,1723640400.0,0.0027585079388539827,0.0027585079388539827,0.6435610983316263,0.6435610983316263
2024-08-14 14:00:00,541.885009765625,543.15771484375,540.1199951171875,543.15771484375,4040077.0,1723644000.0,0.0023828537688622277,0.0023828537688622277,0.5587571215496963,0.5587571215496963
2024-08-14 15:00:00,543.2000122070312,544.9600219726562,542.1400146484375,542.64501953125,5233618.0,1723647600.0,-0.0009443618704787275,-0.0009443618704787275,-0.19236223334349703,-0.19236223334349703
2024-08-14 16:00:00,542.6500244140625,543.5499267578125,541.7999877929688,543.219970703125,3052549.0,1723651200.0,0.001058973686003575,0.001058973686003575,0.2598910240130471,0.2598910240130471
2024-08-14 17:00:00,543.1599731445312,543.6199951171875,542.6300048828125,543.3775024414062,2621178.0,1723654800.0,0.0002899541794977303,0.0002899541794977303,0.08628477234810654,0.08628477234810654
2024-08-14 18:00:00,543.3499755859375,544.3499755859375,542.844970703125,543.1099853515625,4281689.0,1723658400.0,-0.0004924439503546377,-0.0004924439503546377,-0.09034170524345597,-0.09034170524345597
2024-08-14 19:00:00,543.1099853515625,544.6900024414062,542.75,543.780029296875,9232808.0,1723662000.0,0.001232956455877747,0.001232956455877747,0.2991676564997542,0.2991676564997542
2024-08-15 13:00:00,549.5,550.6699829101562,548.8800048828125,550.4000244140625,12682283.0,1723726800.0,0.0012185504680245279,0.0012185504680245279,0.2959155029047283,0.2959155029047283
2024-08-15 14:00:00,550.4000244140625,551.8900146484375,550.3599853515625,551.385009765625,6066522.0,1723730400.0,0.0017879814726333204,0.0017879814726333204,0.42446462481335784,0.42446462481335784
2024-08-15 15:00:00,551.3900146484375,552.7100219726562,551.280029296875,552.5800170898438,4416469.0,1723734000.0,0.00216493776866843,0.00216493776866843,0.5095625567156323,0.5095625567156323
2024-08-15 16:00:00,552.5800170898438,552.6199951171875,551.260986328125,552.0499877929688,3837627.0,1723737600.0,-0.0009596504444180074,-0.0009596504444180074,-0.1958136308600053,-0.1958136308600053
2024-08-15 17:00:00,552.0399780273438,552.9199829101562,552.030029296875,552.7999877929688,4249066.0,1723741200.0,0.0013576505983142857,0.0013576505983142857,0.32731737505675307,0.32731737505675307
2024-08-15 18:00:00,552.8099975585938,553.1799926757812,552.4500122070312,553.0700073242188,6283719.0,1723744800.0,0.0004883386615214203,0.0004883386615214203,0.13107009446446022,0.13107009446446022
2024-08-15 19:00:00,553.0700073242188,553.3599853515625,551.9099731445312,553.0678100585938,14488745.0,1723748400.0,-3.972860507019255e-06,-3.972860507019255e-06,0.01993070558321131,0.01993070558321131
2024-08-16 13:00:00,551.4199829101562,553.6199951171875,551.260009765625,552.968017578125,7324404.0,1723813200.0,-0.0010782195631208985,-0.0010782195631208985,-0.22258062452802335,-0.22258062452802335
2024-08-16 14:00:00,552.9384155273438,553.1599731445312,551.64501953125,552.6799926757812,8117959.0,1723816800.0,-0.0005210065159759027,-0.0005210065159759027,-0.09678970807497325,-0.09678970807497325
2024-08-16 15:00:00,552.6799926757812,554.1599731445312,552.469970703125,553.89501953125,3677834.0,1723820400.0,0.002196014423517778,0.002196014423517778,0.5165781155110052,0.5165781155110052
2024-08-16 16:00:00,553.9000244140625,555.02001953125,553.77001953125,554.5900268554688,4499427.0,1723824000.0,0.0012539770699780673,0.0012539770699780673,0.3039130628136109,0.3039130628136109
2024-08-16 17:00:00,554.5899047851562,554.8599853515625,553.8099975585938,554.2899780273438,4114947.0,1723827600.0,-0.0005411745799847128,-0.0005411745799847128,-0.10134265109694782,-0.10134265109694782
2024-08-16 18:00:00,554.2899780273438,554.72998046875,553.9000244140625,554.0999755859375,3034119.0,1723831200.0,-0.00034284403724148537,-0.00034284403724148537,-0.05656950578003732,-0.05656950578003732
2024-08-16 19:00:00,554.094970703125,554.4600219726562,553.5499877929688,554.260009765625,6563230.0,1723834800.0,0.00028877653995942263,0.00028877653995942263,0.08601892007215199,0.08601892007215199
2024-08-19 13:00:00,554.72998046875,555.6799926757812,553.8599853515625,555.35498046875,6444648.0,1724072400.0,0.0024047922792324538,0.0024047922792324538,0.5637097430635414,0.5637097430635414
2024-08-19 14:00:00,555.3599853515625,556.75,555.27001953125,556.5150146484375,3461511.0,1724076000.0,0.00208663711708413,0.00208663711708413,0.4918861746349789,0.4918861746349789
2024-08-19 15:00:00,556.510009765625,556.9600219726562,555.780029296875,556.77001953125,3258096.0,1724079600.0,0.00045811248591897806,0.00045811248591897806,0.12424653146753592,0.12424653146753592
2024-08-19 16:00:00,556.77001953125,557.469970703125,556.5,557.1199951171875,2728292.0,1724083200.0,0.0006283844775539425,0.0006283844775539425,0.16268545529351514,0.16268545529351514
2024-08-19 17:00:00,557.1300048828125,557.760009765625,556.8900146484375,557.7000122070312,3245391.0,1724086800.0,0.0010405574682335248,0.0010405574682335248,0.2557335605028814,0.2557335605028814
2024-08-19 18:00:00,557.7000122070312,558.47998046875,557.6900024414062,558.2000122070312,4171133.0,1724090400.0,0.0008961376871076576,0.0008961376871076576,0.2231307764962024,0.2231307764962024
2024-08-19 19:00:00,558.2000122070312,559.5800170898438,557.9400024414062,559.5599975585938,9512170.0,1724094000.0,0.002433413274364127,0.002433413274364127,0.5701709363644847,0.5701709363644847
2024-08-20 13:00:00,559.1500244140625,560.8400268554688,558.7899780273438,559.1099853515625,7547258.0,1724158800.0,-0.0028143162352677353,-0.0028143162352677353,-0.6145046696654907,-0.6145046696654907
2024-08-20 14:00:00,559.0999755859375,559.22998046875,557.8800048828125,557.969970703125,4749519.0,1724162400.0,-0.002041062572159662,-0.002041062572159662,-0.439942556607625,-0.439942556607625
2024-08-20 15:00:00,557.9600219726562,559.4299926757812,557.8400268554688,558.5850219726562,3124326.0,1724166000.0,0.0011016946514495615,0.0011016946514495615,0.26953528741058264,0.26953528741058264
2024-08-20 16:00:00,558.5800170898438,558.75,557.3250122070312,558.1798706054688,2348186.0,1724169600.0,-0.0007255804469767992,-0.0007255804469767992,-0.14297229908725714,-0.14297229908725714
2024-08-20 17:00:00,558.1699829101562,559.7399291992188,557.6900024414062,559.409912109375,3198662.0,1724173200.0,0.00220124059759131,0.00220124059759131,0.5177579249745867,0.5177579249745867
2024-08-20 18:00:00,559.3900146484375,559.47998046875,558.6400146484375,558.6799926757812,3088920.0,1724176800.0,-0.0013056544633183141,-0.0013056544633183141,-0.273924082251827,-0.273924082251827
2024-08-20 19:00:00,558.6699829101562,559.1699829101562,558.4000244140625,558.6199951171875,5492436.0,1724180400.0,-0.00010739740321655345,-0.00010739740321655345,-0.0034173981229543363,-0.0034173981229543363
2024-08-21 13:00:00,559.77001953125,560.8494873046875,559.0803833007812,560.1594848632812,6457050.0,1724245200.0,6.345548890975338e-06,6.345548890975338e-06,0.02226008782069103,0.02226008782069103
2024-08-21 14:00:00,560.1799926757812,562.1099853515625,558.5499877929688,560.0,5958883.0,1724248800.0,-0.00028475385248984543,-0.00028475385248984543,-0.04345563916425019,-0.04345563916425019
2024-08-21 15:00:00,559.7999877929688,560.1799926757812,557.989990234375,559.4299926757812,3565171.0,1724252400.0,-0.001018388603506815,-0.001018388603506815,-0.20907377776504263,-0.20907377776504263
2024-08-21 16:00:00,559.4299926757812,560.3699951171875,559.3499755859375,560.02001953125,2118771.0,1724256000.0,0.0010541371274671802,0.0010541371274671802,0.25879917030666105,0.25879917030666105
2024-08-21 17:00:00,560.02001953125,561.27001953125,559.8800048828125,561.2526245117188,2777441.0,1724259600.0,0.0021985829825202047,0.0021985829825202047,0.5171579680333653,0.5171579680333653
2024-08-21 18:00:00,561.25,561.7100219726562,559.219970703125,560.0999755859375,5619256.0,1724263200.0,-0.0020558196086462735,-0.0020558196086462735,-0.4432739594764077,-0.4432739594764077
2024-08-21 19:00:00,560.0800170898438,561.0499877929688,559.75,560.7000122070312,7956642.0,1724266800.0,0.0010707292736535689,0.0010707292736535689,0.26254484942419565,0.26254484942419565
2024-08-22 13:00:00,562.5599975585938,563.1799926757812,560.5300903320312,561.1099853515625,7779561.0,1724331600.0,-0.004391755889705088,-0.004391755889705088,-0.9706118728218863,-0.9706118728218863
2024-08-22 14:00:00,561.0999755859375,561.2498779296875,559.0399780273438,559.1683959960938,3373442.0,1724335200.0,-0.003466265763602074,-0.003466265763602074,-0.7616823588285553,-0.7616823588285553
2024-08-22 15:00:00,559.1599731445312,559.9199829101562,557.0599975585938,559.6799926757812,5967896.0,1724338800.0,0.0009145058803716205,0.0009145058803716205,0.2272773984679944,0.2272773984679944
2024-08-22 16:00:00,559.6799926757812,560.0700073242188,556.8900146484375,557.4801025390625,5684103.0,1724342400.0,-0.0039383665593371725,-0.0039383665593371725,-0.8682591736716561,-0.8682591736716561
2024-08-22 17:00:00,557.4400024414062,557.4998779296875,555.239990234375,557.0499267578125,5036659.0,1724346000.0,-0.0007719411613933281,-0.0007719411613933281,-0.15343823627906125,-0.15343823627906125
2024-08-22 18:00:00,557.0399780273438,557.2999877929688,555.5499877929688,555.780029296875,4618392.0,1724349600.0,-0.0022822858159979756,-0.0022822858159979756,-0.4943987346667563,-0.4943987346667563
2024-08-22 19:00:00,555.8300170898438,556.489990234375,554.97998046875,556.2100219726562,11678695.0,1724353200.0,0.0007733750796100934,0.0007733750796100934,0.19541710219800112,0.19541710219800112
2024-08-23 13:00:00,559.530029296875,563.0900268554688,558.8300170898438,562.6900024414062,11312741.0,1724418000.0,-0.00017218889550436306,-0.00017218889550436306,-0.01804408576963374,-0.01804408576963374
2024-08-23 14:00:00,562.7100219726562,562.8499755859375,558.3499755859375,561.64501953125,8056368.0,1724421600.0,-0.001858846679378285,-0.001858846679378285,-0.3988072955746656,-0.3988072955746656
2024-08-23 15:00:00,561.6599731445312,562.5,558.010009765625,558.5599975585938,5112187.0,1724425200.0,-0.005507973495883725,-0.004521935781517176,-1.0,-1.0
2024-08-23 16:00:00,558.5900268554688,560.4299926757812,557.2899780273438,560.27001953125,3424305.0,1724428800.0,0.003056806267408187,0.003056806267408187,0.7109019840440212,0.7109019840440212
2024-08-23 17:00:00,560.27001953125,561.02001953125,560.1599731445312,560.8599853515625,3169473.0,1724432400.0,0.001052448640566676,0.001052448640566676,0.2584179941735435,0.2584179941735435
2024-08-23 18:00:00,560.8599853515625,562.27001953125,560.1622924804688,562.1699829101562,4040627.0,1724436000.0,0.0023329709620972835,0.0023329709620972835,0.5474960715610733,0.5474960715610733
2024-08-23 19:00:00,562.1699829101562,562.6799926757812,560.7100219726562,562.0900268554688,8564694.0,1724439600.0,-0.00014223765699705949,-0.00014223765699705949,-0.011282589856999065,-0.011282589856999065
2024-08-26 13:00:00,563.1799926757812,563.9099731445312,561.5,561.9000244140625,8075477.0,1724677200.0,-0.0029772935002701627,-0.0029772935002701627,-0.6512968080238953,-0.6512968080238953
2024-08-26 14:00:00,561.9000244140625,561.9199829101562,560.1599731445312,560.6400146484375,4042638.0,1724680800.0,-0.0022449271312400217,-0.0022449271312400217,-0.48596500681838317,-0.48596500681838317
2024-08-26 15:00:00,560.6300048828125,561.2327270507812,559.719970703125,561.1500244140625,2940034.0,1724684400.0,0.0009092785334238682,0.0009092785334238682,0.22609732422790813,0.22609732422790813
2024-08-26 16:00:00,561.1799926757812,561.7100219726562,560.8400268554688,560.9600219726562,2268450.0,1724688000.0,-0.00033865206685196797,-0.00033865206685196797,-0.05562316793001165,-0.05562316793001165
2024-08-26 17:00:00,560.9600219726562,561.0999755859375,559.0499877929688,560.260009765625,3461960.0,1724691600.0,-0.0012486617758663198,-0.0012486617758663198,-0.2610579757913961,-0.2610579757913961
2024-08-26 18:00:00,560.239990234375,560.9099731445312,560.022705078125,560.4500122070312,3069486.0,1724695200.0,0.00033907512113118016,0.00033907512113118016,0.09737383118613582,0.09737383118613582
2024-08-26 19:00:00,560.4500122070312,560.8300170898438,559.8499755859375,560.72998046875,7277793.0,1724698800.0,0.0004994171664973919,0.0004994171664973919,0.13357106837560145,0.13357106837560145
2024-08-27 13:00:00,559.489990234375,561.1300048828125,558.3200073242188,561.0750122070312,6634792.0,1724763600.0,-0.00044632535306055244,-0.00044632535306055244,-0.07993042602292015,-0.07993042602292015
2024-08-27 14:00:00,561.0399780273438,562.0499877929688,560.75,560.7899780273438,4020478.0,1724767200.0,-0.0005081434723463316,-0.0005081434723463316,-0.09388587433520393,-0.09388587433520393
2024-08-27 15:00:00,560.780029296875,561.1900024414062,559.8109741210938,560.8150024414062,2939155.0,1724770800.0,4.462250881973956e-05,4.462250881973956e-05,0.030901116405980086,0.030901116405980086
2024-08-27 16:00:00,560.780029296875,561.8699951171875,559.8499755859375,561.7899780273438,3868306.0,1724774400.0,0.0017369882514968668,0.0017369882514968668,0.41295289863875806,0.41295289863875806
2024-08-27 17:00:00,561.7999877929688,562.0599975585938,561.3800048828125,561.7750244140625,2122556.0,1724778000.0,-2.6618154267269747e-05,-2.6618154267269747e-05,0.014818527628933792,0.014818527628933792
2024-08-27 18:00:00,561.77001953125,561.8599853515625,561.1500244140625,561.52001953125,2983889.0,1724781600.0,-0.00045403011179943355,-0.00045403011179943355,-0.08166977629079229,-0.08166977629079229
2024-08-27 19:00:00,561.510009765625,561.8499755859375,561.1300048828125,561.5317993164062,5667588.0,1724785200.0,2.0978168520758693e-05,2.0978168520758693e-05,0.025563403568178135,0.025563403568178135
2024-08-28 13:00:00,561.2100219726562,561.6500244140625,560.4099731445312,561.1099853515625,3644318.0,1724850000.0,-0.004744292146916281,-0.004521935781517176,-1.0,-1.0
2024-08-28 14:00:00,561.0900268554688,561.3099975585938,557.7000122070312,558.3099975585938,4406687.0,1724853600.0,-0.00500257932686718,-0.004521935781517176,-1.0,-1.0
2024-08-28 15:00:00,558.3200073242188,558.6589965820312,556.8925170898438,557.5,4169393.0,1724857200.0,-0.0014518559658864892,-0.0014518559658864892,-0.30692909010132574,-0.30692909010132574
2024-08-28 16:00:00,557.5050048828125,558.8699951171875,557.3099975585938,557.9500122070312,2193792.0,1724860800.0,0.0008068711757966224,0.0008068711757966224,0.20297885018378828,0.20297885018378828
2024-08-28 17:00:00,557.9650268554688,558.2999877929688,555.0399780273438,555.72998046875,4362914.0,1724864400.0,-0.0039868448629501564,-0.0039868448629501564,-0.879203156894611,-0.879203156894611
2024-08-28 18:00:00,555.7349853515625,558.780029296875,555.5,558.5499877929688,4960488.0,1724868000.0,0.005061588514878153,0.004337416910343824,0.9999999999999998,0.9999999999999998
2024-08-28 19:00:00,558.5499877929688,559.3599853515625,558.0399780273438,558.3300170898438,8331313.0,1724871600.0,-0.0003939021291590024,-0.0003939021291590024,-0.06809587654173498,-0.06809587654173498
2024-08-29 13:00:00,560.3099975585938,561.9500122070312,559.3699951171875,561.7100219726562,8634333.0,1724936400.0,0.0004056494510501831,0.0004056494510501831,0.1124029946554182,0.1124029946554182
2024-08-29 14:00:00,561.7349853515625,563.1900024414062,561.469970703125,562.1199951171875,3930756.0,1724940000.0,0.0007295999510302729,0.0007295999510302729,0.1855348613385676,0.1855348613385676
2024-08-29 15:00:00,562.1300048828125,563.5399780273438,561.9199829101562,563.280029296875,2772863.0,1724943600.0,0.002061550675967088,0.002061550675967088,0.4862229073535919,0.4862229073535919
2024-08-29 16:00:00,563.27001953125,563.6799926757812,562.1500244140625,562.469970703125,2452729.0,1724947200.0,-0.0014391449852311185,-0.0014391449852311185,-0.30405958459737437,-0.30405958459737437
2024-08-29 17:00:00,562.4600219726562,562.8900146484375,560.3499755859375,560.5800170898438,3033242.0,1724950800.0,-0.003365754717934282,-0.003365754717934282,-0.7389919774511142,-0.7389919774511142
2024-08-29 18:00:00,560.5599975585938,560.5599975585938,557.1799926757812,559.125,6833570.0,1724954400.0,-0.0025989307659100075,-0.0025989307659100075,-0.5658813724903821,-0.5658813724903821
2024-08-29 19:00:00,559.1099853515625,559.6400146484375,557.6900024414062,558.2999877929688,6124025.0,1724958000.0,-0.0014766313013425197,-0.0014766313013425197,-0.3125221252400648,-0.3125221252400648
2024-08-30 13:00:00,560.77001953125,562.25,560.4099731445312,561.280029296875,6359632.0,1725022800.0,-0.0031533844304530777,-0.0031533844304530777,-0.6910493579691499,-0.6910493579691499
2024-08-30 14:00:00,561.280029296875,562.1699829101562,559.0700073242188,559.1900024414062,4213564.0,1725026400.0,-0.003730629504188112,-0.003730629504188112,-0.8213625069795384,-0.8213625069795384
2024-08-30 15:00:00,559.1799926757812,559.6699829101562,558.0,558.1099853515625,4472003.0,1725030000.0,-0.001933263112904849,-0.001933263112904849,-0.4156068149334399,-0.4156068149334399
2024-08-30 16:00:00,558.0700073242188,559.8400268554688,557.1400146484375,558.9099731445312,3234423.0,1725033600.0,0.0014323610310794824,0.0014323610310794824,0.3441832647811417,0.3441832647811417
2024-08-30 17:00:00,558.969970703125,560.0700073242188,558.5999755859375,559.6699829101562,3782082.0,1725037200.0,0.001358883427977996,0.001358883427977996,0.3275956865105556,0.3275956865105556
2024-08-30 18:00:00,559.7000122070312,561.9600219726562,559.6300048828125,561.8200073242188,7871811.0,1725040800.0,0.003834233148408501,0.003834233148408501,0.8864062015732608,0.8864062015732608
2024-08-30 19:00:00,561.8300170898438,564.2000122070312,561.2100219726562,563.5700073242188,14086087.0,1725044400.0,0.0031100354326374976,0.0031100354326374976,0.7229184748827281,0.7229184748827281
2024-09-03 13:00:00,560.469970703125,560.8099975585938,556.3214721679688,557.1900024414062,12476691.0,1725368400.0,-0.0012930817590459727,-0.0012930817590459727,-0.2710857926589786,-0.2710857926589786
2024-09-03 14:00:00,557.1799926757812,557.1799926757812,555.0999755859375,556.3800048828125,6437633.0,1725372000.0,-0.0014547764327721693,-0.0014547764327721693,-0.3075883858732083,-0.3075883858732083
2024-09-03 15:00:00,556.3900146484375,556.989990234375,555.2100219726562,555.6500244140625,3801328.0,1725375600.0,-0.0013128792467308541,-0.0013128792467308541,-0.2755550780285675,-0.2755550780285675
2024-09-03 16:00:00,555.6500244140625,555.8699951171875,554.6799926757812,555.6699829101562,3191446.0,1725379200.0,3.591854005042449e-05,3.591854005042449e-05,0.028936194346310576,0.028936194346310576
2024-09-03 17:00:00,555.6649780273438,555.72998046875,552.9400024414062,553.0399780273438,6054832.0,1725382800.0,-0.004744270203220957,-0.004521935781517176,-1.0,-1.0
2024-09-03 18:00:00,553.1300048828125,553.8200073242188,552.3099975585938,552.530029296875,6567183.0,1725386400.0,-0.0009225083228655074,-0.0009225083228655074,-0.18742879218288114,-0.18742879218288114
2024-09-03 19:00:00,552.530029296875,552.7550048828125,549.510009765625,552.1599731445312,13162015.0,1725390000.0,-0.000669972870883182,-0.000669972870883182,-0.1304188816926199,-0.1304188816926199
2024-09-04 13:00:00,550.2000122070312,552.780029296875,550.0250244140625,552.489990234375,10342650.0,1725454800.0,-0.0007207365381818644,-0.0007207365381818644,-0.14187878605906837,-0.14187878605906837
2024-09-04 14:00:00,552.489990234375,554.4299926757812,552.0905151367188,552.1400146484375,6740874.0,1725458400.0,-0.000633652166065649,-0.000633652166065649,-0.1222194779481679,-0.1222194779481679
2024-09-04 15:00:00,552.1300048828125,552.4171752929688,551.0700073242188,552.1199951171875,3660411.0,1725462000.0,-3.625872724751901e-05,-3.625872724751901e-05,0.012642167049202957,0.012642167049202957
2024-09-04 16:00:00,552.1099853515625,553.0900268554688,551.0399780273438,551.2150268554688,2745274.0,1725465600.0,-0.0016404237092721282,-0.0016404237092721282,-0.34949828221823387,-0.34949828221823387
2024-09-04 17:00:00,551.2000122070312,551.6500244140625,550.5800170898438,551.3599853515625,3512082.0,1725469200.0,0.0002629453693836783,0.0002629453693836783,0.08018753002048937,0.08018753002048937
2024-09-04 18:00:00,551.3499755859375,551.739990234375,549.4600219726562,550.719970703125,4725884.0,1725472800.0,-0.001161466945968696,-0.001161466945968696,-0.2413737318222563,-0.2413737318222563
2024-09-04 19:00:00,550.72998046875,551.9600219726562,550.0800170898438,550.8400268554688,8183849.0,1725476400.0,0.0002179747868207342,0.0002179747868207342,0.07003541527191229,0.07003541527191229
2024-09-05 13:00:00,551.2999877929688,553.7994995117188,550.6500244140625,552.969970703125,8643373.0,1725541200.0,-0.010208614838133952,-0.004521935781517176,-1.0,-1.0
2024-09-05 14:00:00,552.969970703125,553.5499877929688,547.8200073242188,547.9185791015625,5636074.0,1725544800.0,-0.009176999894555797,-0.004521935781517176,-1.0,-1.0
2024-09-05 15:00:00,548.0,548.6199951171875,547.0999755859375,548.5595092773438,5165773.0,1725548400.0,0.0011690707832144613,0.0011690707832144613,0.28474545774882815,0.28474545774882815
2024-09-05 16:00:00,548.5499877929688,549.2999877929688,547.780029296875,547.8198852539062,2780692.0,1725552000.0,-0.0013492120324881676,-0.0013492120324881676,-0.2837572090467156,-0.2837572090467156
2024-09-05 17:00:00,547.72998046875,550.9299926757812,547.72998046875,550.0,3779187.0,1725555600.0,0.0039717218484413225,0.0039717218484413225,0.9174442931392803,0.9174442931392803
2024-09-05 18:00:00,549.989990234375,551.1799926757812,548.1400146484375,549.2800903320312,3805060.0,1725559200.0,-0.001309784061804334,-0.001309784061804334,-0.27485633963668393,-0.27485633963668393
2024-09-05 19:00:00,549.469970703125,550.260009765625,548.0399780273438,549.5700073242188,7346436.0,1725562800.0,0.0005276734279460256,0.0005276734279460256,0.13994992300108497,0.13994992300108497
2024-09-06 13:00:00,549.9400024414062,551.5999755859375,544.6400146484375,544.7000122070312,12248379.0,1725627600.0,-0.005460912780814369,-0.004521935781517176,-1.0,-1.0
2024-09-06 14:00:00,544.6900024414062,545.5050048828125,541.0399780273438,541.5,13438311.0,1725631200.0,-0.005892140359141791,-0.004521935781517176,-1.0,-1.0
2024-09-06 15:00:00,541.489990234375,542.6500244140625,539.8400268554688,539.9000244140625,5437345.0,1725634800.0,-0.0029590839972041564,-0.0029590839972041564,-0.6471860103845294,-0.6471860103845294
2024-09-06 16:00:00,539.9140014648438,542.0,539.6599731445312,540.8300170898438,4438770.0,1725638400.0,0.001721045718392674,0.001721045718392674,0.40935386975737287,0.40935386975737287
2024-09-06 17:00:00,540.8300170898438,541.0499877929688,539.4400024414062,539.989990234375,3677853.0,1725642000.0,-0.00155442537872788,-0.00155442537872788,-0.3300841481307053,-0.3300841481307053
2024-09-06 18:00:00,540.0,541.8800048828125,539.5499877929688,541.3300170898438,6894920.0,1725645600.0,0.002478503185683728,0.002478503185683728,0.5803499895950948,0.5803499895950948
2024-09-06 19:00:00,541.3300170898438,541.7000122070312,539.6699829101562,540.4199829101562,13567032.0,1725649200.0,-0.0016825225687464983,-0.0016825225687464983,-0.3590021051133413,-0.3590021051133413
2024-09-09 13:00:00,544.4400024414062,546.24951171875,544.3699951171875,544.72998046875,8954097.0,1725886800.0,-0.002516646396957173,-0.002516646396957173,-0.547305665705748,-0.547305665705748
2024-09-09 14:00:00,544.719970703125,544.7700805664062,542.6799926757812,544.2000122070312,4260845.0,1725890400.0,-0.0009733744265047178,-0.0009733744265047178,-0.19891182156626727,-0.19891182156626727
2024-09-09 15:00:00,544.22998046875,547.0,544.1400146484375,546.8900146484375,4358833.0,1725894000.0,0.004930863311835658,0.004337416910343824,0.9999999999999998,0.9999999999999998
2024-09-09 16:00:00,546.9000854492188,547.7100219726562,546.77001953125,547.3300170898438,3101031.0,1725897600.0,0.000804230323626688,0.000804230323626688,0.20238267746964395,0.20238267746964395
2024-09-09 17:00:00,547.3200073242188,547.3300170898438,544.9000244140625,544.9697875976562,3848382.0,1725901200.0,-0.004321584889753427,-0.004321584889753427,-0.9547707606340565,-0.9547707606340565
2024-09-09 18:00:00,544.9600219726562,545.6300048828125,544.1799926757812,545.5900268554688,4449438.0,1725904800.0,0.0011374696123340967,0.0011374696123340967,0.27761148939256297,0.27761148939256297
2024-09-09 19:00:00,545.5800170898438,546.510009765625,544.97998046875,546.4299926757812,6385889.0,1725908400.0,0.0015383710388887262,0.0015383710388887262,0.36811503756328506,0.36811503756328506
2024-09-10 13:00:00,548.3599853515625,548.6599731445312,545.54931640625,547.0800170898438,7879328.0,1725973200.0,0.0025415804017186534,0.0025415804017186534,0.594589679159068,0.594589679159068
2024-09-10 14:00:00,547.0900268554688,547.7000122070312,545.6599731445312,547.4500122070312,3297614.0,1725976800.0,0.0006760803657775902,0.0006760803657775902,0.17345280814254788,0.17345280814254788
2024-09-10 15:00:00,547.4500122070312,547.72998046875,543.3800048828125,544.2899780273438,4509060.0,1725980400.0,-0.005789002936628558,-0.004521935781517176,-1.0,-1.0
2024-09-10 16:00:00,544.2650146484375,546.9600219726562,544.110107421875,546.3599853515625,4121953.0,1725984000.0,0.0037959196429393416,0.0037959196429393416,0.877756922827567,0.877756922827567
2024-09-10 17:00:00,546.3599853515625,547.9500122070312,546.2899780273438,547.880126953125,3867472.0,1725987600.0,0.002778444259892848,0.002778444259892848,0.6480617253485822,0.6480617253485822
2024-09-10 18:00:00,547.8925170898438,548.7899780273438,547.8300170898438,548.760009765625,4555383.0,1725991200.0,0.0016046886701460948,0.0016046886701460948,0.3830862512769673,0.3830862512769673
2024-09-10 19:00:00,548.77001953125,549.1500244140625,548.1400146484375,548.8200073242188,5380891.0,1725994800.0,0.00010932698795416373,0.00010932698795416373,0.045508160822186144,0.045508160822186144
2024-09-11 13:00:00,547.7349853515625,548.3300170898438,541.2424926757812,541.2424926757812,14169829.0,1726059600.0,0.00012170146953231685,0.00012170146953231685,0.048301701616542694,0.048301701616542694
2024-09-11 14:00:00,541.2349853515625,542.9000244140625,539.9600219726562,542.4299926757812,9908357.0,1726063200.0,0.0021916224530372157,0.0021916224530372157,0.5155866276149206,0.5155866276149206
2024-09-11 15:00:00,542.4299926757812,546.8200073242188,542.3099975585938,546.780029296875,7711418.0,1726066800.0,0.00798754998825974,0.004337416910343824,0.9999999999999998,0.9999999999999998
2024-09-11 16:00:00,546.7800903320312,549.1900024414062,546.510009765625,548.8900146484375,5753289.0,1726070400.0,0.003851502505755031,0.003851502505755031,0.8903047611965604,0.8903047611965604
2024-09-11 17:00:00,548.9000244140625,551.1400146484375,548.8201293945312,551.0075073242188,6418774.0,1726074000.0,0.0038503501453539426,0.0038503501453539426,0.8900446156890569,0.8900446156890569
2024-09-11 18:00:00,551.0,553.4099731445312,550.97998046875,553.3300170898438,9401542.0,1726077600.0,0.0042061654854597084,0.0042061654854597084,0.9703699740942257,0.9703699740942257
2024-09-11 19:00:00,553.3150024414062,555.3599853515625,552.0800170898438,554.3599853515625,10344306.0,1726081200.0,0.001859669323155275,0.001859669323155275,0.44064816621087183,0.44064816621087183
2024-09-12 13:00:00,554.5,556.0,552.739990234375,555.7999877929688,9166300.0,1726146000.0,-0.001667268377460192,-0.001667268377460192,-0.35555846948512654,-0.35555846948512654
2024-09-12 14:00:00,555.7999877929688,556.6400146484375,554.0599975585938,554.9299926757812,5909820.0,1726149600.0,-0.0015665288781261878,-0.0015665288781261878,-0.33281651466340406,-0.33281651466340406
2024-09-12 15:00:00,554.9600219726562,555.5449829101562,554.2000122070312,555.3800048828125,3889830.0,1726153200.0,0.0008106064660537332,0.0008106064660537332,0.20382209243568383,0.20382209243568383
2024-09-12 16:00:00,555.4000244140625,558.0900268554688,555.0,557.8400268554688,4826139.0,1726156800.0,0.004419658121300378,0.004337416910343824,0.9999999999999998,0.9999999999999998
2024-09-12 17:00:00,557.8599853515625,559.3699951171875,557.6799926757812,559.0900268554688,5530312.0,1726160400.0,0.0022382789642210773,0.0022382789642210773,0.5261193409646724,0.5261193409646724
2024-09-12 18:00:00,559.080078125,559.4000244140625,556.5399780273438,558.760009765625,6160368.0,1726164000.0,-0.0005904496821937561,-0.0005904496821937561,-0.11246651170457705,-0.11246651170457705
2024-09-12 19:00:00,558.760009765625,559.219970703125,558.1199951171875,559.010009765625,8821546.0,1726167600.0,0.00044731921558161187,0.00044731921558161187,0.12180994931243516,0.12180994931243516
2024-09-13 13:00:00,559.6099853515625,562.3599853515625,559.4500122070312,561.1199951171875,7602737.0,1726232400.0,0.0017294020197934634,0.0017294020197934634,0.4112403058642605,0.4112403058642605
2024-09-13 14:00:00,561.1099853515625,562.510009765625,560.530029296875,561.8499755859375,4822328.0,1726236000.0,0.0013000892109566063,0.0013000892109566063,0.31432288452008883,0.31432288452008883
2024-09-13 15:00:00,561.8798828125,562.9400024414062,561.52001953125,561.5700073242188,3649370.0,1726239600.0,-0.00049842137717613,-0.00049842137717613,-0.09169111011069503,-0.09169111011069503
2024-09-13 16:00:00,561.5650024414062,562.809814453125,561.3300170898438,562.760009765625,2918735.0,1726243200.0,0.002116821338358282,0.002116821338358282,0.4987002664369414,0.4987002664369414
2024-09-13 17:00:00,562.7301025390625,563.030029296875,561.27001953125,561.409912109375,3944965.0,1726246800.0,-0.002401947035012122,-0.002401947035012122,-0.5214122701193132,-0.5214122701193132
2024-09-13 18:00:00,561.4099731445312,561.969970703125,561.02001953125,561.7999877929688,3726025.0,1726250400.0,0.000694573114623905,0.000694573114623905,0.17762754855294013,0.17762754855294013
2024-09-13 19:00:00,561.7999877929688,562.3400268554688,561.260009765625,561.9600219726562,5860827.0,1726254000.0,0.00028481914177165026,0.00028481914177165026,0.0851255369265847,0.0851255369265847
2024-09-16 13:00:00,561.75,562.9199829101562,560.8599853515625,561.4788208007812,6951743.0,1726491600.0,-0.001704728685716881,-0.001704728685716881,-0.364015138851299,-0.364015138851299
2024-09-16 14:00:00,560.9099731445312,561.5399780273438,559.9000244140625,560.8300170898438,5125936.0,1726495200.0,-0.0011561947323393503,-0.0011561947323393503,-0.24018352892307848,-0.24018352892307848
2024-09-16 15:00:00,560.8200073242188,561.4199829101562,560.3400268554688,561.389892578125,3354915.0,1726498800.0,0.0009978000388500177,0.0009978000388500177,0.2460810653668004,0.2460810653668004
2024-09-16 16:00:00,561.3800048828125,561.9099731445312,560.7899780273438,561.7150268554688,3311704.0,1726502400.0,0.0005789918302390332,0.0005789918302390332,0.1515350588632464,0.1515350588632464
2024-09-16 17:00:00,561.7100219726562,562.5999755859375,561.6099853515625,562.5499877929688,3520039.0,1726506000.0,0.0014853456794120968,0.0014853456794120968,0.3561445558992368,0.3561445558992368
2024-09-16 18:00:00,562.5399780273438,562.719970703125,561.8400268554688,562.260009765625,4598759.0,1726509600.0,-0.0005156035853117958,-0.0005156035853117958,-0.0955699957885281,-0.0955699957885281
2024-09-16 19:00:00,562.2449951171875,563.1099853515625,562.1524047851562,562.8599853515625,7009103.0,1726513200.0,0.0010665096085947573,0.0010665096085947573,0.26159225949904497,0.26159225949904497
2024-09-17 13:00:00,565.0999755859375,566.25,564.0700073242188,565.9500122070312,7795411.0,1726578000.0,-0.0010108943323189888,-0.0010108943323189888,-0.20738194508866414,-0.20738194508866414
2024-09-17 14:00:00,565.8200073242188,566.5800170898438,564.6500244140625,565.1400146484375,5904559.0,1726581600.0,-0.001432242664731499,-0.001432242664731499,-0.30250138486434863,-0.30250138486434863
2024-09-17 15:00:00,565.1500244140625,565.3400268554688,562.9000244140625,563.739990234375,6491615.0,1726585200.0,-0.0024803790053598528,-0.0024803790053598528,-0.5391182974275579,-0.5391182974275579
2024-09-17 16:00:00,563.739990234375,563.739990234375,560.97998046875,562.719970703125,4784559.0,1726588800.0,-0.001811018314735949,-0.001811018314735949,-0.3880100361572196,-0.3880100361572196
2024-09-17 17:00:00,562.739990234375,563.1799926757812,560.7949829101562,562.6300048828125,3715752.0,1726592400.0,-0.00015988949652270514,-0.00015988949652270514,-0.015267494881011083,-0.015267494881011083
2024-09-17 18:00:00,562.6201171875,562.889892578125,561.3300170898438,562.1820068359375,4587193.0,1726596000.0,-0.0007965741224250667,-0.0007965741224250667,-0.15899913037335975,-0.15899913037335975
2024-09-17 19:00:00,562.1699829101562,563.1699829101562,561.7150268554688,563.1099853515625,6758239.0,1726599600.0,0.0016493118806979112,0.0016493118806979112,0.3931599467497328,0.3931599467497328
2024-09-18 13:00:00,563.739990234375,563.9299926757812,562.1300048828125,563.1300048828125,5640231.0,1726664400.0,-0.0009836334928168928,-0.0009836334928168928,-0.20122780709455534,-0.20122780709455534
2024-09-18 14:00:00,563.1199951171875,563.3499755859375,562.25,562.760009765625,2987198.0,1726668000.0,-0.0006572491552332003,-0.0006572491552332003,-0.12754650126201103,-0.12754650126201103
2024-09-18 15:00:00,562.75,563.0700073242188,561.3400268554688,563.003173828125,4068977.0,1726671600.0,0.0004319986118312588,0.0004319986118312588,0.11835132106199245,0.11835132106199245
2024-09-18 16:00:00,563.0189819335938,563.72998046875,562.8099975585938,563.719970703125,3234803.0,1726675200.0,0.0012723568787603508,0.0012723568787603508,0.30806230699014514,0.30806230699014514
2024-09-18 17:00:00,563.7100219726562,568.6900024414062,561.7999877929688,565.9000244140625,14059824.0,1726678800.0,0.003859804937791322,0.003859804937791322,0.8921790362875427,0.8921790362875427
2024-09-18 18:00:00,565.9299926757812,566.97998046875,561.6099853515625,564.9400024414062,13819171.0,1726682400.0,-0.00169789215183345,-0.00169789215183345,-0.36247179045526734,-0.36247179045526734
2024-09-18 19:00:00,564.9400024414062,565.530029296875,560.8300170898438,561.3400268554688,8516046.0,1726686000.0,-0.0063927047487393,-0.004521935781517176,-1.0,-1.0
2024-09-19 13:00:00,571.010009765625,571.3599853515625,568.219970703125,571.3499755859375,15326814.0,1726750800.0,-0.00046159789014200205,-0.00046159789014200205,-0.08337820321672808,-0.08337820321672808
2024-09-19 14:00:00,571.5,571.7559204101562,569.4299926757812,570.8991088867188,9603307.0,1726754400.0,-0.000789436785309061,-0.000789436785309061,-0.15738787560921366,-0.15738787560921366
2024-09-19 15:00:00,570.9000244140625,571.8200073242188,570.0499877929688,571.6799926757812,4511510.0,1726758000.0,0.0013668793864259757,0.0013668793864259757,0.3294007751498927,0.3294007751498927
2024-09-19 16:00:00,571.6699829101562,572.0850219726562,571.1900024414062,571.8599243164062,5659467.0,1726761600.0,0.0003146923678591775,0.0003146923678591775,0.09186942152550613,0.09186942152550613
2024-09-19 17:00:00,571.85498046875,572.8800048828125,570.8900146484375,572.0,6346185.0,1726765200.0,0.0002449175485846498,0.0002449175485846498,0.07611774717606318,0.07611774717606318
2024-09-19 18:00:00,572.0,572.25,570.6699829101562,571.1699829101562,8443074.0,1726768800.0,-0.0014521326628692006,-0.0014521326628692006,-0.30699155448045934,-0.30699155448045934
2024-09-19 19:00:00,571.1699829101562,571.780029296875,570.3499755859375,570.9199829101562,13481518.0,1726772400.0,-0.0004377938892290544,-0.0004377938892290544,-0.07800444697496198,-0.07800444697496198
2024-09-20 13:00:00,567.844970703125,568.3900146484375,566.4099731445312,567.219970703125,14137567.0,1726837200.0,-0.0032644349614148376,-0.0032644349614148376,-0.7161190294957799,-0.7161190294957799
2024-09-20 14:00:00,567.22998046875,567.760009765625,565.1699829101562,565.989990234375,12680802.0,1726840800.0,-0.00217079092869766,-0.00217079092869766,-0.4692287496400298,-0.4692287496400298
2024-09-20 15:00:00,565.97998046875,568.0001220703125,565.7100219726562,567.9500122070312,4603647.0,1726844400.0,0.003457015222052249,0.003457015222052249,0.8012492065926233,0.8012492065926233
2024-09-20 16:00:00,567.9099731445312,568.530029296875,567.6699829101562,568.219970703125,5486097.0,1726848000.0,0.0004752079446466092,0.0004752079446466092,0.12810583345544224,0.12810583345544224
2024-09-20 17:00:00,568.2249755859375,568.6455078125,566.4099731445312,566.6199951171875,6995501.0,1726851600.0,-0.0028197396888272586,-0.0028197396888272586,-0.6157290149981933,-0.6157290149981933
2024-09-20 18:00:00,566.5999755859375,568.6900024414062,566.0900268554688,568.239990234375,7136365.0,1726855200.0,0.0028549710774202165,0.0028549710774202165,0.6653376641646704,0.6653376641646704
2024-09-20 19:00:00,568.2349853515625,569.3099975585938,567.7999877929688,568.0999755859375,10705851.0,1726858800.0,-0.00024643091567236243,-0.00024643091567236243,-0.03480423129046954,-0.03480423129046954
2024-09-23 13:00:00,569.0700073242188,570.33251953125,568.25,569.7899780273438,6921524.0,1727096400.0,0.0003326355237893145,0.0003326355237893145,0.09592009126498297,0.09592009126498297
2024-09-23 14:00:00,569.7999877929688,570.0900268554688,568.72998046875,569.7349853515625,3465602.0,1727100000.0,-9.651859782150908e-05,-9.651859782150908e-05,-0.0009615064176746423,-0.0009615064176746423
2024-09-23 15:00:00,569.739990234375,570.1500244140625,568.3599853515625,568.9400024414062,2894440.0,1727103600.0,-0.0013963300289302808,-0.0013963300289302808,-0.29439410275236977,-0.29439410275236977
2024-09-23 16:00:00,568.9400024414062,569.2000122070312,568.0999755859375,568.7799072265625,3918975.0,1727107200.0,-0.0002814316854965773,-0.0002814316854965773,-0.04270565954185178,-0.04270565954185178
2024-09-23 17:00:00,568.8099975585938,569.5,568.5800170898438,569.239990234375,2458458.0,1727110800.0,0.0008085676426310205,0.0008085676426310205,0.20336182778800008,0.20336182778800008
2024-09-23 18:00:00,569.280029296875,569.5900268554688,569.0524291992188,569.510009765625,4176963.0,1727114400.0,0.0004742384830923003,0.0004742384830923003,0.12788697738592386,0.12788697738592386
2024-09-23 19:00:00,569.510009765625,569.9099731445312,569.1300048828125,569.6199951171875,5126994.0,1727118000.0,0.00019310412583774887,0.00019310412583774887,0.06442086038330654,0.06442086038330654
2024-09-24 13:00:00,570.47998046875,570.5499877929688,567.8200073242188,568.2783813476562,8270767.0,1727182800.0,0.002610781146166722,0.002610781146166722,0.6102117560432274,0.6102117560432274
2024-09-24 14:00:00,568.280029296875,570.0698852539062,567.5999755859375,569.8505249023438,4363304.0,1727186400.0,0.0027626827611385183,0.0027626827611385183,0.6445035649947656,0.6445035649947656
2024-09-24 15:00:00,569.9219970703125,571.0700073242188,569.72998046875,570.5050048828125,5671919.0,1727190000.0,0.0011478526393466774,0.0011478526393466774,0.279955459064776,0.279955459064776
2024-09-24 16:00:00,570.5,571.2000122070312,570.27001953125,570.6099853515625,2121281.0,1727193600.0,0.00018399630176563566,0.00018399630176563566,0.062364767937527626,0.062364767937527626
2024-09-24 17:00:00,570.6099853515625,571.010009765625,570.0700073242188,570.2324829101562,2225025.0,1727197200.0,-0.0006617959371015341,-0.0006617959371015341,-0.12857293784862778,-0.12857293784862778
2024-09-24 18:00:00,570.25,570.75,569.4299926757812,570.639892578125,4698998.0,1727200800.0,0.0007142072926647643,0.0007142072926647643,0.1820599667495646,0.1820599667495646
2024-09-24 19:00:00,570.6400146484375,571.3599853515625,570.3800048828125,571.239990234375,9698552.0,1727204400.0,0.0010510697675455755,0.0010510697675455755,0.2581067134131856,0.2581067134131856
2024-09-25 13:00:00,571.75,571.8900146484375,570.8599853515625,571.0999145507812,7315079.0,1727269200.0,-0.0007689986823537713,-0.0007689986823537713,-0.15277397126063388,-0.15277397126063388
2024-09-25 14:00:00,571.0999755859375,571.4197998046875,570.5999755859375,570.77001953125,3736068.0,1727272800.0,-0.0005778154216398804,-0.0005778154216398804,-0.10961432577332214,-0.10961432577332214
2024-09-25 15:00:00,570.75,571.25,570.260009765625,570.6400146484375,3892745.0,1727276400.0,-0.0002277969870277439,-0.0002277969870277439,-0.03059761952260588,-0.03059761952260588
2024-09-25 16:00:00,570.6300048828125,570.6400146484375,569.0999755859375,569.75,4085985.0,1727280000.0,-0.001560895514179227,-0.001560895514179227,-0.33154478203396803,-0.33154478203396803
2024-09-25 17:00:00,569.719970703125,570.3800048828125,568.9099731445312,570.2000122070312,4094174.0,1727283600.0,0.0007895297611103104,0.0007895297611103104,0.19906402360684358,0.19906402360684358
2024-09-25 18:00:00,570.1699829101562,570.280029296875,569.7000122070312,569.864990234375,3040842.0,1727287200.0,-0.0005877243518262355,-0.0005877243518262355,-0.11185126802655435,-0.11185126802655435
2024-09-25 19:00:00,569.8350219726562,570.1400146484375,569.3300170898438,570.0,5773920.0,1727290800.0,0.00023688729351809692,0.00023688729351809692,0.07430491607070934,0.07430491607070934
2024-09-26 13:00:00,573.8800048828125,574.0499877929688,572.4299926757812,572.6240234375,8960721.0,1727355600.0,-0.002399590705580753,-0.002399590705580753,-0.5208803284496847,-0.5208803284496847
2024-09-26 14:00:00,572.6199951171875,573.4400024414062,570.9000244140625,571.3399047851562,6367140.0,1727359200.0,-0.002245034410635422,-0.002245034410635422,-0.48598922515557585,-0.48598922515557585
2024-09-26 15:00:00,571.0999145507812,572.5701293945312,570.97998046875,571.2498779296875,3544384.0,1727362800.0,-0.00015758386258478998,-0.00015758386258478998,-0.014746997725494676,-0.014746997725494676
2024-09-26 16:00:00,571.239990234375,571.4298706054688,569.9000244140625,571.0900268554688,4450097.0,1727366400.0,-0.00027986604441029557,-0.00027986604441029557,-0.042352215866961154,-0.042352215866961154
2024-09-26 17:00:00,571.0999755859375,572.72998046875,571.0700073242188,572.4199829101562,6026274.0,1727370000.0,0.0023260953432813814,0.0023260953432813814,0.5459438997365519,0.5459438997365519
2024-09-26 18:00:00,572.4099731445312,572.469970703125,571.9400024414062,572.1199951171875,4260780.0,1727373600.0,-0.0005242067653335259,-0.0005242067653335259,-0.09751216477557695,-0.09751216477557695
2024-09-26 19:00:00,572.1199951171875,572.75,571.8200073242188,572.25,6179104.0,1727377200.0,0.00022720778057185598,0.00022720778057185598,0.07211976478868996,0.07211976478868996
2024-09-27 13:00:00,573.25,574.219970703125,572.7100219726562,573.8499755859375,7715727.0,1727442000.0,-0.0005762396564675738,-0.0005762396564675738,-0.10925859658472029,-0.10925859658472029
2024-09-27 14:00:00,573.85498046875,573.9299926757812,572.9199829101562,573.28271484375,3838380.0,1727445600.0,-0.0009890064038068087,-0.0009890064038068087,-0.20244074243572352,-0.20244074243572352
2024-09-27 15:00:00,573.2974853515625,573.3099975585938,571.8499755859375,572.22998046875,3588032.0,1727449200.0,-0.0018380148481613855,-0.0018380148481613855,-0.3941045070208162,-0.3941045070208162
2024-09-27 16:00:00,572.230712890625,572.7100219726562,571.7501831054688,571.7750244140625,2859981.0,1727452800.0,-0.0007953742802351553,-0.0007953742802351553,-0.1587282658459742,-0.1587282658459742
2024-09-27 17:00:00,571.77001953125,572.6500244140625,571.1799926757812,571.2050170898438,3212038.0,1727456400.0,-0.000997405642749876,-0.000997405642749876,-0.20433687169825612,-0.20433687169825612
2024-09-27 18:00:00,571.2100219726562,572.3900146484375,570.4199829101562,571.9771118164062,5756437.0,1727460000.0,0.0013507818648266089,0.0013507818648266089,0.32576675759595664,0.32576675759595664
2024-09-27 19:00:00,571.969970703125,572.1143188476562,571.3200073242188,571.4099731445312,6650004.0,1727463600.0,-0.000992032752243042,-0.000992032752243042,-0.2031239409811463,-0.2031239409811463
2024-09-30 13:00:00,570.4199829101562,571.4600219726562,570.25,570.9199829101562,5044565.0,1727701200.0,0.0011738928918927625,0.0011738928918927625,0.2858340493979068,0.2858340493979068
2024-09-30 14:00:00,570.9199829101562,571.760009765625,570.864990234375,571.5599975585938,3463265.0,1727704800.0,0.0011203955015912184,0.0011203955015912184,0.273757006714937,0.273757006714937
2024-09-30 15:00:00,571.72998046875,572.260009765625,570.7310791015625,571.8800048828125,6676861.0,1727708400.0,0.0005597273698492727,0.0005597273698492727,0.14718610447350672,0.14718610447350672
2024-09-30 16:00:00,571.8699951171875,571.9600219726562,570.9099731445312,571.0693969726562,2462958.0,1727712000.0,-0.00141844957397445,-0.00141844957397445,-0.29938759286694444,-0.29938759286694444
2024-09-30 17:00:00,571.0399780273438,571.7100219726562,568.22998046875,569.290771484375,6936997.0,1727715600.0,-0.003119412585175399,-0.003119412585175399,-0.6833802095653645,-0.6833802095653645
2024-09-30 18:00:00,569.2899780273438,571.1799926757812,568.72998046875,570.8900146484375,8100339.0,1727719200.0,0.002805246733274353,0.002805246733274353,0.6541123871325133,0.6541123871325133
2024-09-30 19:00:00,570.8972778320312,574.3800048828125,570.7999877929688,574.02001953125,15168854.0,1727722800.0,0.005467700670248176,0.004337416910343824,0.9999999999999998,0.9999999999999998
2024-10-01 13:00:00,572.9099731445312,572.9249877929688,566.8699951171875,567.4600219726562,17039982.0,1727787600.0,-0.0006051065206735845,-0.0006051065206735845,-0.11577529486055041,-0.11577529486055041
2024-10-01 14:00:00,566.9127807617188,568.6599731445312,566.0,567.9199829101562,9037662.0,1727791200.0,0.000810232628168081,0.000810232628168081,0.20373769848532317,0.20373769848532317
2024-10-01 15:00:00,567.9099731445312,569.5999755859375,567.6599731445312,568.77001953125,8894710.0,1727794800.0,0.0014956351823692956,0.0014956351823692956,0.35846741250402053,0.35846741250402053
2024-10-01 16:00:00,568.760009765625,568.9000244140625,566.27001953125,566.4400024414062,9651683.0,1727798400.0,-0.0041050031565618966,-0.0041050031565618966,-0.9058774067459102,-0.9058774067459102
2024-10-01 17:00:00,566.4400024414062,570.6998901367188,566.27001953125,570.47998046875,8544883.0,1727802000.0,0.0071069118185815155,0.004337416910343824,0.9999999999999998,0.9999999999999998
2024-10-01 18:00:00,570.489990234375,570.9299926757812,569.5800170898438,570.2600708007812,5280983.0,1727805600.0,-0.0003855561491825902,-0.0003855561491825902,-0.06621177049771676,-0.06621177049771676
2024-10-01 19:00:00,570.2750244140625,570.2750244140625,568.3800048828125,568.6900024414062,6504882.0,1727809200.0,-0.00275704684658054,-0.00275704684658054,-0.6015760978659261,-0.6015760978659261
2024-10-02 13:00:00,567.7100219726562,568.8800048828125,565.27001953125,568.3599853515625,9602314.0,1727874000.0,0.002243962755547653,0.002243962755547653,0.5274024575814873,0.5274024575814873
2024-10-02 14:00:00,568.3300170898438,569.8300170898438,567.97998046875,569.52001953125,5511553.0,1727877600.0,0.002038940093140738,0.002038940093140738,0.4811185653970691,0.4811185653970691
2024-10-02 15:00:00,569.5399780273438,569.9000244140625,568.8200073242188,569.489990234375,3079887.0,1727881200.0,-5.2728767305788136e-05,-5.2728767305788136e-05,0.00892405340566329,0.00892405340566329
2024-10-02 16:00:00,569.47998046875,569.47998046875,567.7000122070312,568.4299926757812,2935861.0,1727884800.0,-0.0018630446448113323,-0.0018630446448113323,-0.39975498680653265,-0.39975498680653265
2024-10-02 17:00:00,568.3499755859375,569.3699951171875,567.5700073242188,568.4694213867188,2931881.0,1727888400.0,6.936182825950788e-05,6.936182825950788e-05,0.036486020924454916,0.036486020924454916
2024-10-02 18:00:00,568.469970703125,569.3400268554688,568.2100219726562,569.2100219726562,4091796.0,1727892000.0,0.001301949674620079,0.001301949674620079,0.3147428844293783,0.3147428844293783
2024-10-02 19:00:00,569.219970703125,569.4600219726562,568.7000122070312,568.8499755859375,5025158.0,1727895600.0,-0.0006327371131634529,-0.0006327371131634529,-0.12201290463880257,-0.12201290463880257
2024-10-03 13:00:00,567.3599853515625,569.802490234375,566.77001953125,567.169921875,8994309.0,1727960400.0,-0.00031999708396267956,-0.00031999708396267956,-0.05141180316372877,-0.05141180316372877
2024-10-03 14:00:00,566.5999755859375,568.489990234375,566.239990234375,567.4749145507812,4517151.0,1727964000.0,0.0005376002663310606,0.0005376002663310606,0.14219090803245293,0.14219090803245293
2024-10-03 15:00:00,567.4400024414062,569.1599731445312,567.4400024414062,568.7000122070312,2230945.0,1727967600.0,0.0021565308337424135,0.0021565308337424135,0.5076646900839674,0.5076646900839674
2024-10-03 16:00:00,568.7081298828125,568.7100219726562,565.489990234375,566.469970703125,6161439.0,1727971200.0,-0.00392900518205433,-0.00392900518205433,-0.86614584155622,-0.86614584155622
2024-10-03 17:00:00,566.4600219726562,567.4199829101562,566.0501098632812,567.010009765625,4699261.0,1727974800.0,0.0009528868840529066,0.0009528868840529066,0.23594191494368377,0.23594191494368377
2024-10-03 18:00:00,566.989990234375,567.25,566.0499877929688,566.530029296875,3649827.0,1727978400.0,-0.0008468699488257696,-0.0008468699488257696,-0.17035341959742667,-0.17035341959742667
2024-10-03 19:00:00,566.5499877929688,568.27001953125,566.4400024414062,567.780029296875,6404739.0,1727982000.0,0.0022039838164599054,0.0022039838164599054,0.5183772069840084,0.5183772069840084
2024-10-04 13:00:00,572.3499755859375,572.7100219726562,568.3499755859375,568.8300170898438,12086389.0,1728046800.0,-0.0006406741820874876,-0.0006406741820874876,-0.12380469896059912,-0.12380469896059912
2024-10-04 14:00:00,568.8400268554688,570.72998046875,568.1599731445312,568.780029296875,5098380.0,1728050400.0,-8.788212298171022e-05,-8.788212298171022e-05,0.000988178878799241,0.000988178878799241
2024-10-04 15:00:00,568.780029296875,570.780029296875,568.280029296875,569.8049926757812,3217279.0,1728054000.0,0.00180041654508796,0.00180041654508796,0.42727184400580825,0.42727184400580825
2024-10-04 16:00:00,569.7999877929688,571.5700073242188,569.5399780273438,571.0499877929688,3364991.0,1728057600.0,0.0021825659399705407,0.0021825659399705407,0.513542118635163,0.513542118635163
2024-10-04 17:00:00,571.0499877929688,571.5499877929688,569.5800170898438,570.7849731445312,4059947.0,1728061200.0,-0.00046419081962345327,-0.00046419081962345327,-0.08396355737783588,-0.08396355737783588
2024-10-04 18:00:00,570.780029296875,572.1900024414062,570.5700073242188,572.0399780273438,3623727.0,1728064800.0,0.0021963212931595194,0.0021963212931595194,0.5166473913717626,0.5166473913717626
2024-10-04 19:00:00,571.9600219726562,573.3599853515625,571.8958129882812,572.9199829101562,6750776.0,1728068400.0,0.0015371804886068624,0.0015371804886068624,0.36784627068532627,0.36784627068532627
2024-10-07 13:00:00,571.2999877929688,571.9598999023438,570.530029296875,571.5,8203813.0,1728306000.0,0.0006057003852290328,0.0006057003852290328,0.1575645185583179,0.1575645185583179
2024-10-07 14:00:00,571.510009765625,571.7799072265625,570.6199951171875,571.6500244140625,4949899.0,1728309600.0,0.00026247546117276325,0.00026247546117276325,0.08008144818194901,0.08008144818194901
2024-10-07 15:00:00,571.6500244140625,571.739990234375,570.1199951171875,570.9608764648438,3066903.0,1728313200.0,-0.0012062689621684575,-0.0012062689621684575,-0.251487792692848,-0.251487792692848
2024-10-07 16:00:00,570.969970703125,571.0,570.2689208984375,570.3699951171875,2236376.0,1728316800.0,-0.0010354252481189312,-0.0010354252481189312,-0.21291980245887104,-0.21291980245887104
2024-10-07 17:00:00,570.3499755859375,570.5499877929688,569.5,569.5499877929688,3512280.0,1728320400.0,-0.0014387105725945878,-0.0014387105725945878,-0.30396151588927794,-0.30396151588927794
2024-10-07 18:00:00,569.5399780273438,569.5399780273438,566.6300048828125,567.8800048828125,7575952.0,1728324000.0,-0.0029364165194652463,-0.0029364165194652463,-0.6420688243942404,-0.6420688243942404
2024-10-07 19:00:00,567.8800048828125,568.6798706054688,566.77001953125,567.8099975585938,10978505.0,1728327600.0,-0.00012328597444189306,-0.00012328597444189306,-0.00700424510330681,-0.00700424510330681
2024-10-08 13:00:00,570.4199829101562,571.3499755859375,569.5299072265625,570.8599853515625,8616207.0,1728392400.0,0.0016245049865264293,0.0016245049865264293,0.387559787226956,0.387559787226956
2024-10-08 14:00:00,570.8499755859375,572.5499877929688,570.7449951171875,571.8400268554688,6370084.0,1728396000.0,0.0017153088890059039,0.0017153088890059039,0.4080587797917052,0.4080587797917052
2024-10-08 15:00:00,571.8499755859375,572.3300170898438,571.4000244140625,572.030029296875,3063231.0,1728399600.0,0.0003322098382272308,0.0003322098382272308,0.0958239926950559,0.0958239926950559
2024-10-08 16:00:00,572.02001953125,572.239990234375,570.5499877929688,571.219970703125,3016017.0,1728403200.0,-0.0014171156427980206,-0.0014171156427980206,-0.29908645773375236,-0.29908645773375236
2024-10-08 17:00:00,571.219970703125,572.0399780273438,571.10498046875,571.9500732421875,1695615.0,1728406800.0,0.0012773298989023115,0.0012773298989023115,0.3091849669213903,0.3091849669213903
2024-10-08 18:00:00,571.9500122070312,573.0399780273438,571.75,572.8599853515625,3690172.0,1728410400.0,0.0015896301646742828,0.0015896301646742828,0.37968679174633,0.37968679174633
2024-10-08 19:00:00,572.8599853515625,573.780029296875,572.739990234375,573.1099853515625,7334619.0,1728414000.0,0.0004363116143655508,0.0004363116143655508,0.1193249819341359,0.1193249819341359
2024-10-09 13:00:00,573.1599731445312,574.4400024414062,572.5999755859375,574.1099853515625,5798686.0,1728478800.0,0.0027468459406428435,0.0027468459406428435,0.6409284007482345,0.6409284007482345
2024-10-09 14:00:00,574.0999755859375,575.9400024414062,573.9500122070312,575.7100219726562,4574628.0,1728482400.0,0.0027831097801136635,0.0027831097801136635,0.6491149671334142,0.6491149671334142
2024-10-09 15:00:00,575.7200927734375,577.0599975585938,575.7000732421875,576.2570190429688,4626014.0,1728486000.0,0.0009496749333051214,0.0009496749333051214,0.23521681665275873,0.23521681665275873
2024-10-09 16:00:00,576.260009765625,576.6099243164062,575.5599975585938,576.4801025390625,2710975.0,1728489600.0,0.0003870500822817182,0.0003870500822817182,0.10820418478400357,0.10820418478400357
2024-10-09 17:00:00,576.469970703125,576.8499755859375,575.0,576.4000244140625,3167242.0,1728493200.0,-0.00013891838926985875,-0.00013891838926985875,-0.010533264744285106,-0.010533264744285106
2024-10-09 18:00:00,576.3800048828125,576.8099975585938,575.719970703125,576.7133178710938,3857113.0,1728496800.0,0.0005433871125265075,0.0005433871125265075,0.14349728929905795,0.14349728929905795
2024-10-09 19:00:00,576.7100219726562,577.7100219726562,576.6900024414062,577.1199951171875,8599154.0,1728500400.0,0.0007049151005710779,0.0007049151005710779,0.1799622531994035,0.1799622531994035
2024-10-10 13:00:00,575.77001953125,576.6494750976562,574.5599975585938,575.9500122070312,10179350.0,1728565200.0,5.231504723652995e-05,5.231504723652995e-05,0.03263770793458182,0.03263770793458182
2024-10-10 14:00:00,575.9500122070312,576.5599975585938,575.1400146484375,576.2940063476562,4365433.0,1728568800.0,0.0005970855917765422,0.0005970855917765422,0.15561972783779382,0.15561972783779382
2024-10-10 15:00:00,576.2899780273438,577.5800170898438,575.882080078125,577.1693725585938,4194139.0,1728572400.0,0.0015178052376805654,0.0015178052376805654,0.36347230531783464,0.36347230531783464
2024-10-10 16:00:00,577.1699829101562,577.2050170898438,575.260009765625,576.3699951171875,5555580.0,1728576000.0,-0.0013859562868245028,-0.0013859562868245028,-0.2920522291490515,-0.2920522291490515
2024-10-10 17:00:00,576.3800048828125,576.6749877929688,574.77001953125,575.3800048828125,3874903.0,1728579600.0,-0.001719106539070266,-0.001719106539070266,-0.3672609410793994,-0.3672609410793994
2024-10-10 18:00:00,575.3699951171875,575.510009765625,574.489990234375,575.39501953125,3794232.0,1728583200.0,2.609484585567091e-05,2.609484585567091e-05,0.026718494129052375,0.026718494129052375
2024-10-10 19:00:00,575.5,576.5399780273438,575.2999877929688,576.10498046875,4967864.0,1728586800.0,0.0012331064306748398,0.0012331064306748398,0.2992015133293239,0.2992015133293239
2024-10-11 13:00:00,576.0499877929688,580.094970703125,575.9099731445312,579.780029296875,8860622.0,1728651600.0,-0.0009135074062710816,-0.0009135074062710816,-0.18539683411382382,-0.18539683411382382
2024-10-11 14:00:00,579.760009765625,580.0,578.7000122070312,579.1799926757812,5501098.0,1728655200.0,-0.0010354743275545113,-0.0010354743275545113,-0.21293088214771225,-0.21293088214771225
2024-10-11 15:00:00,579.1900024414062,579.6500244140625,578.4299926757812,578.75,2993815.0,1728658800.0,-0.0007426920422928325,-0.0007426920422928325,-0.1468352439120531,-0.1468352439120531
2024-10-11 16:00:00,578.739990234375,579.0800170898438,578.0700073242188,578.869873046875,2916315.0,1728662400.0,0.00020710260784995803,0.00020710260784995803,0.06758101948275619,0.06758101948275619
2024-10-11 17:00:00,578.8599853515625,579.9000244140625,578.6536865234375,579.4600219726562,2439273.0,1728666000.0,0.001018965286799412,0.001018965286799412,0.2508591227905304,0.2508591227905304
2024-10-11 18:00:00,579.469970703125,580.3300170898438,578.7899780273438,580.0595092773438,4205929.0,1728669600.0,0.001034027184442812,0.001034027184442812,0.25425934810433626,0.25425934810433626
2024-10-11 19:00:00,580.0549926757812,580.3200073242188,579.4600219726562,579.5499877929688,6601510.0,1728673200.0,-0.0008787812077296552,-0.0008787812077296552,-0.17755739036454654,-0.17755739036454654
2024-10-14 13:00:00,581.219970703125,583.6099243164062,580.72998046875,583.4299926757812,7318735.0,1728910800.0,-0.0018186972507025158,-0.0018186972507025158,-0.38974355693094864,-0.38974355693094864
2024-10-14 14:00:00,583.4299926757812,583.780029296875,582.2999877929688,582.7847900390625,3736050.0,1728914400.0,-0.0011064903517080662,-0.0011064903517080662,-0.22896275865688354,-0.22896275865688354
2024-10-14 15:00:00,582.7999877929688,583.9000244140625,582.5399780273438,583.7299194335938,2164618.0,1728918000.0,0.0016204332335746105,0.0016204332335746105,0.3866405884788219,0.3866405884788219
2024-10-14 16:00:00,583.719970703125,584.1400146484375,583.5999755859375,583.7799072265625,1955655.0,1728921600.0,8.563147282848086e-05,8.563147282848086e-05,0.04015889526073001,0.04015889526073001
2024-10-14 17:00:00,583.77001953125,584.1900024414062,583.3099975585938,584.0399780273438,1915955.0,1728925200.0,0.00044539540448749424,0.00044539540448749424,0.12137564871259901,0.12137564871259901
2024-10-14 18:00:00,584.0399780273438,584.6400146484375,584.0,584.5399780273438,4537226.0,1728928800.0,0.0008557395288554412,0.0008557395288554412,0.21401088711888258,0.21401088711888258
2024-10-14 19:00:00,584.530029296875,585.27001953125,584.0800170898438,584.280029296875,9424258.0,1728932400.0,-0.00044480541593360103,-0.00044480541593360103,-0.07958730002267687,-0.07958730002267687
2024-10-15 13:00:00,584.5900268554688,584.9000244140625,583.2576293945312,583.2576293945312,7415332.0,1728997200.0,-0.001706161090941781,-0.001706161090941781,-0.3643385045134914,-0.3643385045134914
2024-10-15 14:00:00,583.239990234375,583.3099975585938,581.2899780273438,582.3200073242188,8683816.0,1729000800.0,-0.0016088542590745733,-0.0016088542590745733,-0.3423714748101582,-0.3423714748101582
2024-10-15 15:00:00,582.3200073242188,582.6500244140625,581.25,582.1199951171875,4244797.0,1729004400.0,-0.0003435337305124033,-0.0003435337305124033,-0.056725204123902,-0.056725204123902
2024-10-15 16:00:00,582.1400146484375,582.5499877929688,580.8200073242188,581.0800170898438,3052446.0,1729008000.0,-0.001788133241976865,-0.001788133241976865,-0.38284372806337696,-0.38284372806337696
2024-10-15 17:00:00,581.0700073242188,581.75,580.3599853515625,580.5399780273438,3942091.0,1729011600.0,-0.0009298033843716651,-0.0009298033843716651,-0.18907565324821826,-0.18907565324821826
2024-10-15 18:00:00,580.5399780273438,580.780029296875,578.8800048828125,579.3099975585938,5927784.0,1729015200.0,-0.00212093107852512,-0.00212093107852512,-0.45797288210506965,-0.45797288210506965
2024-10-15 19:00:00,579.3400268554688,580.1950073242188,578.5449829101562,579.8099975585938,10948493.0,1729018800.0,0.0008627235025163873,0.0008627235025163873,0.21558752006349086,0.21558752006349086
2024-10-16 13:00:00,579.780029296875,581.1500854492188,578.9600219726562,580.8099975585938,6240068.0,1729083600.0,-0.0006163605056220093,-0.0006163605056220093,-0.11831588339785148,-0.11831588339785148
2024-10-16 14:00:00,580.8200073242188,581.0299072265625,579.469970703125,580.5999755859375,3245591.0,1729087200.0,-0.0003616672489506944,-0.0003616672489506944,-0.06081884822387111,-0.06081884822387111
2024-10-16 15:00:00,580.5966796875,580.9600219726562,580.0399780273438,580.8298950195312,2710178.0,1729090800.0,0.00039592478619026846,0.00039592478619026846,0.11020765032312888,0.11020765032312888
2024-10-16 16:00:00,580.8499755859375,581.6199951171875,580.6950073242188,581.1699829101562,2378710.0,1729094400.0,0.0005853492875428066,0.0005853492875428066,0.1529702556603248,0.1529702556603248
2024-10-16 17:00:00,581.1799926757812,582.7550048828125,581.1400146484375,582.6192016601562,2642388.0,1729098000.0,0.0024905189329840374,0.0024905189329840374,0.5830625460804796,0.5830625460804796
2024-10-16 18:00:00,582.6099853515625,582.8300170898438,582.1099853515625,582.3599853515625,3456618.0,1729101600.0,-0.0004450144959869275,-0.0004450144959869275,-0.07963449987137881,-0.07963449987137881
2024-10-16 19:00:00,582.3599853515625,582.530029296875,582.0999755859375,582.239990234375,6372445.0,1729105200.0,-0.00020607096020550886,-0.00020607096020550886,-0.025692966196817303,-0.025692966196817303
2024-10-17 13:00:00,585.9099731445312,586.1199951171875,582.844970703125,583.8699951171875,8815021.0,1729170000.0,0.00021569986516395057,0.00021569986516395057,0.06952185141777797,0.06952185141777797
2024-10-17 14:00:00,583.8599853515625,584.0590209960938,582.3699951171875,584.02001953125,3608011.0,1729173600.0,0.00025691531395252357,0.00025691531395252357,0.07882624423790743,0.07882624423790743
2024-10-17 15:00:00,584.030029296875,585.0,583.8800048828125,584.2899780273438,2281761.0,1729177200.0,0.00046213505227626304,0.00046213505227626304,0.12515462633568142,0.12515462633568142
2024-10-17 16:00:00,584.27001953125,584.719970703125,583.72998046875,584.2150268554688,1889322.0,1729180800.0,-0.00012828558143033233,-0.00012828558143033233,-0.008132907018535078,-0.008132907018535078
2024-10-17 17:00:00,584.2100219726562,584.7000122070312,582.47998046875,582.640380859375,3110072.0,1729184400.0,-0.0026989581426146215,-0.0026989581426146215,-0.5884625655377045,-0.5884625655377045
2024-10-17 18:00:00,582.6329956054688,583.4000244140625,582.4199829101562,582.5800170898438,3320538.0,1729188000.0,-0.00010360918791241924,-0.00010360918791241924,-0.0025622080349438636,-0.0025622080349438636
2024-10-17 19:00:00,582.5800170898438,582.739990234375,582.1599731445312,582.280029296875,6723675.0,1729191600.0,-0.0005150623897373222,-0.0005150623897373222,-0.0954478208185733,-0.0954478208185733
2024-10-18 13:00:00,584.0700073242188,584.219970703125,582.5800170898438,583.47119140625,6038203.0,1729256400.0,0.0015985601579446055,0.0015985601579446055,0.3817027388659264,0.3817027388659264
2024-10-18 14:00:00,583.4910888671875,584.3300170898438,583.0599975585938,584.2501220703125,11220879.0,1729260000.0,0.0013341039006542338,0.0013341039006542338,0.3220017050571415,0.3220017050571415
2024-10-18 15:00:00,584.260009765625,584.469970703125,583.6901245117188,584.1500244140625,2554403.0,1729263600.0,-0.0001713413966885461,-0.0001713413966885461,-0.01785276280388353,-0.01785276280388353
2024-10-18 16:00:00,584.1699829101562,585.25,584.1099853515625,584.6199951171875,2765400.0,1729267200.0,0.0008042142091279525,0.0008042142091279525,0.20237903961949935,0.20237903961949935
2024-10-18 17:00:00,584.6300048828125,585.3900146484375,583.8400268554688,585.1798706054688,3270853.0,1729270800.0,0.0009572159263068321,0.0009572159263068321,0.23691919678458,0.23691919678458
2024-10-18 18:00:00,585.1799926757812,585.25,584.219970703125,584.4600219726562,2773937.0,1729274400.0,-0.0012308894870403692,-0.0012308894870403692,-0.25704587932247963,-0.25704587932247963
2024-10-18 19:00:00,584.4600219726562,584.780029296875,584.0599975585938,584.5700073242188,4301742.0,1729278000.0,0.00018816514397513448,0.00018816514397513448,0.06330588459796462,0.06330588459796462
2024-10-21 13:00:00,583.8499755859375,584.8499755859375,583.739990234375,583.9199829101562,5682310.0,1729515600.0,-0.0070118032308450155,-0.004521935781517176,-1.0,-1.0
2024-10-21 14:00:00,583.9299926757812,583.969970703125,580.6699829101562,580.8300170898438,7025204.0,1729519200.0,-0.005305813383610607,-0.004521935781517176,-1.0,-1.0
2024-10-21 15:00:00,580.8400268554688,582.6300048828125,580.60009765625,582.1701049804688,4070194.0,1729522800.0,0.0023045371333716993,0.0023045371333716993,0.5410771311001734,0.5410771311001734
2024-10-21 16:00:00,582.2399291992188,583.2000122070312,581.9000244140625,582.9099731445312,2381759.0,1729526400.0,0.0012700728085729925,0.0012700728085729925,0.3075466778540669,0.3075466778540669
2024-10-21 17:00:00,582.9299926757812,583.3800048828125,582.3499755859375,582.6422729492188,2507826.0,1729530000.0,-0.00045935341108370003,-0.00045935341108370003,-0.08287151178308327,-0.08287151178308327
2024-10-21 18:00:00,582.6500244140625,583.2000122070312,582.1701049804688,582.9299926757812,2792388.0,1729533600.0,0.0004936969433673768,0.0004936969433673768,0.13227972727451398,0.13227972727451398
2024-10-21 19:00:00,582.9000244140625,583.72998046875,582.2899780273438,583.6699829101562,5498195.0,1729537200.0,0.001268627377176673,0.001268627377176673,0.3072203715320153,0.3072203715320153
2024-10-22 13:00:00,581.0499877929688,582.239990234375,580.3800048828125,581.4099731445312,6641290.0,1729602000.0,0.0013096020804857537,0.0013096020804857537,0.3164704160294477,0.3164704160294477
2024-10-22 14:00:00,581.4299926757812,582.27001953125,581.02001953125,582.0780029296875,3535831.0,1729605600.0,0.00114832275416921,0.00114832275416921,0.28006158754591537,0.28006158754591537
2024-10-22 15:00:00,582.0599975585938,582.3499755859375,581.5700073242188,581.760009765625,2203413.0,1729609200.0,-0.0005464560677807386,-0.0005464560677807386,-0.10253494764043634,-0.10253494764043634
2024-10-22 16:00:00,581.760009765625,582.7100219726562,581.7000122070312,582.6599731445312,1833438.0,1729612800.0,0.0015457714077620783,0.0015457714077620783,0.36978567178019595,0.36978567178019595
2024-10-22 17:00:00,582.6699829101562,584.5,582.630126953125,583.6799926757812,5398675.0,1729616400.0,0.0017490951543977474,0.0017490951543977474,0.4156860335125967,0.4156860335125967
2024-10-22 18:00:00,583.6900024414062,583.7100219726562,582.8499755859375,583.6400146484375,3000807.0,1729620000.0,-6.849540333163926e-05,-6.849540333163926e-05,0.005364733312145448,0.005364733312145448
2024-10-22 19:00:00,583.6500244140625,584.260009765625,583.22998046875,583.3200073242188,4491637.0,1729623600.0,-0.0005484460927789327,-0.0005484460927789327,-0.10298419603756187,-0.10298419603756187
2024-10-23 13:00:00,581.260009765625,581.7086181640625,580.0999755859375,580.9921264648438,5822539.0,1729688400.0,-0.0035870386085268702,-0.0035870386085268702,-0.7889468439722044,-0.7889468439722044
2024-10-23 14:00:00,580.989990234375,581.6400146484375,578.8300170898438,578.89990234375,4807933.0,1729692000.0,-0.0036076226722991304,-0.0036076226722991304,-0.7935936989938293,-0.7935936989938293
2024-10-23 15:00:00,578.8800048828125,579.8980712890625,578.0900268554688,578.1986083984375,3893783.0,1729695600.0,-0.0012121595951793077,-0.0012121595951793077,-0.252817603846266,-0.252817603846266
2024-10-23 16:00:00,578.1799926757812,578.8350219726562,576.4600219726562,577.0,5448488.0,1729699200.0,-0.002075156288886486,-0.002075156288886486,-0.44763921750659685,-0.44763921750659685
2024-10-23 17:00:00,576.9700927734375,576.97998046875,574.4149780273438,575.510009765625,6452625.0,1729702800.0,-0.002585645333868136,-0.002585645333868136,-0.5628821845126698,-0.5628821845126698
2024-10-23 18:00:00,575.510009765625,577.5499877929688,575.4000244140625,577.280029296875,7481003.0,1729706400.0,0.0030708470098241994,0.0030708470098241994,0.7140716834350187,0.7140716834350187
2024-10-23 19:00:00,577.2899780273438,578.1300048828125,577.0800170898438,577.9299926757812,7714967.0,1729710000.0,0.00112527321461503,0.00112527321461503,0.27485815105210576,0.27485815105210576
2024-10-24 13:00:00,579.97998046875,580.0599975585938,578.6199951171875,578.9299926757812,7059462.0,1729774800.0,-4.271413446302813e-05,-4.271413446302813e-05,0.011184858047058897,0.011184858047058897
2024-10-24 14:00:00,578.9249877929688,579.8300170898438,578.25,578.6500244140625,3019840.0,1729778400.0,-0.0004837130272539399,-0.0004837130272539399,-0.08837069824003939,-0.08837069824003939
2024-10-24 15:00:00,578.6099853515625,578.7100219726562,576.5700073242188,578.010009765625,3859423.0,1729782000.0,-0.0011066600294701494,-0.0011066600294701494,-0.22900106343331242,-0.22900106343331242
2024-10-24 16:00:00,578.02001953125,579.5089721679688,578.0150146484375,579.0499877929688,2858108.0,1729785600.0,0.001797622093220323,0.001797622093220323,0.4266409961403193,0.4266409961403193
2024-10-24 17:00:00,579.0499877929688,579.5601196289062,578.0701293945312,578.8800048828125,2510261.0,1729789200.0,-0.0002935979073907804,-0.0002935979073907804,-0.04545218568599774,-0.04545218568599774
2024-10-24 18:00:00,578.8900146484375,579.5371704101562,578.25,579.4400024414062,3389197.0,1729792800.0,0.0009669134585991556,0.0009669134585991556,0.2391084159362755,0.2391084159362755
2024-10-24 19:00:00,579.4400024414062,579.885009765625,579.0001220703125,579.1799926757812,5692343.0,1729796400.0,-0.00044882665772316715,-0.00044882665772316715,-0.08049509586949091,-0.08049509586949091
2024-10-25 13:00:00,581.510009765625,584.4600219726562,581.469970703125,584.1749877929688,8583773.0,1729861200.0,-0.003239606559130969,-0.003239606559130969,-0.7105140145138888,-0.7105140145138888
2024-10-25 14:00:00,584.1599731445312,584.3200073242188,582.3200073242188,582.5,4621778.0,1729864800.0,-0.002871389138076947,-0.002871389138076947,-0.6273888847530431,-0.6273888847530431
2024-10-25 15:00:00,582.6500244140625,582.760009765625,581.7031860351562,582.7000122070312,4000281.0,1729868400.0,0.0003433096582567567,0.0003433096582567567,0.09832977848225527,0.09832977848225527
2024-10-25 16:00:00,582.739990234375,582.7999877929688,580.010009765625,580.4500122070312,3952657.0,1729872000.0,-0.003868809283778728,-0.003868809283778728,-0.8525566098438617,-0.8525566098438617
2024-10-25 17:00:00,580.25,580.5700073242188,578.0800170898438,579.8300170898438,6592733.0,1729875600.0,-0.0010686992114691146,-0.0010686992114691146,-0.22043140392852512,-0.22043140392852512
2024-10-25 18:00:00,579.8400268554688,580.52001953125,579.010009765625,579.510009765625,3776882.0,1729879200.0,-0.0005520508650320107,-0.0005520508650320107,-0.10379797383340233,-0.10379797383340233
2024-10-25 19:00:00,579.5,579.7000122070312,578.5399780273438,579.0150146484375,6576322.0,1729882800.0,-0.00085452646576872,-0.00085452646576872,-0.1720818792737153,-0.1720818792737153
2024-10-28 13:00:00,582.5800170898438,582.7100219726562,581.239990234375,582.4099731445312,7213735.0,1730120400.0,-0.0016708144003324647,-0.0016708144003324647,-0.35635898460075804,-0.35635898460075804
2024-10-28 14:00:00,582.4000244140625,582.5,581.22998046875,581.5900268554688,2727818.0,1730124000.0,-0.0014088426540965597,-0.0014088426540965597,-0.29721882947936284,-0.29721882947936284
2024-10-28 15:00:00,581.5800170898438,581.719970703125,580.5700073242188,581.5349731445312,2221715.0,1730127600.0,-9.466516664785959e-05,-9.466516664785959e-05,-0.0005430940938595599,-0.0005430940938595599
2024-10-28 16:00:00,581.5399780273438,581.639892578125,580.5999755859375,581.3300170898438,2952664.0,1730131200.0,-0.00035250189580217573,-0.00035250189580217573,-0.05874976858175712,-0.05874976858175712
2024-10-28 17:00:00,581.3599853515625,581.8699951171875,581.2449951171875,581.3200073242188,2785104.0,1730134800.0,-1.7218879998372657e-05,-1.7218879998372657e-05,0.016940414993804616,0.016940414993804616
2024-10-28 18:00:00,581.3300170898438,581.780029296875,580.7899780273438,581.4525146484375,2833673.0,1730138400.0,0.0002279161612239686,0.0002279161612239686,0.0722796818112425,0.0722796818112425
2024-10-28 19:00:00,581.4099731445312,581.7098999023438,580.52001953125,580.77001953125,6280965.0,1730142000.0,-0.001174465604593203,-0.001174465604593203,-0.24430818066442705,-0.24430818066442705
2024-10-29 13:00:00,579.8499755859375,581.8499755859375,578.4299926757812,580.4650268554688,7563013.0,1730206800.0,0.0009763783088031032,0.0009763783088031032,0.24124510707684668,0.24124510707684668
2024-10-29 14:00:00,580.469970703125,581.6099853515625,580.4201049804688,581.0,8592646.0,1730210400.0,0.0009212041172034634,0.0009212041172034634,0.22878952628699334,0.22878952628699334
2024-10-29 15:00:00,581.0399780273438,582.0,580.739990234375,581.3900146484375,2093641.0,1730214000.0,0.0006710564580878514,0.0006710564580878514,0.1723186603409022,0.1723186603409022
2024-10-29 16:00:00,581.3800048828125,582.77001953125,580.8300170898438,582.0098876953125,3105038.0,1730217600.0,0.0010656234443280192,0.0010656234443280192,0.26139220780281835,0.26139220780281835
2024-10-29 17:00:00,582.010009765625,582.3599853515625,581.510009765625,582.3599853515625,2290586.0,1730221200.0,0.0006013512972198897,0.0006013512972198897,0.1565827113856249,0.1565827113856249
2024-10-29 18:00:00,582.3499755859375,582.906982421875,582.2999877929688,582.8400268554688,3747655.0,1730224800.0,0.0008239641710197963,0.0008239641710197963,0.2068375960352492,0.2068375960352492
2024-10-29 19:00:00,582.8150024414062,582.89501953125,581.3400268554688,581.7050170898438,7417361.0,1730228400.0,-0.0019492764679485777,-0.0019492764679485777,-0.4192218318767071,-0.4192218318767071
2024-10-30 13:00:00,581.2899780273438,582.9000244140625,579.2899780273438,582.7089233398438,7505829.0,1730293200.0,0.0005421090477893962,0.0005421090477893962,0.1432087660216665,0.1432087660216665
2024-10-30 14:00:00,582.7100219726562,582.9600219726562,581.5900268554688,582.8499755859375,3559267.0,1730296800.0,0.00024203366627346842,0.00024203366627346842,0.07546671037653925,0.07546671037653925
2024-10-30 15:00:00,582.85009765625,583.3200073242188,582.3900146484375,582.489990234375,2284474.0,1730300400.0,-0.000617820333244475,-0.000617820333244475,-0.11864543966979152,-0.11864543966979152
2024-10-30 16:00:00,582.4600219726562,582.5999755859375,581.4600219726562,581.52001953125,3109763.0,1730304000.0,-0.0016666023822822888,-0.0016666023822822888,-0.3554081209887821,-0.3554081209887821
2024-10-30 17:00:00,581.4400024414062,581.8099975585938,580.2899780273438,581.1300048828125,3446308.0,1730307600.0,-0.0006709063860611826,-0.0006709063860611826,-0.1306296228631025,-0.1306296228631025
2024-10-30 18:00:00,581.1099853515625,581.4340209960938,580.1400146484375,580.5701293945312,4485033.0,1730311200.0,-0.0009638899318490714,-0.0009638899318490714,-0.19677069568821984,-0.19677069568821984
2024-10-30 19:00:00,580.5700073242188,580.75,579.3800048828125,579.9600219726562,8955583.0,1730314800.0,-0.0010514289135228777,-0.0010514289135228777,-0.21653263196472172,-0.21653263196472172
2024-10-31 13:00:00,575.5599975585938,575.6300048828125,571.77001953125,571.989990234375,11128418.0,1730379600.0,-0.0020133364580295463,-0.0020133364580295463,-0.4336833828069054,-0.4336833828069054
2024-10-31 14:00:00,571.969970703125,572.5399780273438,570.2750244140625,571.0800170898438,6925262.0,1730383200.0,-0.0015921567899246907,-0.0015921567899246907,-0.33860201902018333,-0.33860201902018333
2024-10-31 15:00:00,571.0,571.9099731445312,570.1099853515625,571.5,4857257.0,1730386800.0,0.0007351483883653799,0.0007351483883653799,0.18678742177454716,0.18678742177454716
2024-10-31 16:00:00,571.47998046875,571.989990234375,571.0399780273438,571.176513671875,2448969.0,1730390400.0,-0.0005661905760663877,-0.0005661905760663877,-0.10699001540261699,-0.10699001540261699
2024-10-31 17:00:00,571.0499877929688,571.2545166015625,569.9199829101562,570.4901123046875,3732994.0,1730394000.0,-0.0012024551375597907,-0.0012024551375597907,-0.2506268213010734,-0.2506268213010734
2024-10-31 18:00:00,570.5,571.739990234375,569.7100219726562,571.1749877929688,7231289.0,1730397600.0,0.0011997836675187174,0.0011997836675187174,0.29167889529725577,0.29167889529725577
2024-10-31 19:00:00,571.1799926757812,572.0,568.4400024414062,568.5700073242188,10434402.0,1730401200.0,-0.004571171649734306,-0.004521935781517176,-1.0,-1.0
2024-11-01 13:00:00,571.3200073242188,575.5003051757812,570.6799926757812,575.4600219726562,10853991.0,1730466000.0,0.0011425291434424784,0.0011425291434424784,0.2787536791855102,0.2787536791855102
2024-11-01 14:00:00,575.25,575.5499877929688,572.8599853515625,575.2000122070312,6287159.0,1730469600.0,-0.00045193152160840586,-0.00045193152160840586,-0.08119601928753953,-0.08119601928753953
2024-11-01 15:00:00,575.2000122070312,575.27001953125,573.2999877929688,573.3900146484375,2837231.0,1730473200.0,-0.0031516886173834817,-0.0031516886173834817,-0.6906665279524257,-0.6906665279524257
2024-11-01 16:00:00,573.469970703125,574.239990234375,572.1500244140625,573.7000122070312,2631482.0,1730476800.0,0.0005404938738596927,0.0005404938738596927,0.14284414030105658,0.14284414030105658
2024-11-01 17:00:00,573.6799926757812,573.75,571.1400146484375,571.9201049804688,3716107.0,1730480400.0,-0.003107327869010829,-0.003107327869010829,-0.6806520833500775,-0.6806520833500775
2024-11-01 18:00:00,571.9199829101562,572.9400024414062,571.6201171875,571.74951171875,3821032.0,1730484000.0,-0.0002983261258200003,-0.0002983261258200003,-0.046519581599372695,-0.046519581599372695
2024-11-01 19:00:00,571.739990234375,572.239990234375,570.6199951171875,571.02001953125,7784087.0,1730487600.0,-0.0012767093742700989,-0.0012767093742700989,-0.26738972470789335,-0.26738972470789335
2024-11-04 14:00:00,571.1799926757812,572.5,569.27001953125,572.1099243164062,5624924.0,1730728800.0,-0.0013561095196637854,-0.0013561095196637854,-0.2853143176562316,-0.2853143176562316
2024-11-04 15:00:00,572.0900268554688,572.219970703125,571.0203857421875,571.1099853515625,5091903.0,1730732400.0,-0.0017493383580661711,-0.0017493383580661711,-0.37408577807311766,-0.37408577807311766
2024-11-04 16:00:00,571.1099853515625,571.1799926757812,567.8900146484375,570.010009765625,4733802.0,1730736000.0,-0.001927888270013716,-0.001927888270013716,-0.4143934434653256,-0.4143934434653256
2024-11-04 17:00:00,569.97998046875,571.0900268554688,569.2324829101562,570.5499877929688,3296834.0,1730739600.0,0.000946864818760581,0.000946864818760581,0.23458243293596145,0.23458243293596145
2024-11-04 18:00:00,570.469970703125,571.27001953125,570.2600708007812,570.3302001953125,2922060.0,1730743200.0,-0.00038529479727897196,-0.00038529479727897196,-0.06615277027214535,-0.06615277027214535
2024-11-04 19:00:00,570.3200073242188,571.0700073242188,569.9400024414062,570.239990234375,3121642.0,1730746800.0,-0.00015818397128478453,-0.00015818397128478453,-0.014882472341048891,-0.014882472341048891
2024-11-04 20:00:00,570.22998046875,570.27001953125,569.1699829101562,569.780029296875,7673360.0,1730750400.0,-0.0008069348863671551,-0.0008069348863671551,-0.16133807415457,-0.16133807415457
2024-11-05 14:00:00,570.739990234375,574.780029296875,570.52001953125,574.010009765625,7820983.0,1730815200.0,0.0009554546987813645,0.0009554546987813645,0.2365215994461005,0.2365215994461005
2024-11-05 15:00:00,574.0499877929688,575.2100219726562,573.5454711914062,574.7100219726562,5423678.0,1730818800.0,0.0012187691941294254,0.0012187691941294254,0.29596488035080254,0.29596488035080254
2024-11-05 16:00:00,574.7100219726562,576.2100219726562,574.7100219726562,575.6699829101562,3252173.0,1730822400.0,0.001668946185168068,0.001668946185168068,0.39759239348778735,0.39759239348778735
2024-11-05 17:00:00,575.6640014648438,576.4299926757812,575.330078125,575.3800048828125,3969752.0,1730826000.0,-0.0005038495922047098,-0.0005038495922047098,-0.09291653034564437,-0.09291653034564437
2024-11-05 18:00:00,575.3200073242188,575.8699951171875,574.5999755859375,575.4299926757812,4258861.0,1730829600.0,8.687410277320891e-05,8.687410277320891e-05,0.04043941912922204,0.04043941912922204
2024-11-05 19:00:00,575.4400024414062,575.8699951171875,574.7000122070312,575.6898803710938,4216684.0,1730833200.0,0.0004515388984472989,0.0004515388984472989,0.12276254325749023,0.12276254325749023
2024-11-05 20:00:00,575.6699829101562,576.7100219726562,575.260009765625,576.6799926757812,6227081.0,1730836800.0,0.0017183936711389156,0.0017183936711389156,0.40875516975162757,0.40875516975162757
2024-11-06 14:00:00,589.2000122070312,589.4299926757812,585.3900146484375,588.8200073242188,19813490.0,1730901600.0,-0.001210842638629088,-0.001210842638629088,-0.2525203007371055,-0.2525203007371055
2024-11-06 15:00:00,588.8200073242188,589.0399780273438,586.3099975585938,588.1500244140625,7282837.0,1730905200.0,-0.0011384877515250697,-0.0011384877515250697,-0.2361861757461251,-0.2361861757461251
2024-11-06 16:00:00,588.1599731445312,589.0900268554688,588.1599731445312,588.760009765625,5613154.0,1730908800.0,0.001036587994778135,0.001036587994778135,0.2548374513641095,0.2548374513641095
2024-11-06 17:00:00,588.75,590.27001953125,588.510009765625,590.1900024414062,4460904.0,1730912400.0,0.0024258761817755933,0.0024258761817755933,0.5684694367514356,0.5684694367514356
2024-11-06 18:00:00,590.219970703125,590.7100219726562,589.7899780273438,590.5499877929688,5136241.0,1730916000.0,0.0006097622943131711,0.0006097622943131711,0.15848149505206782,0.15848149505206782
2024-11-06 19:00:00,590.530029296875,591.6599731445312,590.1199951171875,591.114990234375,5595203.0,1730919600.0,0.0009562820172705573,0.0009562820172705573,0.23670836670054174,0.23670836670054174
2024-11-06 20:00:00,591.1099853515625,591.9299926757812,590.6699829101562,591.0399780273438,11275561.0,1730923200.0,-0.00012690756989703042,-0.00012690756989703042,-0.007821820739157607,-0.007821820739157607
2024-11-07 14:00:00,593.3599853515625,594.405029296875,592.9998779296875,594.27001953125,7972498.0,1730988000.0,0.00038397659117831096,0.00038397659117831096,0.1075103437754543,0.1075103437754543
2024-11-07 15:00:00,594.27001953125,595.0,594.0599975585938,594.6099853515625,5086265.0,1730991600.0,0.0005719094074803966,0.0005719094074803966,0.1499362010222795,0.1499362010222795
2024-11-07 16:00:00,594.5900268554688,595.2999877929688,594.5800170898438,595.2349853515625,3110405.0,1730995200.0,0.0010505571278138974,0.0010505571278138974,0.25799098492838357,0.25799098492838357
2024-11-07 17:00:00,595.2100219726562,595.5599975585938,594.5499877929688,594.8499755859375,4494370.0,1730998800.0,-0.0006470290637966611,-0.0006470290637966611,-0.12523931431686813,-0.12523931431686813
2024-11-07 18:00:00,594.8499755859375,595.4000244140625,594.2000122070312,594.739990234375,4141976.0,1731002400.0,-0.0001849130457318084,-0.0001849130457318084,-0.02091656430616043,-0.02091656430616043
2024-11-07 19:00:00,594.7199096679688,596.6500244140625,593.9199829101562,596.1500244140625,5637598.0,1731006000.0,0.0023680353706076397,0.0023680353706076397,0.5554118662539677,0.5554118662539677
2024-11-07 20:00:00,596.1300048828125,596.4000244140625,595.1799926757812,595.5499877929688,9165377.0,1731009600.0,-0.0010070263751876104,-0.0010070263751876104,-0.206508753272984,-0.206508753272984
2024-11-08 14:00:00,596.1699829101562,597.5798950195312,596.1649780273438,597.3350219726562,6647628.0,1731074400.0,0.0015537984886361033,0.0015537984886361033,0.3715977863111818,0.3715977863111818
2024-11-08 15:00:00,597.3300170898438,598.0800170898438,597.219970703125,597.9899291992188,4291137.0,1731078000.0,0.0010957811789193564,0.0010957811789193564,0.26820032023275764,0.26820032023275764
2024-11-08 16:00:00,597.97998046875,598.219970703125,597.4400024414062,597.6400146484375,4149684.0,1731081600.0,-0.0005853225114877094,-0.0005853225114877094,-0.111309052263831,-0.111309052263831
2024-11-08 17:00:00,597.6400146484375,598.3499755859375,597.6099853515625,598.1749877929688,2590616.0,1731085200.0,0.0008947423792627711,0.0008947423792627711,0.22281578557227893,0.22281578557227893
2024-11-08 18:00:00,598.25,599.25,598.1400146484375,599.22998046875,4147990.0,1731088800.0,0.0017621322388560949,0.0017621322388560949,0.4186291569916573,0.4186291569916573
2024-11-08 19:00:00,599.2100219726562,599.6400146484375,598.239990234375,598.25,5752043.0,1731092400.0,-0.0016367383229903402,-0.0016367383229903402,-0.3486663057951316,-0.3486663057951316
2024-11-08 20:00:00,598.280029296875,598.3123168945312,597.6199951171875,598.239990234375,10548855.0,1731096000.0,-1.673188360444671e-05,-1.673188360444671e-05,0.0170503544918389,0.0170503544918389
2024-11-11 14:00:00,599.8099975585938,600.1699829101562,598.530029296875,598.8699951171875,7391401.0,1731333600.0,0.00048325948022711197,0.00048325948022711197,0.12992346863953408,0.12992346863953408
2024-11-11 15:00:00,598.8800048828125,599.9500122070312,598.8800048828125,599.1099853515625,3542804.0,1731337200.0,0.0004006581770948112,0.0004006581770948112,0.11127621392346759,0.11127621392346759
2024-11-11 16:00:00,599.0650024414062,599.5599975585938,598.6849975585938,598.80908203125,2057855.0,1731340800.0,-0.0005023767211561096,-0.0005023767211561096,-0.09258402951859111,-0.09258402951859111
2024-11-11 17:00:00,598.7999877929688,599.030029296875,597.0,597.8499755859375,4612077.0,1731344400.0,-0.001602973954157014,-0.001602973954157014,-0.34104399522511775,-0.34104399522511775
2024-11-11 18:00:00,597.8499755859375,598.6400146484375,597.5701293945312,598.1436767578125,2244888.0,1731348000.0,0.0004911416999636556,0.0004911416999636556,0.1317028807502597,0.1317028807502597
2024-11-11 19:00:00,598.1599731445312,598.5888061523438,598.010009765625,598.2799072265625,3052366.0,1731351600.0,0.0002277294950757729,0.0002277294950757729,0.07223754190448223,0.07223754190448223
2024-11-11 20:00:00,598.27001953125,598.8400268554688,597.97998046875,598.719970703125,7283055.0,1731355200.0,0.00073527742901639,0.00073527742901639,0.18681655271796896,0.18681655271796896
2024-11-12 14:00:00,598.6799926757812,599.2899780273438,597.7899780273438,597.9534301757812,6625179.0,1731420000.0,-0.0013109670441557705,-0.0013109670441557705,-0.2751233980533837,-0.2751233980533837
2024-11-12 15:00:00,597.9650268554688,598.3798828125,597.0399169921875,597.1749877929688,3074223.0,1731423600.0,-0.0013026926331829807,-0.0013026926331829807,-0.2732554487210603,-0.2732554487210603
2024-11-12 16:00:00,597.2299194335938,597.3499145507812,596.0399780273438,596.4924926757812,3105337.0,1731427200.0,-0.0011435264891219471,-0.0011435264891219471,-0.23732367140119853,-0.23732367140119853
2024-11-12 17:00:00,596.489990234375,596.6699829101562,594.3699951171875,595.8234252929688,5111232.0,1731430800.0,-0.0011222989527467136,-0.0011222989527467136,-0.23253155235739187,-0.23253155235739187
2024-11-12 18:00:00,595.8099975585938,598.280029296875,595.7999877929688,597.97998046875,3921707.0,1731434400.0,0.003612919030383777,0.003612919030383777,0.8364445112055112,0.8364445112055112
2024-11-12 19:00:00,597.97998046875,598.4000244140625,597.1799926757812,597.3900146484375,5016605.0,1731438000.0,-0.0009870849538209292,-0.0009870849538209292,-0.20200697485637323,-0.20200697485637323
2024-11-12 20:00:00,597.3900146484375,597.5700073242188,596.510009765625,596.8900146484375,6671976.0,1731441600.0,-0.0008373246088815899,-0.0008373246088815899,-0.16819855788773339,-0.16819855788773339
2024-11-13 14:00:00,597.469970703125,597.719970703125,594.9600219726562,596.3200073242188,7383708.0,1731506400.0,0.0028203374387964445,0.0028203374387964445,0.6575191158286076,0.6575191158286076
2024-11-13 15:00:00,596.3499755859375,598.1400146484375,596.0499877929688,597.97998046875,3493972.0,1731510000.0,0.002779827899930486,0.002779827899930486,0.6483740822635314,0.6483740822635314
2024-11-13 16:00:00,597.969970703125,599.0599975585938,597.219970703125,598.4600219726562,3495807.0,1731513600.0,0.0008024498155962058,0.0008024498155962058,0.2019807275546986,0.2019807275546986
2024-11-13 17:00:00,598.4500122070312,599.22998046875,598.2899780273438,598.760009765625,3478074.0,1731517200.0,0.0005011406279453088,0.0005011406279453088,0.13396014001725767,0.13396014001725767
2024-11-13 18:00:00,598.7550048828125,599.1500244140625,597.7999877929688,597.9425048828125,2964581.0,1731520800.0,-0.0013662627093594185,-0.0013662627093594185,-0.28760640152483313,-0.28760640152483313
2024-11-13 19:00:00,597.9199829101562,598.1400146484375,596.6849975585938,597.5900268554688,5928055.0,1731524400.0,-0.000589658630274511,-0.000589658630274511,-0.1122879316329265,-0.1122879316329265
2024-11-13 20:00:00,597.3798828125,598.5399780273438,596.47998046875,597.1699829101562,13490464.0,1731528000.0,-0.0007031436592878334,-0.0007031436592878334,-0.13790719140516244,-0.13790719140516244
2024-11-14 14:00:00,597.3200073242188,597.8099975585938,595.1248168945312,596.4199829101562,6566680.0,1731592800.0,0.0009294813256490855,0.0009294813256490855,0.2306581071491654,0.2306581071491654
2024-11-14 15:00:00,596.4099731445312,596.9400024414062,595.8599853515625,596.4600219726562,2730235.0,1731596400.0,6.713007570097582e-05,6.713007570097582e-05,0.03598220249975616,0.03598220249975616
2024-11-14 16:00:00,596.489990234375,596.9299926757812,594.7000122070312,594.8298950195312,3115376.0,1731600000.0,-0.0027367443429393034,-0.0027367443429393034,-0.5969928050797865,-0.5969928050797865
2024-11-14 17:00:00,594.8200073242188,595.7200927734375,593.75,595.139892578125,3520122.0,1731603600.0,0.0005210175398355947,0.0005210175398355947,0.13844735541134545,0.13844735541134545
2024-11-14 18:00:00,595.1199951171875,595.3099975585938,593.77001953125,595.1500244140625,2937077.0,1731607200.0,1.7024148139205704e-05,1.7024148139205704e-05,0.024670782962795644,0.024670782962795644
2024-11-14 19:00:00,595.1300048828125,595.7899780273438,593.02001953125,594.1400146484375,5064339.0,1731610800.0,-0.0016985091529711802,-0.0016985091529711802,-0.36261107854079466,-0.36261107854079466
2024-11-14 20:00:00,594.1500244140625,594.3699951171875,592.6500244140625,593.3699951171875,8718052.0,1731614400.0,-0.001296864250136082,-0.001296864250136082,-0.27193969050494293,-0.27193969050494293
2024-11-15 14:00:00,589.719970703125,590.2000122070312,586.6699829101562,586.8150024414062,12285260.0,1731679200.0,0.0016255005131278915,0.0016255005131278915,0.3877845274841933,0.3877845274841933
2024-11-15 15:00:00,586.8200073242188,587.5999755859375,586.0399780273438,587.239990234375,13822178.0,1731682800.0,0.0007239657668204868,0.0007239657668204868,0.18426294353469416,0.18426294353469416
2024-11-15 16:00:00,587.22998046875,587.3800048828125,585.216796875,585.4671020507812,6892212.0,1731686400.0,-0.0030235845692611263,-0.0030235845692611263,-0.6617470227519964,-0.6617470227519964
2024-11-15 17:00:00,585.469970703125,585.8099975585938,584.6400146484375,585.4299926757812,5443749.0,1731690000.0,-6.338622784116475e-05,-6.338622784116475e-05,0.006518130330681184,0.006518130330681184
2024-11-15 18:00:00,585.25,585.3800048828125,583.8599853515625,584.0900268554688,7623362.0,1731693600.0,-0.0022914809225468955,-0.0022914809225468955,-0.49647453114280526,-0.49647453114280526
2024-11-15 19:00:00,584.1099853515625,586.2299194335938,584.030029296875,585.3099975585938,6377231.0,1731697200.0,0.002086490713604546,0.002086490713604546,0.49185312403079234,0.49185312403079234
2024-11-15 20:00:00,585.469970703125,586.1900024414062,584.72998046875,585.719970703125,9279457.0,1731700800.0,0.0007001924329734537,0.0007001924329734537,0.17889611038696918,0.17889611038696918
2024-11-18 14:00:00,586.219970703125,587.3900146484375,585.3400268554688,587.3599853515625,5730154.0,1731938400.0,0.002829716854788803,0.002829716854788803,0.6596365201850174,0.6596365201850174
2024-11-18 15:00:00,587.3699951171875,589.1400146484375,587.3037719726562,588.6500244140625,4079522.0,1731942000.0,0.002193926189801275,0.002193926189801275,0.5161066964831971,0.5161066964831971
2024-11-18 16:00:00,588.6500244140625,589.489990234375,587.8300170898438,588.3699951171875,3370793.0,1731945600.0,-0.0004758275942833916,-0.0004758275942833916,-0.08659056074132741,-0.08659056074132741
2024-11-18 17:00:00,588.3400268554688,588.6799926757812,587.75,588.1400146484375,2725350.0,1731949200.0,-0.0003909537016605694,-0.0003909537016605694,-0.06743026865795772,-0.06743026865795772
2024-11-18 18:00:00,588.1400146484375,588.4459838867188,587.02001953125,587.280029296875,2857934.0,1731952800.0,-0.0014632820147010357,-0.0014632820147010357,-0.3095085220783467,-0.3095085220783467
2024-11-18 19:00:00,587.280029296875,588.4099731445312,587.1099853515625,588.39501953125,2717875.0,1731956400.0,0.0018967665763969513,0.0018967665763969513,0.44902287586110556,0.44902287586110556
2024-11-18 20:00:00,588.3800048828125,588.3900146484375,587.5142822265625,588.1500244140625,8855884.0,1731960000.0,-0.0004164653482488792,-0.0004164653482488792,-0.07318952612870884,-0.07318952612870884
2024-11-19 14:00:00,584.7100219726562,586.47998046875,584.030029296875,586.4600219726562,8524394.0,1732024800.0,0.0045157701372805946,0.004337416910343824,0.9999999999999998,0.9999999999999998
2024-11-19 15:00:00,586.4500122070312,589.010009765625,586.0900268554688,588.89990234375,4412844.0,1732028400.0,0.0041517220814810485,0.0041517220814810485,0.9580793687030041,0.9580793687030041
2024-11-19 16:00:00,588.8900146484375,589.239990234375,588.030029296875,588.97998046875,3043412.0,1732032000.0,0.00013596993427237108,0.00013596993427237108,0.051522809351233635,0.051522809351233635
2024-11-19 17:00:00,588.969970703125,589.6300048828125,588.8599853515625,589.5507202148438,3925160.0,1732035600.0,0.0009685616002719454,0.0009685616002719454,0.2394804841290914,0.2394804841290914
2024-11-19 18:00:00,589.5599975585938,591.0449829101562,589.4000244140625,590.1300048828125,5450771.0,1732039200.0,0.0009821042290611187,0.0009821042290611187,0.24253773430530684,0.24253773430530684
2024-11-19 19:00:00,590.1400146484375,590.3599853515625,589.0900268554688,589.8800048828125,6312238.0,1732042800.0,-0.00042372522550069593,-0.00042372522550069593,-0.07482844434414151,-0.07482844434414151
2024-11-19 20:00:00,589.8800048828125,590.5999755859375,589.6799926757812,590.280029296875,6088097.0,1732046400.0,0.0006779155670366425,0.0006779155670366425,0.17386710506081782,0.17386710506081782
2024-11-20 14:00:00,590.3800048828125,590.530029296875,584.6300048828125,585.7139282226562,9235542.0,1732111200.0,-0.0004493072325982729,-0.0004493072325982729,-0.08060358570883262,-0.08060358570883262
2024-11-20 15:00:00,585.719970703125,587.6859741210938,585.6199951171875,585.8699951171875,7665516.0,1732114800.0,0.00026642034317017615,0.00026642034317017615,0.08097200579594649,0.08097200579594649
2024-11-20 16:00:00,585.9000244140625,588.7999877929688,585.5399780273438,587.2050170898438,4253187.0,1732118400.0,0.002276107725631391,0.002276107725631391,0.5346591886772635,0.5346591886772635
2024-11-20 17:00:00,587.2000122070312,588.2899780273438,586.5399780273438,587.5999755859375,2951747.0,1732122000.0,0.0006723813968037138,0.0006723813968037138,0.17261776542497448,0.17261776542497448
2024-11-20 18:00:00,587.6021728515625,587.6021728515625,586.1500244140625,586.619873046875,2680996.0,1732125600.0,-0.0016693684199179128,-0.0016693684199179128,-0.3560325543377705,-0.3560325543377705
2024-11-20 19:00:00,586.6099853515625,588.52001953125,586.52001953125,588.47998046875,4795676.0,1732129200.0,0.0031658738956129623,0.0031658738956129623,0.7355240150203869,0.7355240150203869
2024-11-20 20:00:00,588.47998046875,590.7899780273438,588.47998046875,590.47998046875,9327426.0,1732132800.0,0.003392824158255319,0.003392824158255319,0.7867580657543313,0.7867580657543313
2024-11-21 14:00:00,593.4000244140625,593.5700073242188,587.5399780273438,587.7391967773438,10426898.0,1732197600.0,0.008847697050023088,0.004337416910343824,0.9999999999999998,0.9999999999999998
2024-11-21 15:00:00,587.6900024414062,592.75,587.4500122070312,592.7249755859375,5418336.0,1732201200.0,0.008447199960913483,0.004337416910343824,0.9999999999999998,0.9999999999999998
2024-11-21 16:00:00,592.75,593.280029296875,591.0800170898438,593.0,3958697.0,1732204800.0,0.00046389242810475085,0.00046389242810475085,0.12555135415307653,0.12555135415307653
2024-11-21 17:00:00,593.010009765625,594.6799926757812,592.880126953125,594.4299926757812,3530532.0,1732208400.0,0.002408551874044729,0.002408551874044729,0.5645584720718648,0.5645584720718648
2024-11-21 18:00:00,594.4500122070312,594.7999877929688,593.52001953125,594.4199829101562,4282940.0,1732212000.0,-1.6839409228722384e-05,-1.6839409228722384e-05,0.017026080568446178,0.017026080568446178
2024-11-21 19:00:00,594.4299926757812,595.1199951171875,593.8599853515625,594.9000244140625,5360488.0,1732215600.0,0.0008072537702529351,0.0008072537702529351,0.20306522093109225,0.20306522093109225
2024-11-21 20:00:00,594.9000244140625,595.0,593.5599975585938,593.6099853515625,7259012.0,1732219200.0,-0.00217085183720741,-0.00217085183720741,-0.46924249974387333,-0.46924249974387333
2024-11-22 14:00:00,593.6599731445312,596.1309814453125,593.1525268554688,593.6699829101562,8465340.0,1732284000.0,0.0013978627138252144,0.0013978627138252144,0.3363952652615016,0.3363952652615016
2024-11-22 15:00:00,593.780029296875,595.896484375,593.590087890625,594.5900268554688,4334292.0,1732287600.0,0.0015485569178612059,0.0015485569178612059,0.37041450104030355,0.37041450104030355
2024-11-22 16:00:00,594.5700073242188,595.8800048828125,593.9199829101562,595.6099853515625,2694631.0,1732291200.0,0.0017139283066952618,0.0017139283066952618,0.4077471131590153,0.4077471131590153
2024-11-22 17:00:00,595.6099853515625,596.1500244140625,594.6599731445312,595.52001953125,2381164.0,1732294800.0,-0.00015105961585175337,-0.00015105961585175337,-0.013274148193489842,-0.013274148193489842
2024-11-22 18:00:00,595.52001953125,595.969970703125,594.1500244140625,594.989990234375,3638643.0,1732298400.0,-0.0008904239822377139,-0.0008904239822377139,-0.18018574819451638,-0.18018574819451638
2024-11-22 19:00:00,594.989990234375,595.6300048828125,594.1699829101562,594.77001953125,3555087.0,1732302000.0,-0.0003697732380075271,-0.0003697732380075271,-0.06264877628718878,-0.06264877628718878
2024-11-22 20:00:00,594.75830078125,596.0999755859375,594.6699829101562,595.489990234375,4804386.0,1732305600.0,0.0012097706131888517,0.0012097706131888517,0.29393344955590023,0.29393344955590023
2024-11-25 14:00:00,599.52001953125,600.8599853515625,597.5499877929688,599.1099853515625,12287190.0,1732543200.0,-0.0010669583641396696,-0.0010669583641396696,-0.22003840742189676,-0.22003840742189676
2024-11-25 15:00:00,599.0900268554688,599.260009765625,597.5999755859375,597.989990234375,4340166.0,1732546800.0,-0.0018711811324323671,-0.0018711811324323671,-0.40159179992460836,-0.40159179992460836
2024-11-25 16:00:00,597.969970703125,598.3800048828125,595.75,596.0399780273438,4236635.0,1732550400.0,-0.0032662730291741645,-0.0032662730291741645,-0.7165339735268523,-0.7165339735268523
2024-11-25 17:00:00,596.0399780273438,597.4400024414062,595.2000122070312,597.1503295898438,3470148.0,1732554000.0,0.0018611480095358588,0.0018611480095358588,0.440981979849862,0.440981979849862
2024-11-25 18:00:00,597.1799926757812,597.6099853515625,596.489990234375,596.989990234375,2270237.0,1732557600.0,-0.0002685435769490698,-0.0002685435769490698,-0.039796167393661826,-0.039796167393661826
2024-11-25 19:00:00,596.7100830078125,597.4500122070312,596.6599731445312,597.1400146484375,2618835.0,1732561200.0,0.0002512698185931641,0.0002512698185931641,0.0775517729405753,0.0775517729405753
2024-11-25 20:00:00,597.1099853515625,597.7449951171875,596.8499755859375,597.4500122070312,6562304.0,1732564800.0,0.0005190024336102266,0.0005190024336102266,0.13799244492398688,0.13799244492398688
2024-11-26 14:00:00,598.7999877929688,599.6099853515625,598.0700073242188,598.8150024414062,7503547.0,1732629600.0,0.0015082222990416188,0.0015082222990416188,0.3613089556980028,0.3613089556980028
2024-11-26 15:00:00,598.7999877929688,599.5999755859375,598.219970703125,599.5599975585938,3068458.0,1732633200.0,0.0012433423814106968,0.0012433423814106968,0.30151228051331025,0.30151228051331025
2024-11-26 16:00:00,599.5650024414062,599.8699951171875,599.0700073242188,599.3350219726562,2822299.0,1732636800.0,-0.00037530490145200893,-0.00037530490145200893,-0.06389755001522056,-0.06389755001522056
2024-11-26 17:00:00,599.3499755859375,600.139892578125,599.2999877929688,599.8701171875,2142058.0,1732640400.0,0.0008924165397278733,0.0008924165397278733,0.22229072700066693,0.22229072700066693
2024-11-26 18:00:00,599.8599853515625,600.4099731445312,599.219970703125,599.6801147460938,2987045.0,1732644000.0,-0.0003167894731494204,-0.0003167894731494204,-0.05068768461357648,-0.05068768461357648
2024-11-26 19:00:00,599.6900024414062,600.4500122070312,599.5,600.3715209960938,4624304.0,1732647600.0,0.0011522942945292713,0.0011522942945292713,0.2809581632886804,0.2809581632886804
2024-11-26 20:00:00,600.3699951171875,601.3300170898438,600.260009765625,600.739990234375,10768400.0,1732651200.0,0.0006135471126450206,0.0006135471126450206,0.1593359182731518,0.1593359182731518
2024-11-27 14:00:00,600.4600219726562,600.8499755859375,599.22998046875,599.3499755859375,6282609.0,1732716000.0,-0.0014990742933907624,-0.0014990742933907624,-0.31758863355705746,-0.31758863355705746
2024-11-27 15:00:00,599.3699951171875,599.5900268554688,598.25,598.4598999023438,4307773.0,1732719600.0,-0.0014861721641045882,-0.0014861721641045882,-0.3146759762253255,-0.3146759762253255
2024-11-27 16:00:00,598.4299926757812,599.1500244140625,597.280029296875,598.219970703125,5448310.0,1732723200.0,-0.0004009914569922779,-0.0004009914569922779,-0.0696962932041822,-0.0696962932041822
2024-11-27 17:00:00,598.219970703125,598.8599853515625,597.77001953125,598.477783203125,2285273.0,1732726800.0,0.00043087321447224234,0.00043087321447224234,0.11809726246467521,0.11809726246467521
2024-11-27 18:00:00,598.4600219726562,599.1199951171875,598.3599853515625,598.7100219726562,2893063.0,1732730400.0,0.0003879738357512647,0.0003879738357512647,0.10841272224755778,0.10841272224755778
2024-11-27 19:00:00,598.7100219726562,599.0999755859375,598.3099975585938,598.5499877929688,3623103.0,1732734000.0,-0.00026733404496148363,-0.00026733404496148363,-0.039523115393215486,-0.039523115393215486
2024-11-27 20:00:00,598.5449829101562,598.97998046875,597.9400024414062,598.7899780273438,4372416.0,1732737600.0,0.0004008723410888792,0.0004008723410888792,0.11132456147244026,0.11132456147244026
2024-11-29 14:00:00,599.6599731445312,601.739990234375,599.3804931640625,601.41748046875,5378037.0,1732888800.0,0.0015577166144173087,0.0015577166144173087,0.37248230370595825,0.37248230370595825
2024-11-29 15:00:00,601.4199829101562,602.3897094726562,601.4099731445312,602.3300170898438,3239529.0,1732892400.0,0.001516159822141515,0.001516159822141515,0.36310085255005803,0.36310085255005803
2024-11-29 16:00:00,602.3250122070312,603.260009765625,602.0599975585938,602.8250122070312,4842724.0,1732896000.0,0.0008214630200923518,0.0008214630200923518,0.20627296089441272,0.20627296089441272
2024-12-02 14:00:00,602.969970703125,603.6798706054688,602.469970703125,603.2249755859375,7003062.0,1733148000.0,4.437469899822286e-05,4.437469899822286e-05,0.030845173307170088,0.030845173307170088
2024-12-02 15:00:00,603.219970703125,603.5700073242188,602.469970703125,603.280029296875,2742346.0,1733151600.0,9.126147136220028e-05,9.126147136220028e-05,0.04142986814769763,0.04142986814769763
2024-12-02 16:00:00,603.2650146484375,603.9600219726562,603.1903076171875,603.469970703125,2613542.0,1733155200.0,0.00031479827274683285,0.00031479827274683285,0.09189332956740012,0.09189332956740012
2024-12-02 17:00:00,603.489990234375,603.8798828125,603.4000244140625,603.6699829101562,2297849.0,1733158800.0,0.0003313819715152778,0.0003313819715152778,0.09563710167925661,0.09563710167925661
2024-12-02 18:00:00,603.67578125,603.8300170898438,603.0499877929688,603.4000244140625,2856373.0,1733162400.0,-0.0004472955155154747,-0.0004472955155154747,-0.08014944032084138,-0.08014944032084138
2024-12-02 19:00:00,603.4100952148438,604.3200073242188,603.3900146484375,604.260009765625,3815615.0,1733166000.0,0.001424217863618562,0.001424217863618562,0.34234494368836,0.34234494368836
2024-12-02 20:00:00,604.1199951171875,604.280029296875,603.4500122070312,603.6699829101562,5147465.0,1733169600.0,-0.0009769223481029701,-0.0009769223481029701,-0.1997127653195308,-0.1997127653195308
2024-12-03 14:00:00,603.3900146484375,603.719970703125,602.4400024414062,602.4600219726562,4277390.0,1733234400.0,0.002076236458065444,0.002076236458065444,0.489538224535139,0.489538224535139
2024-12-03 15:00:00,602.47998046875,603.4598999023438,602.3410034179688,603.4199829101562,2876603.0,1733238000.0,0.0015921337718443652,0.0015921337718443652,0.3802519813842553,0.3802519813842553
2024-12-03 16:00:00,603.4000244140625,603.5,602.3699951171875,603.0050048828125,2238843.0,1733241600.0,-0.000687946698566559,-0.000687946698566559,-0.13447647558430215,-0.13447647558430215
2024-12-03 17:00:00,602.9949951171875,603.8499755859375,602.9400024414062,603.5700073242188,2408282.0,1733245200.0,0.0009365393398460413,0.0009365393398460413,0.2322514547542201,0.2322514547542201
2024-12-03 18:00:00,603.5499877929688,603.760009765625,603.1699829101562,603.619873046875,3815128.0,1733248800.0,8.261454721482347e-05,8.261454721482347e-05,0.03947782391870544,0.03947782391870544
2024-12-03 19:00:00,603.5999755859375,604.1599731445312,603.5999755859375,603.9450073242188,3210131.0,1733252400.0,0.0005384957619845355,0.0005384957619845355,0.14239306629042536,0.14239306629042536
2024-12-03 20:00:00,603.9400024414062,604.1400146484375,603.489990234375,603.8499755859375,3985090.0,1733256000.0,-0.00015736402257344589,-0.00015736402257344589,-0.014697368814898068,-0.014697368814898068
2024-12-04 14:00:00,605.6900024414062,606.2100219726562,604.9500122070312,605.6300048828125,6731828.0,1733320800.0,0.0012041517601370786,0.0012041517601370786,0.2926649927629033,0.2926649927629033
2024-12-04 15:00:00,605.6599731445312,606.5,605.5399780273438,606.3300170898438,4477440.0,1733324400.0,0.0011551738872289548,0.0011551738872289548,0.28160823170786164,0.28160823170786164
2024-12-04 16:00:00,606.3206787109375,606.489990234375,606.02001953125,606.3499755859375,2075568.0,1733328000.0,3.291634432184937e-05,3.291634432184937e-05,0.028258448277721792,0.028258448277721792
2024-12-04 17:00:00,606.3499755859375,606.5399780273438,605.8400268554688,605.869873046875,1768813.0,1733331600.0,-0.0007921047732497803,-0.0007921047732497803,-0.15799017422707326,-0.15799017422707326
2024-12-04 18:00:00,605.8599853515625,606.8599853515625,605.2000122070312,606.7800903320312,3128888.0,1733335200.0,0.0015012039476913362,0.0015012039476913362,0.35972456198564273,0.35972456198564273
2024-12-04 19:00:00,606.780029296875,607.52001953125,606.6699829101562,607.3099975585938,4825740.0,1733338800.0,0.0008729290610262677,0.0008729290610262677,0.21789142619858723,0.21789142619858723
2024-12-04 20:00:00,607.3099975585938,607.9099731445312,607.1799926757812,607.5800170898438,9853074.0,1733342400.0,0.00044451684093291277,0.00044451684093291277,0.1211773128781111,0.1211773128781111
2024-12-05 14:00:00,607.6599731445312,608.2000122070312,607.1099853515625,607.1099853515625,3874421.0,1733407200.0,0.0005816363759533732,0.0005816363759533732,0.15213206539551133,0.15213206539551133
2024-12-05 15:00:00,607.1038818359375,607.7100219726562,606.7999877929688,607.6300048828125,2594162.0,1733410800.0,0.0008561825035763853,0.0008561825035763853,0.2141108887186272,0.2141108887186272
2024-12-05 16:00:00,607.5900268554688,608.1699829101562,607.3300170898438,608.0499877929688,2237567.0,1733414400.0,0.0006909432241955577,0.0006909432241955577,0.17680810032582936,0.17680810032582936
2024-12-05 17:00:00,608.0449829101562,608.47998046875,606.8599853515625,607.2899780273438,2255538.0,1733418000.0,-0.0012506950911990082,-0.0012506950911990082,-0.26151699698705444,-0.26151699698705444
2024-12-05 18:00:00,607.3200073242188,607.8900146484375,606.9099731445312,607.0999755859375,3305469.0,1733421600.0,-0.00031291833795447205,-0.00031291833795447205,-0.04981377534964013,-0.04981377534964013
2024-12-05 19:00:00,607.1900024414062,607.5,606.6199951171875,606.7449951171875,2798712.0,1733425200.0,-0.00058488602323583,-0.00058488602323583,-0.11121051498530493,-0.11121051498530493
2024-12-05 20:00:00,606.75,607.385009765625,606.3049926757812,606.6099853515625,7907075.0,1733428800.0,-0.00022253960029076006,-0.00022253960029076006,-0.029410763796269633,-0.029410763796269633
2024-12-06 14:00:00,607.4400024414062,609.0700073242188,607.3400268554688,608.8800048828125,5053995.0,1733493600.0,-0.0012629905278732979,-0.0012629905278732979,-0.2642926933842834,-0.2642926933842834
2024-12-06 15:00:00,608.8800048828125,608.9769897460938,607.5599975585938,608.0,4270210.0,1733497200.0,-0.0014463300123038131,-0.0014463300123038131,-0.3056816053753248,-0.3056816053753248
2024-12-06 16:00:00,607.989990234375,608.2899780273438,607.3200073242188,607.6998901367188,2667723.0,1733500800.0,-0.000493723610263401,-0.000493723610263401,-0.09063058863105129,-0.09063058863105129
2024-12-06 17:00:00,607.7000122070312,608.3900146484375,607.1599731445312,608.0650024414062,1752852.0,1733504400.0,0.0006006298058000873,0.0006006298058000873,0.15641983460559442,0.15641983460559442
2024-12-06 18:00:00,608.0650024414062,608.0662841796875,607.030029296875,607.125,2813995.0,1733508000.0,-0.001547087495794794,-0.001547087495794794,-0.3284276201227782,-0.3284276201227782
2024-12-06 19:00:00,607.1300048828125,607.7498779296875,607.02001953125,607.614990234375,3577317.0,1733511600.0,0.0008067409731946246,0.0008067409731946246,0.20294945692978286,0.20294945692978286
2024-12-06 20:00:00,607.6199951171875,608.1199951171875,607.4500122070312,607.8900146484375,4662115.0,1733515200.0,0.0004525270034281234,0.0004525270034281234,0.12298560808292204,0.12298560808292204
2024-12-09 14:00:00,607.6900024414062,607.8599853515625,606.1799926757812,606.3775024414062,4813215.0,1733752800.0,-0.0010726357260896695,-0.0010726357260896695,-0.22132007260612982,-0.22132007260612982
2024-12-09 15:00:00,606.369873046875,606.6400146484375,604.6099853515625,605.7849731445312,5009899.0,1733756400.0,-0.0009776401365379143,-0.0009776401365379143,-0.19987480615025732,-0.19987480615025732
2024-12-09 16:00:00,605.8599853515625,606.125,605.273193359375,605.6099853515625,2086032.0,1733760000.0,-0.0002889029592843953,-0.0002889029592843953,-0.044392300552245634,-0.044392300552245634
2024-12-09 17:00:00,605.5800170898438,606.0700073242188,605.0399780273438,605.7249755859375,1519429.0,1733763600.0,0.0001898570394293688,0.0001898570394293688,0.06368783021252145,0.06368783021252145
2024-12-09 18:00:00,605.719970703125,606.4299926757812,605.239990234375,605.3699951171875,2242393.0,1733767200.0,-0.000586214107898715,-0.000586214107898715,-0.11151033026731871,-0.11151033026731871
2024-12-09 19:00:00,605.3699951171875,605.4400024414062,604.3200073242188,604.4600219726562,4468028.0,1733770800.0,-0.0015042994524463607,-0.0015042994524463607,-0.31876821388021104,-0.31876821388021104
2024-12-09 20:00:00,604.52001953125,604.7899780273438,604.0800170898438,604.6300048828125,9261807.0,1733774400.0,0.00028117494562122263,0.00028117494562122263,0.08430285918088992,0.08430285918088992
2024-12-10 14:00:00,605.3699951171875,605.510009765625,604.273681640625,605.119873046875,4713731.0,1733839200.0,-0.0008154508236132445,-0.0008154508236132445,-0.1632605480738921,-0.1632605480738921
2024-12-10 15:00:00,605.119873046875,605.7999877929688,604.5800170898438,604.6599731445312,2920019.0,1733842800.0,-0.0007603034981047508,-0.0007603034981047508,-0.15081103230754114,-0.15081103230754114
2024-12-10 16:00:00,604.6500244140625,604.780029296875,604.1799926757812,604.52001953125,2446474.0,1733846400.0,-0.00023148516309218876,-0.00023148516309218876,-0.03143022573949871,-0.03143022573949871
2024-12-10 17:00:00,604.5,605.02001953125,604.0800170898438,604.3499755859375,2354957.0,1733850000.0,-0.0002813271023697075,-0.0002813271023697075,-0.04268204988762367,-0.04268204988762367
2024-12-10 18:00:00,604.3699951171875,604.6199951171875,603.5800170898438,604.02001953125,3058978.0,1733853600.0,-0.0005461176034185407,-0.0005461176034185407,-0.1024585392675066,-0.1024585392675066
2024-12-10 19:00:00,604.02001953125,604.0399780273438,602.6599731445312,602.7318725585938,6375077.0,1733857200.0,-0.0021349002563981535,-0.0021349002563981535,-0.4611264257913633,-0.4611264257913633
2024-12-10 20:00:00,602.739990234375,602.9199829101562,602.1300048828125,602.8699951171875,8230106.0,1733860800.0,0.00022913461384127957,0.00022913461384127957,0.07255474764498684,0.07255474764498684
2024-12-11 14:00:00,605.780029296875,607.25,605.5,606.5349731445312,6758534.0,1733925600.0,0.0016462698068901286,0.0016462698068901286,0.3924731981996774,0.3924731981996774
2024-12-11 15:00:00,606.5599975585938,607.52001953125,606.4816284179688,607.47998046875,2513936.0,1733929200.0,0.0015568301070354683,0.0015568301070354683,0.3722821745514536,0.3722821745514536
2024-12-11 16:00:00,607.47998046875,608.1900024414062,607.3599853515625,607.719970703125,2666780.0,1733932800.0,0.00039498065690944304,0.00039498065690944304,0.10999451301757995,0.10999451301757995
2024-12-11 17:00:00,607.75,608.4349975585938,607.6099853515625,608.3200073242188,1993876.0,1733936400.0,0.0009868699724258955,0.0009868699724258955,0.2436136014776692,0.2436136014776692
2024-12-11 18:00:00,608.3099975585938,608.4000244140625,607.5599975585938,607.9299926757812,2116165.0,1733940000.0,-0.0006413396288686757,-0.0006413396288686757,-0.12395492365631516,-0.12395492365631516
2024-12-11 19:00:00,607.9199829101562,608.216796875,607.7100219726562,608.0700073242188,2718006.0,1733943600.0,0.00023028725173731483,0.00023028725173731483,0.07281495579701,0.07281495579701
2024-12-11 20:00:00,608.0650024414062,608.0650024414062,607.3099975585938,607.5,3811602.0,1733947200.0,-0.0009378437483048671,-0.0009378437483048671,-0.1908907664315073,-0.1908907664315073
2024-12-12 14:00:00,606.5800170898438,606.6599731445312,605.1300048828125,606.5626220703125,5594027.0,1734012000.0,0.0008416688044459394,0.0008416688044459394,0.2108344192890312,0.2108344192890312
2024-12-12 15:00:00,606.5599975585938,607.1599731445312,606.3200073242188,606.864990234375,2183421.0,1734015600.0,0.0004983703473610406,0.0004983703473610406,0.13333474882207175,0.13333474882207175
2024-12-12 16:00:00,606.8800048828125,606.9099731445312,605.77001953125,606.4979248046875,2239766.0,1734019200.0,-0.000605038173386695,-0.000605038173386695,-0.11575986545181893,-0.11575986545181893
2024-12-12 17:00:00,606.489990234375,606.9500122070312,605.8699951171875,606.5167236328125,1753086.0,1734022800.0,3.09952202979865e-05,3.09952202979865e-05,0.02782475428433833,0.02782475428433833
2024-12-12 18:00:00,606.510009765625,606.5499877929688,604.8300170898438,604.9299926757812,2929159.0,1734026400.0,-0.0026195652570306966,-0.0026195652570306966,-0.5705396114923457,-0.5705396114923457
2024-12-12 19:00:00,604.9400024414062,605.4400024414062,604.75,604.8800048828125,3016670.0,1734030000.0,-8.263742752672533e-05,-8.263742752672533e-05,0.002172169546605738,0.002172169546605738
2024-12-12 20:00:00,604.9000244140625,605.3499755859375,604.3400268554688,604.3699951171875,6557089.0,1734033600.0,-0.0008435142375274,-0.0008435142375274,-0.1695958673438738,-0.1695958673438738
2024-12-13 14:00:00,606.330078125,607.1300048828125,604.9199829101562,605.010009765625,6315817.0,1734098400.0,-0.0019429439936184448,-0.0019429439936184448,-0.4177922749891141,-0.4177922749891141
2024-12-13 15:00:00,605.010009765625,605.2673950195312,603.030029296875,603.6798706054688,4285013.0,1734102000.0,-0.0022009610880602834,-0.0022009610880602834,-0.4760396669636714,-0.4760396669636714
2024-12-13 16:00:00,603.6624755859375,604.6599731445312,603.1199951171875,603.23681640625,3546076.0,1734105600.0,-0.0007341918856349083,-0.0007341918856349083,-0.14491633246252178,-0.14491633246252178
2024-12-13 17:00:00,603.239990234375,604.0700073242188,602.8099975585938,603.9788208007812,3086676.0,1734109200.0,0.0012292824332312646,0.0012292824332312646,0.29833824541877135,0.29833824541877135
2024-12-13 18:00:00,603.969970703125,604.5286254882812,603.6799926757812,604.3800048828125,3509093.0,1734112800.0,0.0006640148410302506,0.0006640148410302506,0.17072901439214802,0.17072901439214802
2024-12-13 19:00:00,604.4000244140625,604.6300048828125,603.77001953125,604.27001953125,3231704.0,1734116400.0,-0.00018199702088185984,-0.00018199702088185984,-0.020258271324410763,-0.020258271324410763
2024-12-13 20:00:00,604.260009765625,604.7000122070312,604.0999755859375,604.260009765625,4245131.0,1734120000.0,-1.656519140202726e-05,-1.656519140202726e-05,0.017087985277792955,0.017087985277792955
2024-12-16 14:00:00,606.0,606.6771850585938,605.2100219726562,606.4600219726562,6002002.0,1734357600.0,0.0005261101082760113,0.0005261101082760113,0.13959700338621278,0.13959700338621278
2024-12-16 15:00:00,606.5,607.1099853515625,606.3599853515625,606.719970703125,3298921.0,1734361200.0,0.0004285410837902604,0.0004285410837902604,0.11757078366580664,0.11757078366580664
2024-12-16 16:00:00,606.72998046875,607.030029296875,606.4000244140625,606.9500122070312,2183495.0,1734364800.0,0.00037908411660552105,0.00037908411660552105,0.10640586701672122,0.10640586701672122
2024-12-16 17:00:00,606.9500122070312,607.719970703125,606.8599853515625,607.719970703125,3244392.0,1734368400.0,0.0012677659118144073,0.0012677659118144073,0.3070258956166232,0.3070258956166232
2024-12-16 18:00:00,607.7100219726562,607.7794799804688,607.3200073242188,607.3499755859375,2755892.0,1734372000.0,-0.0006090104191174466,-0.0006090104191174466,-0.11665660043210724,-0.11665660043210724
2024-12-16 19:00:00,607.3400268554688,607.7750244140625,607.2899780273438,607.5900268554688,4298382.0,1734375600.0,0.0003951656413858704,0.0003951656413858704,0.11003627328672407,0.11003627328672407
2024-12-16 20:00:00,607.5800170898438,607.5809936523438,606.0549926757812,606.7750244140625,10458677.0,1734379200.0,-0.0013422694648848052,-0.0013422694648848052,-0.28218992352488725,-0.28218992352488725
2024-12-17 14:00:00,604.1900024414062,604.8599853515625,603.1599731445312,603.219970703125,7817132.0,1734444000.0,0.0020354545328743526,0.0020354545328743526,0.4803316997224273,0.4803316997224273
2024-12-17 15:00:00,603.4099731445312,605.1099853515625,603.1649780273438,604.3900146484375,4605315.0,1734447600.0,0.0019377850889484767,0.0019377850889484767,0.4582828103006067,0.4582828103006067
2024-12-17 16:00:00,604.3599853515625,605.1699829101562,604.260009765625,604.5399780273438,3035249.0,1734451200.0,0.00024809274413577193,0.00024809274413577193,0.0768345479766542,0.0768345479766542
2024-12-17 17:00:00,604.5499877929688,604.969970703125,604.02001953125,604.2150268554688,4649041.0,1734454800.0,-0.0005376626005938724,-0.0005376626005938724,-0.10054982130159115,-0.10054982130159115
2024-12-17 18:00:00,604.219970703125,604.4400024414062,603.6099853515625,603.6749877929688,3845299.0,1734458400.0,-0.0008941858810553417,-0.0008941858810553417,-0.18103499733234193,-0.18103499733234193
2024-12-17 19:00:00,603.6798706054688,603.72998046875,602.885009765625,603.0900268554688,6084059.0,1734462000.0,-0.0009694695756258109,-0.0009694695756258109,-0.19803030098237762,-0.19803030098237762
2024-12-17 20:00:00,603.0900268554688,604.739990234375,602.9600219726562,604.239990234375,7715806.0,1734465600.0,0.0019049699922771136,0.0019049699922771136,0.4508747980422145,0.4508747980422145
2024-12-18 14:00:00,603.97998046875,605.419921875,603.469970703125,605.4000244140625,6250682.0,1734530400.0,0.0002723232179798346,0.0002723232179798346,0.0823045805370066,0.0823045805370066
2024-12-18 15:00:00,605.3800048828125,606.405029296875,604.6300048828125,605.6300048828125,5651917.0,1734534000.0,0.00037980969249485296,0.00037980969249485296,0.10656966586626888,0.10656966586626888
2024-12-18 16:00:00,605.6199951171875,606.3099975585938,605.4099731445312,605.6799926757812,4916439.0,1734537600.0,8.253509522386796e-05,8.253509522386796e-05,0.03945988762161491,0.03945988762161491
2024-12-18 17:00:00,605.6799926757812,605.9400024414062,605.2000122070312,605.2125244140625,2971252.0,1734541200.0,-0.0007721053327929291,-0.0007721053327929291,-0.15347529799345758,-0.15347529799345758
2024-12-18 18:00:00,605.2100219726562,605.6699829101562,600.030029296875,600.0800170898438,12086251.0,1734544800.0,-0.008516668229047057,-0.004521935781517176,-1.0,-1.0
2024-12-18 19:00:00,600.0999755859375,601.25,592.9199829101562,593.1400146484375,17481891.0,1734548400.0,-0.011632524621105797,-0.004521935781517176,-1.0,-1.0
2024-12-18 20:00:00,593.1300048828125,593.9000244140625,585.8900146484375,586.2999877929688,29069208.0,1734552000.0,-0.011598900369833604,-0.004521935781517176,-1.0,-1.0
2024-12-19 14:00:00,591.3599853515625,593.0,588.6500244140625,588.7000122070312,15038359.0,1734616800.0,0.006286138942985666,0.004337416910343824,0.9999999999999998,0.9999999999999998
2024-12-19 15:00:00,588.6699829101562,590.9600219726562,587.7899780273438,590.7899780273438,11414371.0,1734620400.0,0.0035438503504356456,0.0035438503504356456,0.8208522478990545,0.8208522478990545
2024-12-19 16:00:00,590.77001953125,591.4000244140625,587.8499755859375,588.010009765625,7500682.0,1734624000.0,-0.0047166159555659965,-0.004521935781517176,-1.0,-1.0
2024-12-19 17:00:00,588.010009765625,589.72998046875,587.280029296875,589.6300048828125,6418617.0,1734627600.0,0.002751258651040624,0.002751258651040624,0.641924570683276,0.641924570683276
2024-12-19 18:00:00,589.5839233398438,591.260009765625,588.8099975585938,589.22998046875,6506416.0,1734631200.0,-0.0006786631735522037,-0.0006786631735522037,-0.13238071862840536,-0.13238071862840536
2024-12-19 19:00:00,589.25,589.4299926757812,587.4099731445312,588.6099853515625,9544403.0,1734634800.0,-0.001052766407053113,-0.001052766407053113,-0.2168345712997397,-0.2168345712997397
2024-12-19 20:00:00,588.6300048828125,589.219970703125,585.8800048828125,586.1199951171875,14096538.0,1734638400.0,-0.004239261796006732,-0.004239261796006732,-0.93618631172227,-0.93618631172227
2024-12-20 14:00:00,581.77001953125,587.0900268554688,580.9099731445312,586.9749755859375,19631670.0,1734703200.0,0.008085376454868563,0.004337416910343824,0.9999999999999998,0.9999999999999998
2024-12-20 15:00:00,586.969970703125,592.3400268554688,586.9199829101562,592.3386840820312,19282841.0,1734706800.0,0.009096384895954511,0.004337416910343824,0.9999999999999998,0.9999999999999998
2024-12-20 16:00:00,592.3400268554688,595.75,592.25,595.6099853515625,9488606.0,1734710400.0,0.005507493080448974,0.004337416910343824,0.9999999999999998,0.9999999999999998
2024-12-20 17:00:00,595.6199951171875,595.6300048828125,592.1500244140625,592.168701171875,9895470.0,1734714000.0,-0.005794503382688209,-0.004521935781517176,-1.0,-1.0
2024-12-20 18:00:00,592.1699829101562,593.4000244140625,591.7999877929688,593.280029296875,8974730.0,1734717600.0,0.0018749498346125112,0.0018749498346125112,0.4440977436210305,0.4440977436210305
2024-12-20 19:00:00,593.219970703125,593.9400024414062,591.5599975585938,591.77001953125,7446656.0,1734721200.0,-0.002548433434266618,-0.002548433434266618,-0.5544815934320811,-0.5544815934320811
2024-12-20 20:00:00,591.7899780273438,592.3800048828125,589.469970703125,590.9099731445312,23033547.0,1734724800.0,-0.0014544027862966713,-0.0014544027862966713,-0.3075040351337143,-0.3075040351337143
2024-12-23 14:00:00,590.8900146484375,591.77001953125,587.6610107421875,589.2999877929688,8622697.0,1734962400.0,0.0021292342549810925,0.0021292342549810925,0.5015024839475308,0.5015024839475308
2024-12-23 15:00:00,589.2999877929688,590.8400268554688,588.7100219726562,590.6569213867188,3438805.0,1734966000.0,0.002299972450452468,0.002299972450452468,0.5400466533490337,0.5400466533490337
2024-12-23 16:00:00,590.6699829101562,593.1199951171875,590.1799926757812,592.1300048828125,4356062.0,1734969600.0,0.0024908700375597605,0.0024908700375597605,0.5831418079832246,0.5831418079832246
2024-12-23 17:00:00,592.1300048828125,593.4000244140625,591.7000732421875,593.2996826171875,3336170.0,1734973200.0,0.001973424702129164,0.001973424702129164,0.46632845752118274,0.46632845752118274
2024-12-23 18:00:00,593.27001953125,594.3099975585938,593.25,593.8599853515625,3683493.0,1734976800.0,0.0009439383616140358,0.0009439383616140358,0.23392178486192466,0.23392178486192466
2024-12-23 19:00:00,593.8900146484375,594.030029296875,592.25,593.3049926757812,5432141.0,1734980400.0,-0.0009349883571107913,-0.0009349883571107913,-0.19024616150530335,-0.19024616150530335
2024-12-23 20:00:00,593.3150024414062,595.2999877929688,593.2694091796875,594.780029296875,10935737.0,1734984000.0,0.0024830502054655557,0.0024830502054655557,0.5813764798907132,0.5813764798907132
2024-12-24 14:00:00,596.0599975585938,598.3400268554688,595.469970703125,598.2000122070312,6131929.0,1735048800.0,0.0013319848203349786,0.0013319848203349786,0.3215233224048283,0.3215233224048283
2024-12-24 15:00:00,598.22998046875,599.3701171875,598.1599731445312,599.25,4658145.0,1735052400.0,0.001753706712375495,0.001753706712375495,0.41672709331417435,0.41672709331417435
2024-12-24 16:00:00,599.239990234375,600.3300170898438,598.8400268554688,600.1600952148438,4262625.0,1735056000.0,0.0015175716681706019,0.0015175716681706019,0.3634195769711738,0.3634195769711738
2024-12-26 14:00:00,599.5,600.4000244140625,598.08251953125,600.2899780273438,5803845.0,1735221600.0,0.0007223306886306691,0.0007223306886306691,0.18389382442482513,0.18389382442482513
2024-12-26 15:00:00,600.2849731445312,601.2785034179688,599.7899780273438,600.8300170898438,3073697.0,1735225200.0,0.0008992258909773706,0.0008992258909773706,0.22382793891362146,0.22382793891362146
2024-12-26 16:00:00,600.8400268554688,602.47998046875,600.7999877929688,601.510009765625,2775121.0,1735228800.0,0.0011311155465056346,0.0011311155465056346,0.2761770582214686,0.2761770582214686
2024-12-26 17:00:00,601.510009765625,602.0499877929688,600.3499755859375,601.6699829101562,2805862.0,1735232400.0,0.0002659172300864935,0.0002659172300864935,0.0808584279531443,0.0808584279531443
2024-12-26 18:00:00,601.6799926757812,601.77001953125,600.6599731445312,600.9000244140625,2789874.0,1735236000.0,-0.001280521876672559,-0.001280521876672559,-0.2682503976114482,-0.2682503976114482
2024-12-26 19:00:00,600.969970703125,602.0999755859375,600.8402709960938,601.7899780273438,3459748.0,1735239600.0,0.0014799387604575987,0.0014799387604575987,0.35492394325572724,0.35492394325572724
2024-12-26 20:00:00,601.7899780273438,602.0250244140625,601.0599975585938,601.22998046875,4421566.0,1735243200.0,-0.0009309863815414515,-0.0009309863815414515,-0.18934271501016237,-0.18934271501016237
2024-12-27 14:00:00,597.5399780273438,597.776123046875,592.7899780273438,593.2100219726562,10316838.0,1735308000.0,0.0038333225047202514,0.0038333225047202514,0.8862006236445062,0.8862006236445062
2024-12-27 15:00:00,593.1699829101562,594.5700073242188,592.25,594.5189819335938,6943872.0,1735311600.0,0.0022041399790163,0.0022041399790163,0.5184124607010294,0.5184124607010294
2024-12-27 16:00:00,594.4901123046875,594.6798706054688,590.7999877929688,591.530029296875,6677205.0,1735315200.0,-0.005040194689963044,-0.004521935781517176,-1.0,-1.0
2024-12-27 17:00:00,591.760009765625,592.9500122070312,590.7647094726562,592.5399780273438,7774992.0,1735318800.0,0.0017058940250837067,0.0017058940250837067,0.4059333730606137,0.4059333730606137
2024-12-27 18:00:00,592.526611328125,594.6400146484375,592.3300170898438,593.969970703125,4013700.0,1735322400.0,0.0024104195159604784,0.0024104195159604784,0.5649800924725211,0.5649800924725211
2024-12-27 19:00:00,593.969970703125,595.530029296875,593.1801147460938,593.6500244140625,4660844.0,1735326000.0,-0.0005388024757383693,-0.0005388024757383693,-0.10080714826082691,-0.10080714826082691
2024-12-27 20:00:00,593.6599731445312,595.4000244140625,592.5399780273438,594.989990234375,12097823.0,1735329600.0,0.0022546210314671293,0.0022546210314671293,0.5298085647295339,0.5298085647295339
2024-12-30 14:00:00,587.8900146484375,588.010009765625,584.4099731445312,584.77001953125,12115082.0,1735567200.0,0.005248362850539232,0.004337416910343824,0.9999999999999998,0.9999999999999998
2024-12-30 15:00:00,584.760009765625,588.4650268554688,584.75,587.989990234375,9202375.0,1735570800.0,0.005491283412820474,0.004337416910343824,0.9999999999999998,0.9999999999999998
2024-12-30 16:00:00,587.969970703125,590.5499267578125,587.9301147460938,590.4400024414062,4244500.0,1735574400.0,0.0041581014608888765,0.0041581014608888765,0.9595195144178685,0.9595195144178685
2024-12-30 17:00:00,590.4500122070312,591.739990234375,589.6500244140625,590.5900268554688,3123194.0,1735578000.0,0.0002540569014298534,0.0002540569014298534,0.07818095724638802,0.07818095724638802
2024-12-30 18:00:00,590.510009765625,591.530029296875,589.4199829101562,590.3400268554688,5646000.0,1735581600.0,-0.00042339510786279424,-0.00042339510786279424,-0.07475392024528608,-0.07475392024528608
2024-12-30 19:00:00,590.3400268554688,591.2100219726562,589.5599975585938,589.5900268554688,4534628.0,1735585200.0,-0.0012712619678563052,-0.0012712619678563052,-0.2661599720152845,-0.2661599720152845
2024-12-30 20:00:00,589.5900268554688,590.6400146484375,588.0700073242188,588.260009765625,6595813.0,1735588800.0,-0.0022583819905434835,-0.0022583819905434835,-0.48900244302200624,-0.48900244302200624
2024-12-31 14:00:00,589.905029296875,590.639892578125,588.1701049804688,589.6099853515625,6950749.0,1735653600.0,-0.00416038593814124,-0.00416038593814124,-0.9183800767502827,-0.9183800767502827
2024-12-31 15:00:00,589.6099853515625,590.0599975585938,586.8200073242188,586.9500122070312,3571992.0,1735657200.0,-0.00452161841637629,-0.00452161841637629,-0.9999283547789724,-0.9999283547789724
2024-12-31 16:00:00,586.9498901367188,587.8400268554688,585.739990234375,585.888671875,3756070.0,1735660800.0,-0.0018098663288444734,-0.0018098663288444734,-0.3877499751953089,-0.3877499751953089
2024-12-31 17:00:00,585.8599853515625,587.5798950195312,584.7899780273438,585.010009765625,5608244.0,1735664400.0,-0.001500833997141857,-0.001500833997141857,-0.31798588690327795,-0.31798588690327795
2024-12-31 18:00:00,585.0150146484375,586.5598754882812,584.5800170898438,584.9400024414062,4971522.0,1735668000.0,-0.00011967575293282929,-0.00011967575293282929,-0.006189237137232621,-0.006189237137232621
2024-12-31 19:00:00,584.9199829101562,587.2999877929688,584.4199829101562,587.2301025390625,6727803.0,1735671600.0,0.003907458485316959,0.003907458485316959,0.9029368307186,0.9029368307186
2024-12-31 20:00:00,587.22998046875,587.4998779296875,584.969970703125,586.0,12566405.0,1735675200.0,-0.002096950951311641,-0.002096950951311641,-0.45255936532849766,-0.45255936532849766
2025-01-02 14:00:00,589.3900146484375,591.1300048828125,586.1900024414062,587.8300170898438,10951663.0,1735826400.0,0.0008474075884257733,0.0008474075884257733,0.2121299505043323,0.2121299505043323
2025-01-02 15:00:00,587.8099975585938,588.780029296875,585.3699951171875,587.5300903320312,5105750.0,1735830000.0,-0.0005103572299733944,-0.0005103572299733944,-0.09438563040182865,-0.09438563040182865
2025-01-02 16:00:00,587.469970703125,588.77001953125,584.2100219726562,584.489990234375,3517777.0,1735833600.0,-0.005187806875210991,-0.004521935781517176,-1.0,-1.0
2025-01-02 17:00:00,584.469970703125,584.4733276367188,580.9400024414062,582.3599853515625,8459871.0,1735837200.0,-0.0036508673664163156,-0.0036508673664163156,-0.8033561942056778,-0.8033561942056778
2025-01-02 18:00:00,582.3250122070312,583.5050048828125,580.5,583.280029296875,6223597.0,1735840800.0,0.0015786076744331269,0.0015786076744331269,0.3771984631687169,0.3771984631687169
2025-01-02 19:00:00,583.2650146484375,584.8099975585938,582.02001953125,584.469970703125,4679389.0,1735844400.0,0.0020380078237911448,0.0020380078237911448,0.4809081054725083,0.4809081054725083
2025-01-02 20:00:00,584.47998046875,585.3699951171875,583.5501708984375,584.5700073242188,5791461.0,1735848000.0,0.00017114319992167097,0.00017114319992167097,0.0594631785571268,0.0594631785571268
2025-01-03 14:00:00,587.530029296875,589.5449829101562,586.4299926757812,588.219970703125,9304664.0,1735912800.0,0.002562004016487353,0.002562004016487353,0.5992003127976774,0.5992003127976774
2025-01-03 15:00:00,588.239990234375,589.8499755859375,587.5499877929688,589.6300048828125,3540939.0,1735916400.0,0.002394252039720658,0.002394252039720658,0.5613302826495816,0.5613302826495816
2025-01-03 16:00:00,589.5999755859375,591.010009765625,589.5549926757812,590.14501953125,3213495.0,1735920000.0,0.0008730726969027814,0.0008730726969027814,0.2179238520160277,0.2179238520160277
2025-01-03 17:00:00,590.1500244140625,591.5,589.9000244140625,591.4949951171875,3211923.0,1735923600.0,0.0022849195297012068,0.0022849195297012068,0.536648454569773,0.536648454569773
2025-01-03 18:00:00,591.5,592.2000122070312,591.0499877929688,592.0999755859375,3161826.0,1735927200.0,0.001022276262422357,0.001022276262422357,0.25160657595965114,0.25160657595965114
2025-01-03 19:00:00,592.0800170898438,592.5999755859375,591.4299926757812,591.9299926757812,3775669.0,1735930800.0,-0.000287126028699439,-0.000287126028699439,-0.043991158246083975,-0.043991158246083975
2025-01-03 20:00:00,591.9299926757812,592.2100219726562,591.0499877929688,591.8599853515625,7074389.0,1735934400.0,-0.00011827659567959078,-0.00011827659567959078,-0.005873377208882799,-0.005873377208882799
2025-01-06 14:00:00,596.27001953125,599.0,595.9000244140625,598.8900146484375,10454522.0,1736172000.0,0.0016756768250009084,0.0016756768250009084,0.3991118362883937,0.3991118362883937
2025-01-06 15:00:00,598.9099731445312,599.510009765625,598.0700073242188,599.5089721679688,5070586.0,1736175600.0,0.0010329741286131183,0.0010329741286131183,0.2540216206164892,0.2540216206164892
2025-01-06 16:00:00,599.4920043945312,599.7000122070312,598.3699951171875,598.5700073242188,3142058.0,1736179200.0,-0.0015674509812256393,-0.0015674509812256393,-0.33302467955569887,-0.33302467955569887
2025-01-06 17:00:00,598.530029296875,598.739990234375,596.5800170898438,597.3900146484375,4129019.0,1736182800.0,-0.001973298499950438,-0.001973298499950438,-0.4246448086646002,-0.4246448086646002
2025-01-06 18:00:00,597.3499755859375,597.4298706054688,594.8800048828125,595.3499755859375,4467432.0,1736186400.0,-0.003420764070153065,-0.003420764070153065,-0.7514103457297177,-0.7514103457297177
2025-01-06 19:00:00,595.52001953125,595.5800170898438,594.0399780273438,595.0549926757812,5716723.0,1736190000.0,-0.000495600949355653,-0.000495600949355653,-0.09105439817053983,-0.09105439817053983
2025-01-06 20:00:00,595.0549926757812,595.5,593.5999755859375,595.4000244140625,8009219.0,1736193600.0,0.000579663646234936,0.000579663646234936,0.15168672140999656,0.15168672140999656
2025-01-07 14:00:00,597.4199829101562,597.75,592.030029296875,593.5999755859375,9531785.0,1736258400.0,0.0004544203273253931,0.0004544203273253931,0.12341302619418182,0.12341302619418182
2025-01-07 15:00:00,593.6099853515625,593.75,590.27001953125,593.1099853515625,7309605.0,1736262000.0,-0.0008257961563467183,-0.0008257961563467183,-0.16559600825778972,-0.16559600825778972
2025-01-07 16:00:00,593.02001953125,593.260009765625,590.2125244140625,590.6199951171875,4219424.0,1736265600.0,-0.004207030231569313,-0.004207030231569313,-0.928910031940107,-0.928910031940107
2025-01-07 17:00:00,590.6500244140625,592.3970947265625,589.6400146484375,592.280029296875,3357008.0,1736269200.0,0.0028067211686436744,0.0028067211686436744,0.6544452411051689,0.6544452411051689
2025-01-07 18:00:00,592.280029296875,592.280029296875,590.5499877929688,591.1099853515625,3594071.0,1736272800.0,-0.001977444987868287,-0.001977444987868287,-0.4255808788408464,-0.4255808788408464
2025-01-07 19:00:00,591.0700073242188,591.0999755859375,587.6900024414062,587.8300170898438,5890935.0,1736276400.0,-0.0055642809940699995,-0.004521935781517176,-1.0,-1.0
2025-01-07 20:00:00,587.8200073242188,588.8502197265625,586.780029296875,588.719970703125,11654859.0,1736280000.0,0.001512819331512321,0.001512819331512321,0.36234673636451253,0.36234673636451253
2025-01-08 14:00:00,588.7000122070312,588.77001953125,586.0,586.4749755859375,9870599.0,1736344800.0,0.004274812758966854,0.004274812758966854,0.9858671048428889,0.9858671048428889
2025-01-08 15:00:00,586.469970703125,588.719970703125,586.3800048828125,588.1099853515625,3913519.0,1736348400.0,0.002783980513999241,0.002783980513999241,0.6493115354191259,0.6493115354191259
2025-01-08 16:00:00,588.1199951171875,589.9400024414062,585.3800048828125,585.6300048828125,4361539.0,1736352000.0,-0.004225781143774531,-0.004225781143774531,-0.9331430527616946,-0.9331430527616946
2025-01-08 17:00:00,585.6400146484375,589.5700073242188,585.1950073242188,589.1099853515625,4732034.0,1736355600.0,0.005924699384058309,0.004337416910343824,0.9999999999999998,0.9999999999999998
2025-01-08 18:00:00,589.1199951171875,590.4400024414062,586.9600219726562,590.2716064453125,5551383.0,1736359200.0,0.0019698823136848464,0.0019698823136848464,0.4655287628781256,0.4655287628781256
2025-01-08 19:00:00,590.280029296875,590.280029296875,587.8800048828125,589.0900268554688,3925037.0,1736362800.0,-0.0020037619536252076,-0.0020037619536252076,-0.4315219372166119,-0.4315219372166119
2025-01-08 20:00:00,589.10498046875,589.7899780273438,588.22998046875,589.4199829101562,7883359.0,1736366400.0,0.0005599546216405934,0.0005599546216405934,0.14723740659437823,0.14723740659437823
2025-01-10 14:00:00,585.8800048828125,585.9500122070312,579.1500244140625,581.8900146484375,18574871.0,1736517600.0,-0.0037840916477067206,-0.0037840916477067206,-0.8334315926967655,-0.8334315926967655
2025-01-10 15:00:00,581.9000244140625,583.2288208007812,579.5900268554688,579.8599853515625,8238517.0,1736521200.0,-0.0034947817740847006,-0.0034947817740847006,-0.7681198518315878,-0.7681198518315878
2025-01-10 16:00:00,579.8699951171875,580.8099975585938,578.5499877929688,580.0,6304602.0,1736524800.0,0.00024143370904411275,0.00024143370904411275,0.07533126995550107,0.07533126995550107
2025-01-10 17:00:00,579.97998046875,583.75,579.9000244140625,583.239990234375,5835457.0,1736528400.0,0.0055706451638690225,0.004337416910343824,0.9999999999999998,0.9999999999999998
2025-01-10 18:00:00,583.239990234375,584.5,581.5800170898438,582.5999755859375,6052200.0,1736532000.0,-0.0010979460843602647,-0.0010979460843602647,-0.22703388921348705,-0.22703388921348705
2025-01-10 19:00:00,582.6099853515625,582.6199951171875,579.969970703125,580.344970703125,7098364.0,1736535600.0,-0.0038780988149346197,-0.0038780988149346197,-0.8546537226869764,-0.8546537226869764
2025-01-10 20:00:00,580.3300170898438,581.1199951171875,579.7000122070312,580.510009765625,8981276.0,1736539200.0,0.00028434053587866827,0.00028434053587866827,0.08501749158520853,0.08501749158520853
2025-01-13 14:00:00,575.77001953125,578.6199951171875,575.3499755859375,576.02001953125,10234487.0,1736776800.0,0.0014932885584913733,0.0014932885584913733,0.35793766186432013,0.35793766186432013
2025-01-13 15:00:00,576.072998046875,579.1799926757812,576.030029296875,576.989990234375,4988325.0,1736780400.0,0.0016825021877119252,0.0016825021877119252,0.4006526627908282,0.4006526627908282
2025-01-13 16:00:00,576.969970703125,578.530029296875,575.6799926757812,578.22998046875,4259359.0,1736784000.0,0.0021467612091865345,0.0021467612091865345,0.5054591960945806,0.5054591960945806
2025-01-13 17:00:00,578.2000122070312,579.75,577.5999755859375,579.719970703125,3520069.0,1736787600.0,0.002573498198612459,0.002573498198612459,0.601795125878246,0.601795125878246
2025-01-13 18:00:00,579.6900024414062,580.3599853515625,579.0900268554688,580.3099975585938,4323353.0,1736791200.0,0.0010172614889145902,0.0010172614889145902,0.2504744902007505,0.2504744902007505
2025-01-13 19:00:00,580.2899780273438,581.0,579.5700073242188,580.0999755859375,5247105.0,1736794800.0,-0.0003619789209159452,-0.0003619789209159452,-0.06088920820977327,-0.06088920820977327
2025-01-13 20:00:00,580.0999755859375,581.75,579.8699951171875,581.5399780273438,5872260.0,1736798400.0,0.0024792590415565617,0.0024792590415565617,0.5805206241547796,0.5805206241547796
2025-01-14 14:00:00,584.3599853515625,585.0,581.969970703125,583.1500244140625,10073998.0,1736863200.0,-0.003591021698560642,-0.003591021698560642,-0.7898460270552824,-0.7898460270552824
2025-01-14 15:00:00,583.1751708984375,583.5590209960938,580.1799926757812,580.8599853515625,5105485.0,1736866800.0,-0.00393474626139332,-0.00393474626139332,-0.8674418909491435,-0.8674418909491435
2025-01-14 16:00:00,580.8300170898438,581.4000244140625,578.5700073242188,579.719970703125,5171613.0,1736870400.0,-0.0019645609234370245,-0.0019645609234370245,-0.42267229965241454,-0.42267229965241454
2025-01-14 17:00:00,579.7100219726562,582.2369995117188,578.3499755859375,582.02001953125,4224093.0,1736874000.0,0.003959667141799578,0.003959667141799578,0.9147229415775981,0.9147229415775981
2025-01-14 18:00:00,582.02001953125,583.8099975585938,581.7899780273438,583.0399780273438,5136583.0,1736877600.0,0.001750911985313017,0.001750911985313017,0.4160961833234149,0.4160961833234149
2025-01-14 19:00:00,583.0399780273438,583.739990234375,578.9000244140625,580.489990234375,5815486.0,1736881200.0,-0.0043831993075351084,-0.0043831993075351084,-0.9686802233058126,-0.9686802233058126
2025-01-14 20:00:00,580.469970703125,582.2899780273438,579.5800170898438,582.1900024414062,7537574.0,1736884800.0,0.0029243014917550506,0.0029243014917550506,0.6809890140423037,0.6809890140423037
2025-01-15 14:00:00,590.3250122070312,592.969970703125,589.1950073242188,592.3300170898438,14512387.0,1736949600.0,-0.0024370858188566174,-0.0024370858188566174,-0.5293448550533745,-0.5293448550533745
2025-01-15 15:00:00,592.4400024414062,592.530029296875,590.7100219726562,591.0200805664062,4694971.0,1736953200.0,-0.0022139467619819637,-0.0022139467619819637,-0.47897118450752313,-0.47897118450752313
2025-01-15 16:00:00,591.02001953125,591.3800048828125,589.5,591.1199951171875,4001330.0,1736956800.0,0.0001690401215124964,0.0001690401215124964,0.05898840833805501,0.05898840833805501
2025-01-15 17:00:00,591.1199951171875,592.27001953125,590.8900146484375,592.27001953125,2652355.0,1736960400.0,0.001943610748539296,0.001943610748539296,0.4595979536961668,0.4595979536961668
2025-01-15 18:00:00,592.2550048828125,593.1400146484375,591.97998046875,593.0999755859375,3105598.0,1736964000.0,0.0014003327125374657,0.0014003327125374657,0.3369528677857854,0.3369528677857854
2025-01-15 19:00:00,593.1199951171875,593.9400024414062,593.02001953125,593.6900024414062,6365535.0,1736967600.0,0.0009943240421726076,0.0009943240421726076,0.24529635867358943,0.24529635867358943
2025-01-15 20:00:00,593.6799926757812,593.8400268554688,592.6799926757812,592.760009765625,10587094.0,1736971200.0,-0.001567689926552871,-0.001567689926552871,-0.3330786214937936,-0.3330786214937936
2025-01-16 14:00:00,594.1749877929688,594.2999877929688,591.3200073242188,592.2827758789062,7680051.0,1737036000.0,0.0016905000754896683,0.0016905000754896683,0.40245818697660546,0.40245818697660546
2025-01-16 15:00:00,592.27001953125,594.3499755859375,591.780029296875,593.360107421875,4177925.0,1737039600.0,0.0018172956707938146,0.0018172956707938146,0.43108230878646003,0.43108230878646003
2025-01-16 16:00:00,593.3400268554688,593.8099975585938,591.8200073242188,593.780029296875,2835661.0,1737043200.0,0.0007074512595866846,0.0007074512595866846,0.1805347914206071,0.1805347914206071
2025-01-16 17:00:00,593.780029296875,593.7999877929688,592.1099853515625,592.260009765625,1960963.0,1737046800.0,-0.002563185581242269,-0.002563185581242269,-0.557811892493141,-0.557811892493141
2025-01-16 18:00:00,592.260009765625,592.6126098632812,590.9299926757812,592.4650268554688,4403041.0,1737050400.0,0.00034610071628947853,0.00034610071628947853,0.09895986018907928,0.09895986018907928
2025-01-16 19:00:00,592.469970703125,593.3300170898438,591.9400024414062,592.2899780273438,4513509.0,1737054000.0,-0.0002955021564414049,-0.0002955021564414049,-0.045882070152020615,-0.045882070152020615
2025-01-16 20:00:00,592.2899780273438,593.2000122070312,591.47998046875,591.7000122070312,6725109.0,1737057600.0,-0.0009965723933579097,-0.0009965723933579097,-0.2041487655417574,-0.2041487655417574
2025-01-17 14:00:00,596.9600219726562,597.5399780273438,595.6099853515625,596.969970703125,14259852.0,1737122400.0,0.0033357576815259585,0.0033357576815259585,0.7738753013551247,0.7738753013551247
2025-01-17 15:00:00,596.989990234375,599.0999755859375,596.780029296875,598.77001953125,11197582.0,1737126000.0,0.003010771911243042,0.003010771911243042,0.7005097222690867,0.7005097222690867
2025-01-17 16:00:00,598.77001953125,599.0399780273438,597.8200073242188,598.981201171875,3509840.0,1737129600.0,0.00035263022765163603,0.00035263022765163603,0.10043389821177953,0.10043389821177953
2025-01-17 17:00:00,599.0,599.3599853515625,598.530029296875,599.030029296875,3740085.0,1737133200.0,8.151530433969305e-05,8.151530433969305e-05,0.039229669699460894,0.039229669699460894
2025-01-17 18:00:00,599.0,599.1099853515625,598.0800170898438,598.447021484375,5257176.0,1737136800.0,-0.0009737269840524796,-0.0009737269840524796,-0.19899141147763533,-0.19899141147763533
2025-01-17 19:00:00,598.47998046875,598.7100219726562,597.530029296875,598.0999755859375,5170943.0,1737140400.0,-0.0005800790257611667,-0.0005800790257611667,-0.11012533469237462,-0.11012533469237462
2025-01-17 20:00:00,598.094970703125,598.5900268554688,597.3499755859375,597.5499877929688,7957779.0,1737144000.0,-0.0009199813467235599,-0.0009199813467235599,-0.18685832699657717,-0.18685832699657717
2025-01-21 14:00:00,600.6699829101562,601.469970703125,598.6699829101562,600.35498046875,8003317.0,1737468000.0,0.000610037021304806,0.000610037021304806,0.15854351470546468,0.15854351470546468
2025-01-21 15:00:00,600.3300170898438,600.9400024414062,599.4299926757812,600.780029296875,3154412.0,1737471600.0,0.0007077453282297286,0.0007077453282297286,0.18060117745427617,0.18060117745427617
2025-01-21 16:00:00,600.77001953125,601.780029296875,600.260009765625,601.5800170898438,2931193.0,1737475200.0,0.0013306960979304362,0.0013306960979304362,0.3212323931576551,0.3212323931576551
2025-01-21 17:00:00,601.5800170898438,602.8800048828125,601.54150390625,602.5900268554688,3524912.0,1737478800.0,0.0016775205587567263,0.0016775205587567263,0.3995280594188966,0.3995280594188966
2025-01-21 18:00:00,602.5800170898438,602.8200073242188,601.9000244140625,602.3699951171875,3368563.0,1737482400.0,-0.00036521002641512327,-0.00036521002641512327,-0.06161863068826799,-0.06161863068826799
2025-01-21 19:00:00,602.3800048828125,602.780029296875,601.6699829101562,602.7100219726562,4751032.0,1737486000.0,0.0005643224676708652,0.0005643224676708652,0.14822344839273321,0.14822344839273321
2025-01-21 20:00:00,602.719970703125,602.97998046875,602.1500244140625,602.9199829101562,7640038.0,1737489600.0,0.0003483007867625109,0.0003483007867625109,0.09945652637893614,0.09945652637893614
2025-01-22 14:00:00,605.9199829101562,607.0399780273438,605.3599853515625,606.7000122070312,8585388.0,1737554400.0,0.0008124960196537438,0.0008124960196537438,0.20424865940185652,0.20424865940185652
2025-01-22 15:00:00,606.719970703125,607.239990234375,606.260009765625,607.2374877929688,5887257.0,1737558000.0,0.0008855078965073446,0.0008855078965073446,0.22073109991258957,0.22073109991258957
2025-01-22 16:00:00,607.2319946289062,607.8200073242188,607.1950073242188,607.5499877929688,3346931.0,1737561600.0,0.0005144932972618902,0.0005144932972618902,0.1369745068183104,0.1369745068183104
2025-01-22 17:00:00,607.5599975585938,607.7000122070312,606.9412231445312,607.0662841796875,2835236.0,1737565200.0,-0.0007964715276967277,-0.0007964715276967277,-0.15897596960035354,-0.15897596960035354
2025-01-22 18:00:00,607.0800170898438,607.626708984375,606.8300170898438,606.905029296875,2324170.0,1737568800.0,-0.00026566506468607697,-0.00026566506468607697,-0.03914634288320131,-0.03914634288320131
2025-01-22 19:00:00,606.9099731445312,607.6199951171875,606.7800903320312,607.1199951171875,3100757.0,1737572400.0,0.0003541373830624516,0.0003541373830624516,0.10077413873797512,0.10077413873797512
2025-01-22 20:00:00,607.1199951171875,607.3499755859375,606.22998046875,606.3400268554688,8699716.0,1737576000.0,-0.001285527920176957,-0.001285527920176957,-0.269380512570975,-0.269380512570975
2025-01-23 14:00:00,605.7999877929688,606.2999877929688,605.52001953125,605.72998046875,4504838.0,1737640800.0,0.0035308265158368593,0.0035308265158368593,0.8179121155774796,0.8179121155774796
2025-01-23 15:00:00,605.719970703125,607.5499877929688,605.6500244140625,607.510009765625,4071470.0,1737644400.0,0.0029343420731719875,0.0029343420731719875,0.6832556765776289,0.6832556765776289
2025-01-23 16:00:00,607.5,607.8699951171875,606.9400024414062,607.1699829101562,5748200.0,1737648000.0,-0.0005598624599082589,-0.0005598624599082589,-0.10556144237290965,-0.10556144237290965
2025-01-23 17:00:00,607.1699829101562,608.2999877929688,606.9000244140625,607.9849853515625,3158231.0,1737651600.0,0.0013413969162765407,0.0013413969162765407,0.32364810426393836,0.32364810426393836
2025-01-23 18:00:00,608.0,608.25,607.3099975585938,607.6599731445312,2240640.0,1737655200.0,-0.0005347156873455962,-0.0005347156873455962,-0.09988455525997988,-0.09988455525997988
2025-01-23 19:00:00,607.6699829101562,608.27001953125,607.5999755859375,608.094970703125,3238089.0,1737658800.0,0.0007156007538493111,0.0007156007538493111,0.18237454078968085,0.18237454078968085
2025-01-23 20:00:00,608.0900268554688,609.739990234375,607.6900024414062,609.7100219726562,6680471.0,1737662400.0,0.002652398743801831,0.002652398743801831,0.6196069340167475,0.6196069340167475
2025-01-24 14:00:00,609.8099975585938,610.780029296875,609.25,609.3499755859375,5714331.0,1737727200.0,0.0008317470187416095,0.0008317470187416095,0.20859457490097677,0.20859457490097677
2025-01-24 15:00:00,609.3499755859375,609.8897705078125,609.0599975585938,609.8897705078125,3394398.0,1737730800.0,0.0008854615490890575,0.0008854615490890575,0.22072063697700067,0.22072063697700067
2025-01-24 16:00:00,609.8800048828125,610.3250122070312,609.2999877929688,609.4299926757812,2331694.0,1737734400.0,-0.0007541546814959901,-0.0007541546814959901,-0.14942293617396932,-0.14942293617396932
2025-01-24 17:00:00,609.4249877929688,609.6199951171875,608.0800170898438,608.4450073242188,3126556.0,1737738000.0,-0.0016175478868145912,-0.0016175478868145912,-0.3443340623811451,-0.3443340623811451
2025-01-24 18:00:00,608.4299926757812,608.739990234375,606.9299926757812,607.4299926757812,3345671.0,1737741600.0,-0.0016696040040687034,-0.0016696040040687034,-0.35608573748985495,-0.35608573748985495
2025-01-24 19:00:00,607.4000244140625,607.9199829101562,606.9400024414062,607.0700073242188,4125498.0,1737745200.0,-0.0005928124530339109,-0.0005928124530339109,-0.1129999075230606,-0.1129999075230606
2025-01-24 20:00:00,607.0800170898438,608.1500244140625,606.7999877929688,607.9299926757812,6412163.0,1737748800.0,0.0014156139838311908,0.0014156139838311908,0.3404026167291284,0.3404026167291284
2025-01-27 14:00:00,594.8099975585938,599.2100219726562,594.6400146484375,599.0,19726133.0,1737986400.0,-0.006035838547145959,-0.004521935781517176,-1.0,-1.0
2025-01-27 15:00:00,598.989990234375,599.6900024414062,596.2899780273438,596.510009765625,7647264.0,1737990000.0,-0.004165575887386651,-0.004165575887386651,-0.9195517084542961,-0.9195517084542961
2025-01-27 16:00:00,596.5,598.0399780273438,596.2000122070312,597.6500244140625,5497701.0,1737993600.0,0.0019093169460267035,0.0019093169460267035,0.45185612340554115,0.45185612340554115
2025-01-27 17:00:00,597.6417846679688,598.2100219726562,596.030029296875,596.125,4033350.0,1737997200.0,-0.002554962555701077,-0.002554962555701077,-0.5559555434285538,-0.5559555434285538
2025-01-27 18:00:00,596.1099853515625,599.1199951171875,596.0700073242188,599.010009765625,4838647.0,1738000800.0,0.00482793215146884,0.004337416910343824,0.9999999999999998,0.9999999999999998
2025-01-27 19:00:00,598.9849853515625,598.989990234375,596.27001953125,597.4400024414062,7700993.0,1738004400.0,-0.002624444330053547,-0.002624444330053547,-0.5716410628494709,-0.5716410628494709
2025-01-27 20:00:00,597.4600219726562,599.5700073242188,597.1500244140625,599.4099731445312,10318651.0,1738008000.0,0.00329192885043822,0.00329192885043822,0.7639809371476802,0.7639809371476802
2025-01-28 14:00:00,600.6199951171875,602.7899780273438,597.25,602.4600219726562,8905366.0,1738072800.0,-0.0031991102563113803,-0.0031991102563113803,-0.7013719689879686,-0.7013719689879686
2025-01-28 15:00:00,602.489990234375,603.5700073242188,601.030029296875,601.4199829101562,6736372.0,1738076400.0,-0.0017278122686986781,-0.0017278122686986781,-0.3692262606532346,-0.3692262606532346
2025-01-28 16:00:00,601.3400268554688,603.9199829101562,600.9500122070312,603.7200927734375,4072209.0,1738080000.0,0.003817170638598673,0.003817170638598673,0.8825543378077505,0.8825543378077505
2025-01-28 17:00:00,603.7899780273438,604.7899780273438,603.2899780273438,604.1798706054688,3259145.0,1738083600.0,0.0007612846563065943,0.0007612846563065943,0.192687687595373,0.192687687595373
2025-01-28 18:00:00,604.3599853515625,604.4600219726562,603.22998046875,604.0399780273438,3277316.0,1738087200.0,-0.00023156808573942698,-0.00023156808573942698,-0.03144894553768767,-0.03144894553768767
2025-01-28 19:00:00,604.0599975585938,605.3699951171875,604.0599975585938,605.0900268554688,3854939.0,1738090800.0,0.0017368671488735175,0.0017368671488735175,0.412925559706093,0.412925559706093
2025-01-28 20:00:00,605.0700073242188,605.22998046875,604.3599853515625,604.489990234375,7053020.0,1738094400.0,-0.000992140514618473,-0.000992140514618473,-0.2031482683511425,-0.2031482683511425
2025-01-29 14:00:00,603.719970703125,604.1300048828125,602.4451293945312,602.97998046875,4791744.0,1738159200.0,-0.0010508370255099522,-0.0010508370255099522,-0.2163990131703217,-0.2163990131703217
2025-01-29 15:00:00,603.010009765625,603.5,602.2100219726562,602.4600219726562,2431254.0,1738162800.0,-0.0008626866991107197,-0.0008626866991107197,-0.17392405299132707,-0.17392405299132707
2025-01-29 16:00:00,602.5,603.4600219726562,601.9299926757812,603.0549926757812,1873916.0,1738166400.0,0.000987081445197294,0.000987081445197294,0.24366134148278107,0.24366134148278107
2025-01-29 17:00:00,603.0599975585938,603.3200073242188,599.6599731445312,602.3099975585938,3173554.0,1738170000.0,-0.0012361321559650291,-0.0012361321559650291,-0.25822941250080683,-0.25822941250080683
2025-01-29 18:00:00,602.3300170898438,602.6300048828125,599.219970703125,599.4000244140625,4716556.0,1738173600.0,-0.004843063266794933,-0.004521935781517176,-1.0,-1.0
2025-01-29 19:00:00,599.3900146484375,603.6801147460938,599.25,603.3499755859375,7629951.0,1738177200.0,0.0065682234420328415,0.004337416910343824,0.9999999999999998,0.9999999999999998
2025-01-29 20:00:00,603.3599853515625,603.6599731445312,600.739990234375,601.7999877929688,4985317.0,1738180800.0,-0.002572275143684647,-0.002572275143684647,-0.5598638623736782,-0.5598638623736782
2025-01-30 14:00:00,603.9600219726562,605.97998046875,602.4099731445312,602.6300048828125,6657977.0,1738245600.0,0.0005233437889599161,0.0005233437889599161,0.13897250644782208,0.13897250644782208
2025-01-30 15:00:00,602.3300170898438,603.8800048828125,600.7150268554688,602.52001953125,4066330.0,1738249200.0,-0.00018252557713102947,-0.00018252557713102947,-0.02037759296506634,-0.02037759296506634
2025-01-30 16:00:00,603.0220947265625,604.3400268554688,602.0800170898438,602.3699951171875,3005783.0,1738252800.0,-0.0002490259077822646,-0.0002490259077822646,-0.03539005109021319,-0.03539005109021319
2025-01-30 17:00:00,602.3900146484375,604.3099975585938,602.1599731445312,604.0,2034099.0,1738256400.0,0.0027023315920469285,0.0027023315920469285,0.6308792808758967,0.6308792808758967
2025-01-30 18:00:00,603.9849853515625,605.219970703125,603.9400024414062,604.9567260742188,2577943.0,1738260000.0,0.0015827303877863422,0.0015827303877863422,0.37812916623396514,0.37812916623396514
2025-01-30 19:00:00,604.9500122070312,606.5999755859375,604.5900268554688,606.3099975585938,3805957.0,1738263600.0,0.0022344740774778494,0.0022344740774778494,0.5252603872971604,0.5252603872971604
2025-01-30 20:00:00,606.2899780273438,606.3200073242188,601.8200073242188,604.969970703125,11088596.0,1738267200.0,-0.002212580802551227,-0.002212580802551227,-0.47866281899183666,-0.47866281899183666
2025-01-31 14:00:00,607.5,609.02001953125,607.0599975585938,608.9598999023438,6898171.0,1738332000.0,6.912786432559858e-05,6.912786432559858e-05,0.03643320353653802,0.03643320353653802
2025-01-31 15:00:00,608.9600219726562,609.9600219726562,608.8499755859375,609.0900268554688,4039791.0,1738335600.0,0.00021366440038541424,0.00021366440038541424,0.06906234498444537,0.06906234498444537
2025-01-31 16:00:00,609.0900268554688,609.5499877929688,608.010009765625,609.5499877929688,3769483.0,1738339200.0,0.0007548758514624088,0.0007548758514624088,0.19124089908449834,0.19124089908449834
2025-01-31 17:00:00,609.5449829101562,609.72998046875,606.6900024414062,606.8483276367188,4465678.0,1738342800.0,-0.004442072246253262,-0.004442072246253262,-0.9819707967293629,-0.9819707967293629
2025-01-31 18:00:00,606.8200073242188,607.030029296875,603.2999877929688,604.530029296875,10174398.0,1738346400.0,-0.0038275426613751952,-0.0038275426613751952,-0.8432406645736291,-0.8432406645736291
2025-01-31 19:00:00,604.52001953125,605.1300048828125,601.3699951171875,601.6688842773438,10985684.0,1738350000.0,-0.00474407720562864,-0.004521935781517176,-1.0,-1.0
2025-01-31 20:00:00,601.6699829101562,603.27001953125,601.0499877929688,601.7999877929688,11871932.0,1738353600.0,0.00021787604014731073,0.00021787604014731073,0.070013123197794,0.070013123197794
2025-02-03 14:00:00,592.6699829101562,596.5999755859375,590.489990234375,596.3800048828125,19402094.0,1738591200.0,0.0032172200681447423,0.0032172200681447423,0.7471154200174926,0.7471154200174926
2025-02-03 15:00:00,596.3800048828125,599.25,592.4400024414062,597.8699951171875,9366779.0,1738594800.0,0.002495274871225815,0.002495274871225815,0.5841361997450745,0.5841361997450745
2025-02-03 16:00:00,597.8699951171875,599.010009765625,596.6900024414062,597.4000244140625,5408068.0,1738598400.0,-0.0007863841971514599,-0.0007863841971514599,-0.15669875344334583,-0.15669875344334583
2025-02-03 17:00:00,597.3900146484375,598.260009765625,595.969970703125,597.7949829101562,5810092.0,1738602000.0,0.0006609105761820778,0.0006609105761820778,0.1700282262067934,0.1700282262067934
2025-02-03 18:00:00,597.8699951171875,600.0,597.4201049804688,599.47998046875,4564312.0,1738605600.0,0.0028147229710891696,0.0028147229710891696,0.6562516490276904,0.6562516490276904
2025-02-03 19:00:00,599.4849853515625,600.2899780273438,598.4000244140625,598.5499877929688,3962284.0,1738609200.0,-0.0015525368934349946,-0.0015525368934349946,-0.32965782233500235,-0.32965782233500235
2025-02-03 20:00:00,598.5599975585938,599.0499877929688,597.3900146484375,597.6400146484375,8486548.0,1738612800.0,-0.0015214528096861397,-0.0015214528096861397,-0.3226405864646184,-0.3226405864646184
2025-02-04 14:00:00,597.8300170898438,601.1400146484375,597.280029296875,600.52001953125,7413522.0,1738677600.0,0.003944790428860933,0.003944790428860933,0.9113645217345069,0.9113645217345069
2025-02-04 15:00:00,600.5499877929688,602.010009765625,600.1099853515625,601.97998046875,3564932.0,1738681200.0,0.002428210652561383,0.002428210652561383,0.5689964438290371,0.5689964438290371
2025-02-04 16:00:00,601.9600219726562,602.0900268554688,599.6699829101562,599.760009765625,3341385.0,1738684800.0,-0.0036945982431999176,-0.0036945982431999176,-0.8132284452164716,-0.8132284452164716
2025-02-04 17:00:00,599.8200073242188,601.25,599.4053955078125,601.1300048828125,2218369.0,1738688400.0,0.0022816339461718006,0.0022816339461718006,0.5359067336690069,0.5359067336690069
2025-02-04 18:00:00,601.1199951171875,602.1400146484375,600.5700073242188,601.8599853515625,1799422.0,1738692000.0,0.0012136103613026707,0.0012136103613026707,0.29480027318226887,0.29480027318226887
2025-02-04 19:00:00,601.8800048828125,602.2999877929688,600.8400268554688,601.0850219726562,4026723.0,1738695600.0,-0.0012884437466330226,-0.0012884437466330226,-0.2700387607652803,-0.2700387607652803
2025-02-04 20:00:00,601.0850219726562,602.27001953125,600.969970703125,601.7550048828125,5774958.0,1738699200.0,0.0011140018032076524,0.0011140018032076524,0.2723136284894737,0.2723136284894737
2025-02-05 14:00:00,600.6400146484375,601.0999755859375,598.5800170898438,600.6300048828125,6421276.0,1738764000.0,0.0003798818234485233,0.0003798818234485233,0.10658594943825865,0.10658594943825865
2025-02-05 15:00:00,600.6199951171875,601.4000244140625,599.77001953125,601.27001953125,2769162.0,1738767600.0,0.0010650049021230582,0.0010650049021230582,0.26125257182116723,0.26125257182116723
2025-02-05 16:00:00,601.239990234375,603.1699829101562,601.125,602.489990234375,4233551.0,1738771200.0,0.0020269341245952414,0.0020269341245952414,0.47840821646683035,0.47840821646683035
2025-02-05 17:00:00,602.5,602.9000244140625,602.2100219726562,602.5659790039062,1422477.0,1738774800.0,0.00012611658142309897,0.00012611658142309897,0.049298413688935575,0.049298413688935575
2025-02-05 18:00:00,602.5599975585938,603.635009765625,602.3900146484375,603.27001953125,1921265.0,1738778400.0,0.0011677219923770276,0.0011677219923770276,0.28444096804526936,0.28444096804526936
2025-02-05 19:00:00,603.2899780273438,603.969970703125,602.8800048828125,603.72998046875,3207870.0,1738782000.0,0.000762155691408825,0.000762155691408825,0.19288432388078264,0.19288432388078264
2025-02-05 20:00:00,603.719970703125,604.3699951171875,602.9099731445312,604.1500244140625,5066503.0,1738785600.0,0.0006955061107837466,0.0006955061107837466,0.17783817255500717,0.17783817255500717
2025-02-06 14:00:00,605.989990234375,606.0999755859375,604.8300170898438,604.9400024414062,5220066.0,1738850400.0,0.0012770656012352402,0.0012770656012352402,0.3091253016893437,0.3091253016893437
2025-02-06 15:00:00,604.9400024414062,605.75,604.1599731445312,605.530029296875,2859219.0,1738854000.0,0.0009748723830038519,0.0009748723830038519,0.24090514413561856,0.24090514413561856
2025-02-06 16:00:00,605.5499877929688,605.6300048828125,604.75,605.1400146484375,2002226.0,1738857600.0,-0.0006442955516736848,-0.0006442955516736848,-0.12462222360650788,-0.12462222360650788
2025-02-06 17:00:00,605.1400146484375,605.989990234375,604.8599853515625,605.5900268554688,1936391.0,1738861200.0,0.000743373357111756,0.000743373357111756,0.18864420951795247,0.18864420951795247
2025-02-06 18:00:00,605.5800170898438,605.7899780273438,604.3599853515625,604.5599975585938,2839418.0,1738864800.0,-0.0017023171091795856,-0.0017023171091795856,-0.36347072514046186,-0.36347072514046186
2025-02-06 19:00:00,604.5800170898438,604.8200073242188,602.6300048828125,604.7650146484375,5268618.0,1738868400.0,0.0003390603679545653,0.0003390603679545653,0.09737050065463357,0.09737050065463357
2025-02-06 20:00:00,604.77001953125,606.4525146484375,604.5800170898438,606.3400268554688,6605760.0,1738872000.0,0.0026009520907982263,0.0026009520907982263,0.6079928455403132,0.6079928455403132
2025-02-07 14:00:00,606.8900146484375,608.1300048828125,603.77001953125,604.5830078125,9511824.0,1738936800.0,-0.0043689043910488685,-0.0043689043910488685,-0.965453144086047,-0.965453144086047
2025-02-07 15:00:00,604.5,605.5399780273438,601.1799926757812,602.0004272460938,10254527.0,1738940400.0,-0.004280822088676476,-0.004280822088676476,-0.9455685530925508,-0.9455685530925508
2025-02-07 16:00:00,602.0499877929688,602.9099731445312,600.6400146484375,601.7000122070312,8443554.0,1738944000.0,-0.0004991525058118856,-0.0004991525058118856,-0.09185616249345598,-0.09185616249345598
2025-02-07 17:00:00,601.6099853515625,603.75,601.2999877929688,603.3142700195312,2472669.0,1738947600.0,0.002679235925989891,0.002679235925989891,0.6256654313181846,0.6256654313181846
2025-02-07 18:00:00,603.3300170898438,603.6500244140625,600.5,600.5892944335938,3499707.0,1738951200.0,-0.00452690783539105,-0.004521935781517176,-1.0,-1.0
2025-02-07 19:00:00,600.6090698242188,601.5999755859375,600.0499877929688,600.4000244140625,3536559.0,1738954800.0,-0.0003151901821737434,-0.0003151901821737434,-0.05032664447186358,-0.05032664447186358
2025-02-07 20:00:00,600.3900146484375,601.260009765625,600.3699951171875,600.77001953125,7304928.0,1738958400.0,0.0006160578691659255,0.0006160578691659255,0.15990272187793694,0.15990272187793694
2025-02-10 14:00:00,604.030029296875,604.7899780273438,602.739990234375,604.72998046875,6518758.0,1739196000.0,-0.00034855622726946006,-0.00034855622726946006,-0.05785903340731474,-0.05785903340731474
2025-02-10 15:00:00,604.739990234375,605.3300170898438,604.0499877929688,604.3099975585938,3340580.0,1739199600.0,-0.0006947378658792621,-0.0006947378658792621,-0.13600958247120645,-0.13600958247120645
2025-02-10 16:00:00,604.3198852539062,604.4874877929688,603.2108154296875,603.6286010742188,2268410.0,1739203200.0,-0.0011281973395358626,-0.0011281973395358626,-0.23386311392724957,-0.23386311392724957
2025-02-10 17:00:00,603.6500244140625,604.989990234375,603.6400146484375,604.6799926757812,1584659.0,1739206800.0,0.0017402704447346696,0.0017402704447346696,0.41369385418076243,0.41369385418076243
2025-02-10 18:00:00,604.6801147460938,605.4998779296875,604.5599975585938,605.1900024414062,1947261.0,1739210400.0,0.0008430819805307127,0.0008430819805307127,0.2111534439703878,0.2111534439703878
2025-02-10 19:00:00,605.1799926757812,605.3699951171875,604.719970703125,604.8900146484375,2722364.0,1739214000.0,-0.0004958148136943062,-0.0004958148136943062,-0.0911026780722644,-0.0911026780722644
2025-02-10 20:00:00,604.8800048828125,605.030029296875,604.24462890625,604.7899780273438,4621939.0,1739217600.0,-0.00016539352874725915,-0.00016539352874725915,-0.016510030857620414,-0.016510030857620414
2025-02-11 14:00:00,602.5499877929688,604.260009765625,602.4299926757812,604.1500244140625,4597937.0,1739282400.0,0.0008039962103125985,0.0008039962103125985,0.2023298263591323,0.2023298263591323
2025-02-11 15:00:00,604.1599731445312,605.219970703125,604.0,604.5800170898438,3045094.0,1739286000.0,0.0007114784594660612,0.0007114784594660612,0.18144393230695569,0.18144393230695569
2025-02-11 16:00:00,604.6199951171875,604.8900146484375,603.0999755859375,604.3200073242188,4016033.0,1739289600.0,-0.0004301592594645193,-0.0004301592594645193,-0.07628092833199183,-0.07628092833199183
2025-02-11 17:00:00,604.3400268554688,604.4299926757812,603.5,603.9691772460938,1783848.0,1739293200.0,-0.0005807055007425613,-0.0005807055007425613,-0.11026676149931733,-0.11026676149931733
2025-02-11 18:00:00,603.97998046875,605.2999877929688,603.9500122070312,604.7216186523438,2792435.0,1739296800.0,0.0012450520943874009,0.0012450520943874009,0.30189824843583685,0.30189824843583685
2025-02-11 19:00:00,604.719970703125,605.8599853515625,604.7100219726562,605.27001953125,3820622.0,1739300400.0,0.0009064540599295333,0.0009064540599295333,0.22545969897636356,0.22545969897636356
2025-02-11 20:00:00,605.280029296875,605.5800170898438,604.6099853515625,605.2100219726562,5206725.0,1739304000.0,-9.913019064462581e-05,-9.913019064462581e-05,-0.0015510738305435263,-0.0015510738305435263
2025-02-12 14:00:00,599.2000122070312,602.3599853515625,598.510009765625,601.4349975585938,18533540.0,1739368800.0,-0.0029227074698782683,-0.0029227074698782683,-0.6389740047016973,-0.6389740047016973
2025-02-12 15:00:00,601.4439697265625,603.3200073242188,600.1699829101562,600.659912109375,3948328.0,1739372400.0,-0.0012895580047738208,-0.0012895580047738208,-0.2702903046826642,-0.2702903046826642
2025-02-12 16:00:00,600.6300048828125,603.989990234375,600.5999755859375,603.7899780273438,4270148.0,1739376000.0,0.00519751463292788,0.004337416910343824,0.9999999999999998,0.9999999999999998
2025-02-12 17:00:00,603.780029296875,604.5499877929688,603.0900268554688,603.5700073242188,2558860.0,1739379600.0,-0.000364382964861672,-0.000364382964861672,-0.06143192143710316,-0.06143192143710316
2025-02-12 18:00:00,603.5899047851562,603.7598876953125,602.530029296875,603.0800170898438,2782930.0,1739383200.0,-0.0008121497557596428,-0.0008121497557596428,-0.16251533158496412,-0.16251533158496412
2025-02-12 19:00:00,603.113525390625,604.22998046875,603.0599975585938,603.3200073242188,4147162.0,1739386800.0,0.0003978617915849054,0.0003978617915849054,0.11064492953798989,0.11064492953798989
2025-02-12 20:00:00,603.3250122070312,603.5900268554688,602.5700073242188,603.3599853515625,4583717.0,1739390400.0,6.626119203277584e-05,6.626119203277584e-05,0.03578605190085332,0.03578605190085332
2025-02-13 14:00:00,604.47998046875,606.419921875,603.2000122070312,606.0800170898438,7644381.0,1739455200.0,0.0011064250049158816,0.0011064250049158816,0.2706031653088552,0.2706031653088552
2025-02-13 15:00:00,606.0848999023438,607.489990234375,606.0,606.6900024414062,3563509.0,1739458800.0,0.0010059374707098328,0.0010059374707098328,0.2479180916469012,0.2479180916469012
2025-02-13 16:00:00,606.7000122070312,606.9600219726562,605.719970703125,606.5399780273438,2320305.0,1739462400.0,-0.00024731405791535583,-0.00024731405791535583,-0.03500360076445035,-0.03500360076445035
2025-02-13 17:00:00,606.5399780273438,606.969970703125,604.989990234375,606.2000122070312,2449362.0,1739466000.0,-0.0005606574071200354,-0.0005606574071200354,-0.10574090180734594,-0.10574090180734594
2025-02-13 18:00:00,606.2000122070312,608.4099731445312,605.3099975585938,608.280029296875,5699770.0,1739469600.0,0.003425365675053663,0.003425365675053663,0.7941043173215003,0.7941043173215003
2025-02-13 19:00:00,608.280029296875,609.7100219726562,608.1422119140625,609.5798950195312,5920998.0,1739473200.0,0.002134672781832801,0.002134672781832801,0.5027302320778666,0.5027302320778666
2025-02-13 20:00:00,609.5700073242188,609.9400024414062,609.0900268554688,609.6900024414062,8181588.0,1739476800.0,0.00018061205710665442,0.00018061205710665442,0.061600774274177865,0.061600774274177865
2025-02-14 14:00:00,609.9400024414062,610.989990234375,609.760009765625,610.239990234375,5214577.0,1739541600.0,-3.282205634446978e-05,-3.282205634446978e-05,0.013417995943836865,0.013417995943836865
2025-02-14 15:00:00,610.239990234375,610.8499755859375,609.4000244140625,609.989990234375,3910433.0,1739545200.0,-0.00040975882825284313,-0.00040975882825284313,-0.07167552838433701,-0.07167552838433701
2025-02-14 16:00:00,610.010009765625,610.2949829101562,609.27001953125,609.3201293945312,2764489.0,1739548800.0,-0.0010987539534879868,-0.0010987539534879868,-0.22721626577209597,-0.22721626577209597
2025-02-14 17:00:00,609.3499755859375,610.0900268554688,609.0700073242188,609.9298706054688,1443250.0,1739552400.0,0.0010001907103032778,0.0010001907103032778,0.24662075975225056,0.24662075975225056
2025-02-14 18:00:00,609.9299926757812,610.7506713867188,609.8800048828125,610.1300048828125,2059667.0,1739556000.0,0.0003280728809455826,0.0003280728809455826,0.0948900740611474,0.0948900740611474
2025-02-14 19:00:00,610.1500244140625,610.3024291992188,609.5900268554688,609.6699829101562,2430485.0,1739559600.0,-0.0007542580735676975,-0.0007542580735676975,-0.1494462769473426,-0.1494462769473426
2025-02-14 20:00:00,609.6599731445312,610.2899780273438,609.5449829101562,609.7000122070312,5528441.0,1739563200.0,4.92537900741324e-05,4.92537900741324e-05,0.03194662873977566,0.03194662873977566
2025-02-18 14:00:00,610.8800048828125,611.0,609.3300170898438,609.6300048828125,5264887.0,1739887200.0,0.0017716915478063406,0.0017716915478063406,0.4207871722062514,0.4207871722062514
2025-02-18 15:00:00,609.6400146484375,610.739990234375,609.4000244140625,610.4099731445312,2687081.0,1739890800.0,0.0012785947707023505,0.0012785947707023505,0.3094705118915553,0.3094705118915553
2025-02-18 16:00:00,610.2899169921875,610.85498046875,609.780029296875,610.0349731445312,1777532.0,1739894400.0,-0.0006145299924289356,-0.0006145299924289356,-0.11790264481107407,-0.11790264481107407
2025-02-18 17:00:00,610.0402221679688,610.65869140625,609.52001953125,609.8900146484375,2178303.0,1739898000.0,-0.00023765149206145613,-0.00023765149206145613,-0.032822275290688235,-0.032822275290688235
2025-02-18 18:00:00,609.8800048828125,609.9299926757812,608.3800048828125,609.218994140625,3558413.0,1739901600.0,-0.00110083769497095,-0.00110083769497095,-0.22768667067760956,-0.22768667067760956
2025-02-18 19:00:00,609.219970703125,610.0399780273438,609.1099853515625,609.780029296875,3079536.0,1739905200.0,0.0009204850620491714,0.0009204850620491714,0.2286271994942125,0.2286271994942125
2025-02-18 20:00:00,609.77001953125,611.3800048828125,609.6300048828125,611.3499755859375,5116020.0,1739908800.0,0.0025713022328045084,0.0025713022328045084,0.6012993863170548,0.6012993863170548
2025-02-19 14:00:00,610.0800170898438,610.27001953125,609.5599975585938,610.0599975585938,5311794.0,1739973600.0,0.0018083407605656385,0.0018083407605656385,0.4290607366604507,0.4290607366604507
2025-02-19 15:00:00,610.0599975585938,611.260009765625,609.8200073242188,611.1799926757812,4571568.0,1739977200.0,0.0018341938360033616,0.0018341938360033616,0.4348970717374985,0.4348970717374985
2025-02-19 16:00:00,611.1699829101562,611.9600219726562,610.97998046875,611.0499877929688,2328817.0,1739980800.0,-0.0002127339132246342,-0.0002127339132246342,-0.027197128690595547,-0.027197128690595547
2025-02-19 17:00:00,611.0599975585938,611.8200073242188,610.6500244140625,611.6599731445312,2127131.0,1739984400.0,0.000997759765855543,0.000997759765855543,0.24607197373316184,0.24607197373316184
2025-02-19 18:00:00,611.6699829101562,613.0800170898438,611.4000244140625,612.8201293945312,3339899.0,1739988000.0,0.0018949374428389094,0.0018949374428389094,0.4486099487271125,0.4486099487271125
2025-02-19 19:00:00,612.8200073242188,613.22998046875,611.7999877929688,612.0999145507812,3320047.0,1739991600.0,-0.0011759378586455411,-0.0011759378586455411,-0.24464054220449544,-0.24464054220449544
2025-02-19 20:00:00,612.1099853515625,613.0599975585938,612.0800170898438,612.9000244140625,5357638.0,1739995200.0,0.0013063020684468058,0.0013063020684468058,0.3157254378908124,0.3157254378908124
2025-02-20 14:00:00,611.5399780273438,611.6840209960938,607.02001953125,609.1099853515625,8415478.0,1740060000.0,-0.0021193438195670437,-0.0021193438195670437,-0.4576145581928645,-0.4576145581928645
2025-02-20 15:00:00,609.0999755859375,609.52001953125,607.0800170898438,608.260009765625,3929126.0,1740063600.0,-0.0013964131323519037,-0.0013964131323519037,-0.2944128633603991,-0.2944128633603991
2025-02-20 16:00:00,608.2550048828125,608.9398803710938,607.0999755859375,608.7899780273438,3687315.0,1740067200.0,0.0008709063728387776,0.0008709063728387776,0.21743480408231267,0.21743480408231267
2025-02-20 17:00:00,608.8302001953125,609.0999145507812,607.6400146484375,607.9600219726562,3137587.0,1740070800.0,-0.0013642180947706852,-0.0013642180947706852,-0.2871448295206817,-0.2871448295206817
2025-02-20 18:00:00,607.9400024414062,609.489990234375,607.8200073242188,609.1699829101562,3605349.0,1740074400.0,0.0019882203728924107,0.0019882203728924107,0.46966858208284273,0.46966858208284273
2025-02-20 19:00:00,609.1599731445312,610.0999755859375,608.719970703125,609.8400268554688,4057034.0,1740078000.0,0.0010993248741595226,0.0010993248741595226,0.26900030988514423,0.26900030988514423
2025-02-20 20:00:00,609.8400268554688,610.7000122070312,609.4625244140625,610.3900146484375,5353026.0,1740081600.0,0.0009014494177420837,0.0009014494177420837,0.22432990036431658,0.22432990036431658
2025-02-21 14:00:00,610.1599731445312,610.2999877929688,606.52001953125,606.760009765625,9803609.0,1740146400.0,0.0003719841572856229,0.0003719841572856229,0.10480305029481313,0.10480305029481313
2025-02-21 15:00:00,606.75,607.47998046875,605.7659912109375,606.9400024414062,8591958.0,1740150000.0,0.0002966015906573934,0.0002966015906573934,0.08778542626512917,0.08778542626512917
2025-02-21 16:00:00,606.9500122070312,607.5,605.1599731445312,605.7199096679688,5485973.0,1740153600.0,-0.0020122594520568353,-0.0020122594520568353,-0.4334402485712178,-0.4334402485712178
2025-02-21 17:00:00,605.7550048828125,605.7899780273438,602.10009765625,602.1599731445312,9010299.0,1740157200.0,-0.005894537829064342,-0.004521935781517176,-1.0,-1.0
2025-02-21 18:00:00,602.14501953125,603.2249755859375,599.6500244140625,599.9099731445312,8451975.0,1740160800.0,-0.0037435469285250285,-0.0037435469285250285,-0.824278617170926,-0.824278617170926
2025-02-21 19:00:00,599.909912109375,600.6599731445312,599.469970703125,600.5599975585938,9297228.0,1740164400.0,0.0010829500003399107,0.0010829500003399107,0.2653036800321178,0.2653036800321178
2025-02-21 20:00:00,600.5800170898438,600.9099731445312,599.5,600.0,10643776.0,1740168000.0,-0.000932893983384358,-0.000932893983384358,-0.1897733563694705,-0.1897733563694705
2025-02-24 14:00:00,602.02001953125,603.030029296875,596.489990234375,597.9500122070312,12094000.0,1740405600.0,0.003972390272546535,0.003972390272546535,0.9175951899662745,0.9175951899662745
2025-02-24 15:00:00,597.9299926757812,600.3800048828125,596.75,600.09619140625,5350830.0,1740409200.0,0.0035828025472250087,0.0035828025472250087,0.8296457112917351,0.8296457112917351
2025-02-24 16:00:00,600.1300048828125,601.5800170898438,599.4019165039062,601.0399780273438,3482613.0,1740412800.0,0.0015714901263335784,0.0015714901263335784,0.3755916757775597,0.3755916757775597
2025-02-24 17:00:00,600.969970703125,601.8499755859375,600.530029296875,601.4099731445312,2462190.0,1740416400.0,0.0006154021271386878,0.0006154021271386878,0.15975468803166282,0.15975468803166282
2025-02-24 18:00:00,601.3900146484375,601.61328125,599.8400268554688,600.0700073242188,2795050.0,1740420000.0,-0.0022305263469223104,-0.0022305263469223104,-0.4827140279221618,-0.4827140279221618
2025-02-24 19:00:00,600.0599975585938,600.6599731445312,598.9000244140625,599.0999755859375,5225686.0,1740423600.0,-0.0016178389447465437,-0.0016178389447465437,-0.3443997687464013,-0.3443997687464013
2025-02-24 20:00:00,599.1099853515625,599.719970703125,596.6400146484375,597.1900024414062,10437558.0,1740427200.0,-0.003193163534760518,-0.003193163534760518,-0.7000294958394901,-0.7000294958394901
2025-02-25 14:00:00,597.1500244140625,597.8900146484375,590.6699829101562,590.8499755859375,13879399.0,1740492000.0,-0.0011270189762166588,-0.0011270189762166588,-0.23359709825766545,-0.23359709825766545
2025-02-25 15:00:00,590.8599853515625,593.4400024414062,590.5032958984375,590.8699951171875,9356406.0,1740495600.0,3.388202238816329e-05,3.388202238816329e-05,0.02847645022434281,0.02847645022434281
2025-02-25 16:00:00,590.8499755859375,593.7999877929688,589.5599975585938,593.6799926757812,5524653.0,1740499200.0,0.004744422537723171,0.004337416910343824,0.9999999999999998,0.9999999999999998
2025-02-25 17:00:00,593.6699829101562,596.1799926757812,593.4600219726562,593.7000122070312,4957928.0,1740502800.0,3.372051267425268e-05,3.372051267425268e-05,0.028439989385830537,0.028439989385830537
2025-02-25 18:00:00,593.7050170898438,595.8699951171875,593.010009765625,593.0700073242188,4278380.0,1740506400.0,-0.0010617136119459873,-0.0010617136119459873,-0.21885440394532207,-0.21885440394532207
2025-02-25 19:00:00,593.0399780273438,596.6400146484375,593.02001953125,595.8900146484375,6760481.0,1740510000.0,0.004743662629800581,0.004337416910343824,0.9999999999999998,0.9999999999999998
2025-02-25 20:00:00,595.9000244140625,596.02001953125,593.5700073242188,594.2100219726562,7168919.0,1740513600.0,-0.0028232816402136442,-0.0028232816402136442,-0.6165286109753666,-0.6165286109753666
2025-02-26 14:00:00,595.9299926757812,599.280029296875,595.0999755859375,597.9400024414062,8860755.0,1740578400.0,0.0011821180259092225,0.0011821180259092225,0.28769087445105457,0.28769087445105457
2025-02-26 15:00:00,597.9749755859375,599.5800170898438,597.9500122070312,598.6500244140625,3650899.0,1740582000.0,0.001186742393052479,0.001186742393052479,0.2887348259233794,0.2887348259233794
2025-02-26 16:00:00,598.6799926757812,599.4299926757812,597.6799926757812,598.5999755859375,3439355.0,1740585600.0,-8.36063113871544e-05,-8.36063113871544e-05,0.001953443891554399,0.001953443891554399
2025-02-26 17:00:00,598.6500244140625,599.010009765625,593.8499755859375,593.9249877929688,5114375.0,1740589200.0,-0.007840526421894973,-0.004521935781517176,-1.0,-1.0
2025-02-26 18:00:00,593.864990234375,594.5900268554688,591.8555908203125,593.3889770507812,5992615.0,1740592800.0,-0.0009028964443655463,-0.0009028964443655463,-0.18300140811045829,-0.18300140811045829
2025-02-26 19:00:00,593.3499755859375,594.6400146484375,592.4600219726562,593.5900268554688,4549029.0,1740596400.0,0.0003387588254696402,0.0003387588254696402,0.09730242740020674,0.09730242740020674
2025-02-26 20:00:00,593.5900268554688,595.2899780273438,593.1400146484375,594.4299926757812,6319956.0,1740600000.0,0.001414060279233076,0.001414060279233076,0.34005186771796375,0.34005186771796375
2025-02-27 14:00:00,596.8499755859375,598.02001953125,590.5399780273438,595.4500122070312,15088225.0,1740664800.0,-0.0022283619641490235,-0.0022283619641490235,-0.4822254182350736,-0.4822254182350736
2025-02-27 15:00:00,595.4500122070312,596.239990234375,593.219970703125,594.1212768554688,5194424.0,1740668400.0,-0.0022339744013376395,-0.0022339744013376395,-0.48349242664614456,-0.48349242664614456
2025-02-27 16:00:00,594.1300048828125,594.9589233398438,591.4000244140625,593.9500122070312,4775184.0,1740672000.0,-0.00028830702534517037,-0.00028830702534517037,-0.04425776838946756,-0.04425776838946756
2025-02-27 17:00:00,593.9600219726562,595.1599731445312,592.3699951171875,594.5900268554688,4070264.0,1740675600.0,0.0010769762721731574,0.0010769762721731574,0.26395511013665773,0.26395511013665773
2025-02-27 18:00:00,594.6300048828125,594.9500122070312,590.6799926757812,590.7697143554688,3846817.0,1740679200.0,-0.006445850309708302,-0.004521935781517176,-1.0,-1.0
2025-02-27 19:00:00,590.781982421875,590.7999877929688,586.239990234375,586.3099975585938,11600098.0,1740682800.0,-0.0075776314749878195,-0.004521935781517176,-1.0,-1.0
2025-02-27 20:00:00,586.3629760742188,587.5700073242188,584.6500244140625,585.0399780273438,15219445.0,1740686400.0,-0.0021684723701461835,-0.0021684723701461835,-0.4687053347513537,-0.4687053347513537
2025-02-28 14:00:00,585.5599975585938,588.3800048828125,583.27001953125,588.3599853515625,15117569.0,1740751200.0,-0.004795986024771053,-0.004521935781517176,-1.0,-1.0
2025-02-28 15:00:00,588.3599853515625,589.030029296875,586.010009765625,586.0599975585938,6221129.0,1740754800.0,-0.00391681130576503,-0.00391681130576503,-0.8633930724288541,-0.8633930724288541
2025-02-28 16:00:00,586.0700073242188,588.3400268554688,585.8300170898438,587.0250244140625,4068935.0,1740758400.0,0.00164528070017599,0.00164528070017599,0.39224990723282216,0.39224990723282216
2025-02-28 17:00:00,587.0750122070312,587.1799926757812,582.4400024414062,584.719970703125,10920815.0,1740762000.0,-0.003934399880461889,-0.003934399880461889,-0.8673636954096996,-0.8673636954096996
2025-02-28 18:00:00,584.6900024414062,586.52001953125,583.531005859375,585.6699829101562,6524415.0,1740765600.0,0.0016234117744125976,0.0016234117744125976,0.38731299445284373,0.38731299445284373
2025-02-28 19:00:00,585.669921875,589.6799926757812,585.25,589.614990234375,8723241.0,1740769200.0,0.006713303123291476,0.004337416910343824,0.9999999999999998,0.9999999999999998
2025-02-28 20:00:00,589.6300048828125,594.719970703125,587.9299926757812,594.0700073242188,20418439.0,1740772800.0,0.007527404900451886,0.004337416910343824,0.9999999999999998,0.9999999999999998
2025-03-03 14:00:00,596.1799926757812,597.3400268554688,590.7100219726562,594.114990234375,12420202.0,1741010400.0,-0.005347987167513104,-0.004521935781517176,-1.0,-1.0
2025-03-03 15:00:00,594.0900268554688,595.125,592.219970703125,592.4000244140625,5858061.0,1741014000.0,-0.0028907632746333857,-0.0028907632746333857,-0.6317625985513972,-0.6317625985513972
2025-03-03 16:00:00,592.4299926757812,594.1500244140625,591.1699829101562,593.8099975585938,3921893.0,1741017600.0,0.0023772751577627446,0.0023772751577627446,0.5574977493825608,0.5574977493825608
2025-03-03 17:00:00,593.7999877929688,594.219970703125,587.8699951171875,588.0902709960938,4977410.0,1741021200.0,-0.009678940546014793,-0.004521935781517176,-1.0,-1.0
2025-03-03 18:00:00,588.114990234375,590.22998046875,587.47998046875,588.4949951171875,6869116.0,1741024800.0,0.00068796397288489,0.00068796397288489,0.17613553396250922,0.17613553396250922
2025-03-03 19:00:00,588.489990234375,590.6500244140625,580.8300170898438,581.2100219726562,15861758.0,1741028400.0,-0.012456247056127339,-0.004521935781517176,-1.0,-1.0
2025-03-03 20:00:00,581.1900024414062,584.1099853515625,579.9000244140625,583.969970703125,14072787.0,1741032000.0,0.00473738634300363,0.004337416910343824,0.9999999999999998,0.9999999999999998
2025-03-04 14:00:00,579.7100219726562,580.2100219726562,572.25,574.510009765625,22625018.0,1741096800.0,-0.006447750830430864,-0.004521935781517176,-1.0,-1.0
2025-03-04 15:00:00,574.52001953125,576.0999755859375,572.2999877929688,572.9600830078125,12480256.0,1741100400.0,-0.002701469450366032,-0.002701469450366032,-0.5890294935828465,-0.5890294935828465
2025-03-04 16:00:00,572.989990234375,578.5700073242188,572.9199829101562,577.8599853515625,9243884.0,1741104000.0,0.008515548325852202,0.004337416910343824,0.9999999999999998,0.9999999999999998
2025-03-04 17:00:00,577.8499755859375,580.069580078125,575.9299926757812,577.5399780273438,8341571.0,1741107600.0,-0.0005539334300575043,-0.0005539334300575043,-0.1042229631279866,-0.1042229631279866
2025-03-04 18:00:00,577.1300048828125,582.9290161132812,576.969970703125,581.4000244140625,8597223.0,1741111200.0,0.0066613640953135924,0.004337416910343824,0.9999999999999998,0.9999999999999998
2025-03-04 19:00:00,581.4199829101562,585.3900146484375,580.7999877929688,583.8400268554688,9865621.0,1741114800.0,0.004187988569504014,0.004187988569504014,0.9662665329991684,0.9662665329991684
2025-03-04 20:00:00,583.8599853515625,584.030029296875,574.6900024414062,576.8800048828125,20057877.0,1741118400.0,-0.011992737613452667,-0.004521935781517176,-1.0,-1.0
2025-03-05 14:00:00,576.6900024414062,579.6400146484375,575.0,575.8914794921875,15257741.0,1741183200.0,-0.0026965390433504317,-0.0026965390433504317,-0.5879164535703115,-0.5879164535703115
2025-03-05 15:00:00,575.9199829101562,578.030029296875,573.7999877929688,574.8499755859375,6353737.0,1741186800.0,-0.0018101445568656515,-0.0018101445568656515,-0.38781278520657164,-0.38781278520657164
2025-03-05 16:00:00,574.8400268554688,578.7899780273438,573.0795288085938,578.7000122070312,8194349.0,1741190400.0,0.006675134944247964,0.004337416910343824,0.9999999999999998,0.9999999999999998
2025-03-05 17:00:00,578.6900024414062,581.1599731445312,577.739990234375,579.22998046875,7608064.0,1741194000.0,0.0009153719172596031,0.0009153719172596031,0.22747290640590015,0.22747290640590015
2025-03-05 18:00:00,579.27001953125,584.3400268554688,577.9099731445312,582.7999877929688,9837523.0,1741197600.0,0.006144451784622599,0.004337416910343824,0.9999999999999998,0.9999999999999998
2025-03-05 19:00:00,582.7999877929688,584.8800048828125,581.97998046875,584.1300048828125,7027388.0,1741201200.0,0.0022795157791989165,0.0022795157791989165,0.5354285572047534,0.5354285572047534
2025-03-05 20:00:00,584.0999755859375,584.1599731445312,581.3900146484375,583.030029296875,9582648.0,1741204800.0,-0.001884875902853789,-0.001884875902853789,-0.4046833960937062,-0.4046833960937062
2025-03-06 14:00:00,575.47998046875,578.7100219726562,573.4500122070312,578.4609985351562,14413449.0,1741269600.0,0.0031691218104968354,0.0031691218104968354,0.7362572322196201,0.7362572322196201
2025-03-06 15:00:00,578.4600219726562,580.173583984375,577.1099853515625,578.489990234375,6153196.0,1741273200.0,5.011741984957818e-05,5.011741984957818e-05,0.03214159327171921,0.03214159327171921
2025-03-06 16:00:00,578.469970703125,580.0700073242188,572.0,572.5499877929688,9432081.0,1741276800.0,-0.010321196979504408,-0.004521935781517176,-1.0,-1.0
2025-03-06 17:00:00,572.5599975585938,574.1599731445312,571.0399780273438,572.530029296875,8178039.0,1741280400.0,-3.4859565790813404e-05,-3.4859565790813404e-05,0.012958027926486013,0.012958027926486013
2025-03-06 18:00:00,572.8099975585938,573.1500244140625,570.1199951171875,570.6387939453125,7575935.0,1741284000.0,-0.0033087625178950556,-0.0033087625178950556,-0.7261259810241779,-0.7261259810241779
2025-03-06 19:00:00,570.5999755859375,574.9299926757812,570.1199951171875,572.989990234375,11729220.0,1741287600.0,0.004111823056998477,0.004111823056998477,0.949072158837835,0.949072158837835
2025-03-06 20:00:00,573.0131225585938,574.27001953125,571.5700073242188,572.8200073242188,9935019.0,1741291200.0,-0.0002967034879525015,-0.0002967034879525015,-0.046153270893853654,-0.046153270893853654
2025-03-07 14:00:00,570.9000244140625,576.06787109375,570.7999877929688,572.3599853515625,13963709.0,1741356000.0,-0.008385473830553962,-0.004521935781517176,-1.0,-1.0
2025-03-07 15:00:00,572.3499755859375,573.0,567.3699951171875,567.6300048828125,12712960.0,1741359600.0,-0.008298331831601414,-0.004521935781517176,-1.0,-1.0
2025-03-07 16:00:00,567.4099731445312,568.6694946289062,565.6300048828125,568.0800170898438,11840865.0,1741363200.0,0.0007924773434702252,0.0007924773434702252,0.1997294407004926,0.1997294407004926
2025-03-07 17:00:00,568.0599975585938,574.2899780273438,567.4400024414062,572.6268920898438,10904804.0,1741366800.0,0.007972072483069782,0.004337416910343824,0.9999999999999998,0.9999999999999998
2025-03-07 18:00:00,572.6599731445312,577.3099975585938,572.2899780273438,576.5750122070312,9110239.0,1741370400.0,0.00687109138194053,0.004337416910343824,0.9999999999999998,0.9999999999999998
2025-03-07 19:00:00,576.6599731445312,577.1400146484375,574.6199951171875,575.9796142578125,7150517.0,1741374000.0,-0.0010331796663011028,-0.0010331796663011028,-0.21241286207712254,-0.21241286207712254
2025-03-07 20:00:00,575.9400024414062,577.3900146484375,572.8099975585938,575.8599853515625,9123798.0,1741377600.0,-0.00020771799601383318,-0.00020771799601383318,-0.02606478474058911,-0.02606478474058911
2025-03-10 13:00:00,568.260009765625,569.5399780273438,565.173095703125,565.5150146484375,13921223.0,1741611600.0,-0.0002936575125876136,-0.0002936575125876136,-0.04546564156678415,-0.04546564156678415
2025-03-10 14:00:00,565.530029296875,566.0499877929688,563.0599975585938,565.1300048828125,12764160.0,1741615200.0,-0.0006810444902785855,-0.0006810444902785855,-0.13291830118306977,-0.13291830118306977
2025-03-10 15:00:00,565.125,566.6199951171875,562.6300048828125,563.77001953125,9541096.0,1741618800.0,-0.0024094002658650196,-0.0024094002658650196,-0.5230948379348479,-0.5230948379348479
2025-03-10 16:00:00,563.780029296875,565.1099853515625,561.0999755859375,561.8400268554688,6376709.0,1741622400.0,-0.0034292419001072036,-0.0034292419001072036,-0.7533242169230221,-0.7533242169230221
2025-03-10 17:00:00,561.8800048828125,561.969970703125,559.4199829101562,559.8200073242188,9891086.0,1741626000.0,-0.003601843078205722,-0.003601843078205722,-0.7922889548901842,-0.7922889548901842
2025-03-10 18:00:00,560.27001953125,561.2899780273438,555.5900268554688,559.6699829101562,14945056.0,1741629600.0,-0.0002680227894296416,-0.0002680227894296416,-0.039678599544736105,-0.039678599544736105
2025-03-10 19:00:00,559.719970703125,562.4697265625,559.0599975585938,560.75,15153083.0,1741633200.0,0.0019278796180492376,0.0019278796180492376,0.4560466489818821,0.4560466489818821
2025-03-11 13:00:00,559.75,562.1199951171875,555.6500244140625,555.9857788085938,16719508.0,1741698000.0,0.0019790179160641534,0.0019790179160641534,0.46759112628029603,0.46759112628029603
2025-03-11 14:00:00,555.9500122070312,558.8599853515625,554.0499877929688,557.1699829101562,11042287.0,1741701600.0,0.0021276529107944484,0.0021276529107944484,0.5011454952957308,0.5011454952957308
2025-03-11 15:00:00,557.469970703125,559.97998046875,554.75,555.8099975585938,6477104.0,1741705200.0,-0.0024438643143654694,-0.0024438643143654694,-0.5308751012789433,-0.5308751012789433
2025-03-11 16:00:00,555.8499755859375,556.9299926757812,552.0399780273438,552.2000122070312,8660747.0,1741708800.0,-0.006516183235280153,-0.004521935781517176,-1.0,-1.0
2025-03-11 17:00:00,552.1599731445312,559.3200073242188,552.02001953125,558.4400024414062,9387752.0,1741712400.0,0.011236864890048461,0.004337416910343824,0.9999999999999998,0.9999999999999998
2025-03-11 18:00:00,558.4099731445312,564.02001953125,557.3400268554688,559.5700073242188,13594188.0,1741716000.0,0.002021458229776691,0.002021458229776691,0.4771720325132146,0.4771720325132146
2025-03-11 19:00:00,559.3300170898438,560.3200073242188,556.010009765625,556.1199951171875,10711012.0,1741719600.0,-0.006184555200856016,-0.004521935781517176,-1.0,-1.0
2025-03-12 13:00:00,562.1699829101562,563.1099853515625,557.97998046875,559.010009765625,22055937.0,1741784400.0,-0.004916987126860719,-0.004521935781517176,-1.0,-1.0
2025-03-12 14:00:00,559.0700073242188,559.27001953125,553.6900024414062,556.9000244140625,9103710.0,1741788000.0,-0.0037816451174038385,-0.0037816451174038385,-0.8328792881688897,-0.8328792881688897
2025-03-12 15:00:00,556.9400024414062,560.8599853515625,556.5750122070312,560.27001953125,6115976.0,1741791600.0,0.006033110818397166,0.004337416910343824,0.9999999999999998,0.9999999999999998
2025-03-12 16:00:00,560.3099975585938,561.4600219726562,558.6599731445312,561.4199829101562,5283900.0,1741795200.0,0.002050412822245361,0.002050412822245361,0.48370853545552783,0.48370853545552783
2025-03-12 17:00:00,561.489990234375,561.780029296875,557.8099975585938,560.2000122070312,4715748.0,1741798800.0,-0.0021753734589904563,-0.0021753734589904563,-0.47026325643802785,-0.47026325643802785
2025-03-12 18:00:00,560.2100219726562,561.9000244140625,559.030029296875,559.6400146484375,5325725.0,1741802400.0,-0.001000138576660128,-0.001000138576660128,-0.20495383187702015,-0.20495383187702015
2025-03-12 19:00:00,559.6400146484375,560.2899780273438,558.1699829101562,558.9199829101562,8778620.0,1741806000.0,-0.0012874264041360015,-0.0012874264041360015,-0.26980909556683846,-0.26980909556683846
2025-03-13 13:00:00,558.489990234375,559.10498046875,554.4500122070312,557.114990234375,10489523.0,1741870800.0,-0.0047352865358867464,-0.004521935781517176,-1.0,-1.0
2025-03-13 14:00:00,557.1300048828125,558.27001953125,554.1400146484375,554.28369140625,5439447.0,1741874400.0,-0.005095030252921709,-0.004521935781517176,-1.0,-1.0
2025-03-13 15:00:00,554.25,555.1599731445312,552.27001953125,552.5700073242188,7945874.0,1741878000.0,-0.0030964985765933226,-0.0030964985765933226,-0.6782073692057913,-0.6782073692057913
2025-03-13 16:00:00,552.5900268554688,554.576171875,550.3599853515625,551.1599731445312,7368763.0,1741881600.0,-0.002555036053603927,-0.002555036053603927,-0.5559721355894952,-0.5559721355894952
2025-03-13 17:00:00,551.1099853515625,553.25,549.6799926757812,553.0599975585938,7307538.0,1741885200.0,0.003441390917871573,0.003441390917871573,0.797722017931305,0.797722017931305
2025-03-13 18:00:00,553.0700073242188,554.6199951171875,550.9000244140625,551.469970703125,9084591.0,1741888800.0,-0.002879103328112028,-0.002879103328112028,-0.6291303641372351,-0.6291303641372351
2025-03-13 19:00:00,551.47998046875,552.0599975585938,550.1599731445312,551.52001953125,11161916.0,1741892400.0,9.075119194628714e-05,9.075119194628714e-05,0.041314672504480496,0.041314672504480496
2025-03-14 13:00:00,556.1099853515625,559.6900024414062,555.5,557.0050048828125,12784487.0,1741957200.0,0.008425785569232463,0.004337416910343824,0.9999999999999998,0.9999999999999998
2025-03-14 14:00:00,556.9949951171875,561.510009765625,556.8800048828125,561.0499877929688,5735503.0,1741960800.0,0.00723578103953248,0.004337416910343824,0.9999999999999998,0.9999999999999998
2025-03-14 15:00:00,561.0599975585938,562.4299926757812,560.0200805664062,560.219970703125,5833254.0,1741964400.0,-0.0014804949248156919,-0.0014804949248156919,-0.3133943387318522,-0.3133943387318522
2025-03-14 16:00:00,560.2999877929688,562.7999877929688,560.0499877929688,561.4500122070312,6706420.0,1741968000.0,0.0021932333319368696,0.0021932333319368696,0.5159502837319491,0.5159502837319491
2025-03-14 17:00:00,561.6749877929688,561.9500122070312,560.22998046875,560.6900024414062,5798421.0,1741971600.0,-0.001354572284943969,-0.001354572284943969,-0.2849672867221932,-0.2849672867221932
2025-03-14 18:00:00,560.6900024414062,562.75,560.6832275390625,561.7999877929688,6054435.0,1741975200.0,0.0019777204661369906,0.0019777204661369906,0.4672982267937783,0.4672982267937783
2025-03-14 19:00:00,561.8099975585938,563.8300170898438,561.3699951171875,562.7899780273438,11882067.0,1741978800.0,0.0017606247969388302,0.0017606247969388302,0.41828885178659425,0.41828885178659425
2025-03-17 13:00:00,562.7899780273438,566.3599853515625,562.3499755859375,564.6400146484375,9896291.0,1742216400.0,-0.0007111029755906217,-0.0007111029755906217,-0.13970400807554975,-0.13970400807554975
2025-03-17 14:00:00,564.6300048828125,565.6900024414062,563.5,564.1500244140625,4628015.0,1742220000.0,-0.000868169009638217,-0.000868169009638217,-0.17516168529205572,-0.17516168529205572
2025-03-17 15:00:00,564.1300048828125,565.27001953125,562.7999877929688,563.8499145507812,3705833.0,1742223600.0,-0.0005321097280160434,-0.0005321097280160434,-0.0992962596090015,-0.0992962596090015
2025-03-17 16:00:00,563.8400268554688,566.0,563.5399780273438,565.8099975585938,3074926.0,1742227200.0,0.003470221353905755,0.003470221353905755,0.8042304925426992,0.8042304925426992
2025-03-17 17:00:00,565.8200073242188,568.9052734375,565.6099853515625,568.6524047851562,6119515.0,1742230800.0,0.005011031072563146,0.004337416910343824,0.9999999999999998,0.9999999999999998
2025-03-17 18:00:00,568.655029296875,569.7100219726562,568.3800048828125,569.0449829101562,6195616.0,1742234400.0,0.0006901275239395693,0.0006901275239395693,0.17662395588901564,0.17662395588901564
2025-03-17 19:00:00,569.030029296875,569.2999877929688,566.8200073242188,567.02001953125,8342110.0,1742238000.0,-0.003564876162980218,-0.003564876162980218,-0.7839436690637233,-0.7839436690637233
2025-03-18 13:00:00,564.7999877929688,565.02001953125,560.1500244140625,561.3060302734375,11673127.0,1742302800.0,-0.003344253233073683,-0.003344253233073683,-0.7341380145018004,-0.7341380145018004
2025-03-18 14:00:00,561.2899780273438,562.0700073242188,559.3400268554688,559.969970703125,5854835.0,1742306400.0,-0.002383106748848716,-0.002383106748848716,-0.5171590731152671,-0.5171590731152671
2025-03-18 15:00:00,559.9400024414062,561.6799926757812,559.2100219726562,561.677978515625,5825731.0,1742310000.0,0.0030455351590088957,0.0030455351590088957,0.7083575298855033,0.7083575298855033
2025-03-18 16:00:00,561.6599731445312,561.8099975585938,559.219970703125,560.5599975585938,5421128.0,1742313600.0,-0.001992413999000107,-0.001992413999000107,-0.4289601350128176,-0.4289601350128176
2025-03-18 17:00:00,560.5700073242188,561.5587158203125,559.72998046875,560.47998046875,3913577.0,1742317200.0,-0.00014275510516658762,-0.00014275510516658762,-0.011399403847258988,-0.011399403847258988
2025-03-18 18:00:00,560.489990234375,562.2150268554688,560.4099731445312,561.1099853515625,6055135.0,1742320800.0,0.0011234140252143199,0.0011234140252143199,0.2744384388077974,0.2744384388077974
2025-03-18 19:00:00,561.1199951171875,561.4500122070312,559.8400268554688,561.0599975585938,7981402.0,1742324400.0,-8.909130303445944e-05,-8.909130303445944e-05,0.0007152063276872206,0.0007152063276872206
2025-03-19 13:00:00,562.8300170898438,565.3800048828125,561.6300048828125,564.47998046875,6935823.0,1742389200.0,-0.0005384324277519769,-0.0005384324277519769,-0.10072360988070748,-0.10072360988070748
2025-03-19 14:00:00,564.5,564.869873046875,563.3009033203125,564.5700073242188,5193666.0,1742392800.0,0.00015947364002097923,0.00015947364002097923,0.05682877392135415,0.05682877392135415
2025-03-19 15:00:00,564.5700073242188,566.2899780273438,564.3400268554688,565.559814453125,4283273.0,1742396400.0,0.0017516702292468664,0.0017516702292468664,0.4162673569881785,0.4162673569881785
2025-03-19 16:00:00,565.3499755859375,565.4199829101562,563.280029296875,563.3499755859375,3223434.0,1742400000.0,-0.0039150013743266855,-0.0039150013743266855,-0.8629844801758316,-0.8629844801758316
2025-03-19 17:00:00,563.3800048828125,565.8800048828125,562.0,564.594970703125,6164404.0,1742403600.0,0.0022075467900848646,0.0022075467900848646,0.5191815487342206,0.5191815487342206
2025-03-19 18:00:00,564.5700073242188,570.9500122070312,564.5700073242188,567.2301025390625,13347746.0,1742407200.0,0.004656437924143507,0.004337416910343824,0.9999999999999998,0.9999999999999998
2025-03-19 19:00:00,567.2000122070312,569.3800048828125,566.6799926757812,567.02001953125,10896885.0,1742410800.0,-0.0003704350674106413,-0.0003704350674106413,-0.06279818435934335,-0.06279818435934335
2025-03-20 13:00:00,563.3300170898438,570.0499877929688,562.6011962890625,569.47998046875,11325273.0,1742475600.0,0.00035470501389222507,0.00035470501389222507,0.10090228147018511,0.10090228147018511
2025-03-20 14:00:00,569.47998046875,570.5700073242188,568.7000122070312,568.9400024414062,5612563.0,1742479200.0,-0.0009486447461304532,-0.0009486447461304532,-0.19332909306805915,-0.19332909306805915
2025-03-20 15:00:00,568.9400024414062,569.5800170898438,565.9299926757812,566.239990234375,6088300.0,1742482800.0,-0.004756985352063366,-0.004521935781517176,-1.0,-1.0
2025-03-20 16:00:00,566.22998046875,567.2100219726562,564.7000122070312,564.7493286132812,4836846.0,1742486400.0,-0.002636032824410085,-0.002636032824410085,-0.5742571669283127,-0.5742571669283127
2025-03-20 17:00:00,564.75,566.5,564.0399780273438,564.1199951171875,6153526.0,1742490000.0,-0.0011149803578894858,-0.0011149803578894858,-0.23087937863504948,-0.23087937863504948
2025-03-20 18:00:00,564.1199951171875,566.3187255859375,563.7703247070312,564.6699829101562,7615044.0,1742493600.0,0.0009744732805870785,0.0009744732805870785,0.24081504671413537,0.24081504671413537
2025-03-20 19:00:00,564.6699829101562,566.6799926757812,564.6699829101562,565.6900024414062,9145990.0,1742497200.0,0.0018047698455984243,0.0018047698455984243,0.4282546021512117,0.4282546021512117
2025-03-21 13:00:00,559.280029296875,560.4000244140625,558.030029296875,559.8800048828125,15850302.0,1742562000.0,-0.0017097051907070844,-0.0017097051907070844,-0.36513858548747935,-0.36513858548747935
2025-03-21 14:00:00,559.9000244140625,561.8099975585938,559.0399780273438,559.8300170898438,14326472.0,1742565600.0,-8.928703328722404e-05,-8.928703328722404e-05,0.0006710201981645937,0.0006710201981645937
2025-03-21 15:00:00,559.8300170898438,562.6900024414062,558.760009765625,562.3626098632812,7309201.0,1742569200.0,0.004513658372618796,0.004337416910343824,0.9999999999999998,0.9999999999999998
2025-03-21 16:00:00,562.3800048828125,563.6849975585938,561.760009765625,562.0700073242188,4554857.0,1742572800.0,-0.0005204447846754218,-0.0005204447846754218,-0.09666289716225342,-0.09666289716225342
2025-03-21 17:00:00,562.0999755859375,563.9299926757812,561.52001953125,562.1099853515625,5352097.0,1742576400.0,7.11238905177395e-05,7.11238905177395e-05,0.03688380670396235,0.03688380670396235
2025-03-21 18:00:00,562.1199951171875,563.2899780273438,561.47998046875,561.989990234375,5053010.0,1742580000.0,-0.00021349545458488066,-0.00021349545458488066,-0.02736904674978876,-0.02736904674978876
2025-03-21 19:00:00,561.969970703125,564.8900146484375,561.7301025390625,564.1900024414062,12998348.0,1742583600.0,0.003907039762613369,0.003907039762613369,0.9028423040148659,0.9028423040148659
2025-03-24 13:00:00,570.7999877929688,573.3400268554688,570.2000122070312,573.1300048828125,11935239.0,1742821200.0,0.001399064618340711,0.001399064618340711,0.33666659535915106,0.33666659535915106
2025-03-24 14:00:00,573.1500244140625,573.989990234375,572.6799926757812,573.7100219726562,5127177.0,1742824800.0,0.0010115048755099123,0.0010115048755099123,0.24917493399051716,0.24917493399051716
2025-03-24 15:00:00,573.719970703125,574.3900146484375,573.1400146484375,573.25,4519475.0,1742828400.0,-0.0008021587300525484,-0.0008021587300525484,-0.1602598562574556,-0.1602598562574556
2025-03-24 16:00:00,573.260009765625,573.5800170898438,572.4500122070312,573.0499877929688,4215444.0,1742832000.0,-0.00034897009716655067,-0.00034897009716655067,-0.057952464589362804,-0.057952464589362804
2025-03-24 17:00:00,573.0499877929688,573.375,572.0499877929688,572.405029296875,4375282.0,1742835600.0,-0.001126117664385546,-0.001126117664385546,-0.23339362699684957,-0.23339362699684957
2025-03-24 18:00:00,572.4000244140625,574.2100219726562,572.07470703125,573.9500122070312,7088584.0,1742839200.0,0.002695471803501252,0.002695471803501252,0.6293306827368976,0.6293306827368976
2025-03-24 19:00:00,573.8599853515625,575.1500244140625,573.8400268554688,574.02001953125,9435043.0,1742842800.0,0.00012196716354969883,0.00012196716354969883,0.04836168207485001,0.04836168207485001
2025-03-25 13:00:00,575.2999877929688,575.8099975585938,573.9400024414062,575.7999877929688,7718246.0,1742907600.0,0.00040985933547671265,0.00040985933547671265,0.11335337660158389,0.11335337660158389
2025-03-25 14:00:00,575.7999877929688,576.4099731445312,575.3699951171875,575.6900024414062,4948275.0,1742911200.0,-0.0001910313642841052,-0.0001910313642841052,-0.022297775499596183,-0.022297775499596183
2025-03-25 15:00:00,575.7000122070312,575.760009765625,574.4000244140625,574.5399169921875,3396117.0,1742914800.0,-0.0019997494640911534,-0.0019997494640911534,-0.43061611719259585,-0.43061611719259585
2025-03-25 16:00:00,574.530029296875,575.5399780273438,574.02001953125,574.1799926757812,2861597.0,1742918400.0,-0.0006266528945052403,-0.0006266528945052403,-0.120639391500805,-0.120639391500805
2025-03-25 17:00:00,574.1900024414062,574.9498901367188,573.7999877929688,574.4099731445312,3931548.0,1742922000.0,0.00040045704501540075,0.00040045704501540075,0.11123080833089077,0.11123080833089077
2025-03-25 18:00:00,574.4199829101562,574.6099853515625,573.6900024414062,574.1099853515625,4503362.0,1742925600.0,-0.0005223902250397972,-0.0005223902250397972,-0.09710208057260859,-0.09710208057260859
2025-03-25 19:00:00,574.1099853515625,575.5999755859375,573.8699951171875,575.3499755859375,5892220.0,1742929200.0,0.002157518761009952,0.002157518761009952,0.5078877147906022,0.5078877147906022
2025-03-26 13:00:00,575.1900024414062,576.3300170898438,572.4860229492188,573.375,7808006.0,1742994000.0,-0.0018648544569076974,-0.0018648544569076974,-0.4001635521180882,-0.4001635521180882
2025-03-26 14:00:00,573.3699951171875,573.8400268554688,571.9500122070312,572.3400268554688,4534365.0,1742997600.0,-0.001806685609936112,-0.001806685609936112,-0.3870319274961167,-0.3870319274961167
2025-03-26 15:00:00,572.3150024414062,572.7899780273438,570.1199951171875,571.0700073242188,5202833.0,1743001200.0,-0.002221460395779417,-0.002221460395779417,-0.48066738829549416,-0.48066738829549416
2025-03-26 16:00:00,571.0700073242188,571.3900146484375,568.780029296875,568.9500122070312,4498548.0,1743004800.0,-0.0037192286532358484,-0.0037192286532358484,-0.8187887634231412,-0.8187887634231412
2025-03-26 17:00:00,568.7999267578125,569.489990234375,567.9400024414062,569.2406005859375,5255435.0,1743008400.0,0.0005106146228124616,0.0005106146228124616,0.13609889556671367,0.13609889556671367
2025-03-26 18:00:00,569.219970703125,569.47998046875,567.1900024414062,567.7000122070312,6319357.0,1743012000.0,-0.002710061201907582,-0.002710061201907582,-0.5909690825890372,-0.5909690825890372
2025-03-26 19:00:00,567.7100219726562,569.5800170898438,567.6099853515625,568.75,9513866.0,1743015600.0,0.0018478385858707275,0.0018478385858707275,0.4379773757601391,0.4379773757601391
2025-03-27 13:00:00,567.1799926757812,569.5800170898438,564.9400024414062,569.52001953125,9806384.0,1743080400.0,0.0007370319533300625,0.0007370319533300625,0.18721263680553088,0.18721263680553088
2025-03-27 14:00:00,569.52001953125,570.9000244140625,569.25,569.8599853515625,4894428.0,1743084000.0,0.000596755830266628,0.000596755830266628,0.155545284134877,0.155545284134877
2025-03-27 15:00:00,569.8800048828125,569.9102172851562,567.7899780273438,568.64501953125,4060587.0,1743087600.0,-0.0021343187360872784,-0.0021343187360872784,-0.46099514750702336,-0.46099514750702336
2025-03-27 16:00:00,568.6500244140625,569.2999877929688,566.3800048828125,566.760009765625,3832902.0,1743091200.0,-0.0033204212573829392,-0.0033204212573829392,-0.7287579429503792,-0.7287579429503792
2025-03-27 17:00:00,566.7899780273438,568.6799926757812,566.4229736328125,567.9600219726562,3318052.0,1743094800.0,0.0021150814664908026,0.0021150814664908026,0.49830749014097614,0.49830749014097614
2025-03-27 18:00:00,568.2000122070312,570.030029296875,567.4199829101562,569.780029296875,4848641.0,1743098400.0,0.0031993404374231907,0.0031993404374231907,0.7430790911019551,0.7430790911019551
2025-03-27 19:00:00,569.760009765625,569.8099975585938,566.719970703125,567.02001953125,7886197.0,1743102000.0,-0.004855761910856136,-0.004521935781517176,-1.0,-1.0
2025-03-28 13:00:00,565.530029296875,566.2675170898438,559.489990234375,559.5700073242188,12922108.0,1743166800.0,5.812327874765655e-06,5.812327874765655e-06,0.022139713108281275,0.022139713108281275
2025-03-28 14:00:00,559.5650024414062,560.1500244140625,557.77001953125,558.9400024414062,10464051.0,1743170400.0,-0.0011265074857372823,-0.0011265074857372823,-0.233481629216717,-0.233481629216717
2025-03-28 15:00:00,558.9400024414062,559.7999877929688,556.6309814453125,556.8400268554688,5581402.0,1743174000.0,-0.003764143487614194,-0.003764143487614194,-0.8289282930119358,-0.8289282930119358
2025-03-28 16:00:00,556.844970703125,557.5786743164062,555.25,555.3900146484375,6240595.0,1743177600.0,-0.0026073977044633848,-0.0026073977044633848,-0.5677927849485758,-0.5677927849485758
2025-03-28 17:00:00,555.360107421875,556.969970703125,555.219970703125,555.989990234375,5582015.0,1743181200.0,0.0010796948686969483,0.0010796948686969483,0.26456883364859973,0.26456883364859973
2025-03-28 18:00:00,555.9400024414062,556.719970703125,555.3099975585938,555.77001953125,6349082.0,1743184800.0,-0.0003957161690711547,-0.0003957161690711547,-0.06850539628324359,-0.06850539628324359
2025-03-28 19:00:00,555.780029296875,556.5,555.0700073242188,555.8200073242188,12590136.0,1743188400.0,8.993926140885922e-05,8.993926140885922e-05,0.041131379082112556,0.041131379082112556
2025-03-31 13:00:00,549.8300170898438,551.5900268554688,546.8699951171875,549.510009765625,14543880.0,1743426000.0,0.0051588074480854755,0.004337416910343824,0.9999999999999998,0.9999999999999998
2025-03-31 14:00:00,549.5499877929688,553.469970703125,549.489990234375,552.530029296875,7567501.0,1743429600.0,0.005480793771711714,0.004337416910343824,0.9999999999999998,0.9999999999999998
2025-03-31 15:00:00,552.510009765625,554.5900268554688,551.9149780273438,554.5549926757812,5492250.0,1743433200.0,0.0036581935388003326,0.0036581935388003326,0.8466652372543001,0.8466652372543001
2025-03-31 16:00:00,554.5499877929688,555.1599731445312,552.8200073242188,553.6400146484375,4460280.0,1743436800.0,-0.0016512946353449095,-0.0016512946353449095,-0.3519523951655078,-0.3519523951655078
2025-03-31 17:00:00,553.6303100585938,556.9600219726562,552.7100219726562,556.9500122070312,7991520.0,1743440400.0,0.005960808721924669,0.004337416910343824,0.9999999999999998,0.9999999999999998
2025-03-31 18:00:00,556.9299926757812,559.1900024414062,556.260009765625,557.4099731445312,12744082.0,1743444000.0,0.0008255159368019929,0.0008255159368019929,0.20718790735847314,0.20718790735847314
2025-03-31 19:00:00,557.2999877929688,560.711181640625,557.1300048828125,559.217529296875,18177869.0,1743447600.0,0.0032375303800630203,0.0032375303800630203,0.7517004755231701,0.7517004755231701
2025-04-01 13:00:00,557.4500122070312,558.5800170898438,553.8599853515625,555.1400146484375,10677559.0,1743512400.0,0.010444151107294752,0.004337416910343824,0.9999999999999998,0.9999999999999998
2025-04-01 14:00:00,555.135009765625,561.87939453125,555.030029296875,560.7990112304688,9160329.0,1743516000.0,0.010142212002360396,0.004337416910343824,0.9999999999999998,0.9999999999999998
2025-04-01 15:00:00,560.8200073242188,562.9400024414062,560.2000122070312,560.75,5017360.0,1743519600.0,-8.739917740407152e-05,-8.739917740407152e-05,0.0010972039045400901,0.0010972039045400901
2025-04-01 16:00:00,560.760009765625,561.3800048828125,559.1799926757812,559.4199829101562,5087873.0,1743523200.0,-0.002374671228722921,-0.002374671228722921,-0.5152547533711068,-0.5152547533711068
2025-04-01 17:00:00,559.3300170898438,560.3599853515625,556.4293212890625,556.6895141601562,5255171.0,1743526800.0,-0.004892842869682667,-0.004521935781517176,-1.0,-1.0
2025-04-01 18:00:00,556.6749877929688,558.9949951171875,556.1500244140625,558.4293212890625,5055328.0,1743530400.0,0.0031204002394934487,0.0031204002394934487,0.7252583313522584,0.7252583313522584
2025-04-01 19:00:00,558.4400024414062,561.52001953125,558.1713256835938,561.0499877929688,7822961.0,1743534000.0,0.004681946811994806,0.004337416910343824,0.9999999999999998,0.9999999999999998
2025-04-02 13:00:00,555.0499877929688,560.9161987304688,554.8099975585938,560.8599853515625,11110187.0,1743598800.0,0.004276339923499164,0.004276339923499164,0.9862118624308135,0.9862118624308135
2025-04-02 14:00:00,560.844970703125,563.75,560.3400268554688,563.3099975585938,4928412.0,1743602400.0,0.004358800044985392,0.004337416910343824,0.9999999999999998,0.9999999999999998
2025-04-02 15:00:00,563.3300170898438,564.280029296875,561.1021728515625,564.280029296875,5175571.0,1743606000.0,0.001720540186545957,0.001720540186545957,0.40923974587850726,0.40923974587850726
2025-04-02 16:00:00,564.2899780273438,567.4199829101562,563.5700073242188,566.076904296875,6932730.0,1743609600.0,0.003179308163934852,0.003179308163934852,0.7385568028072941,0.7385568028072941
2025-04-02 17:00:00,566.030029296875,566.098876953125,561.0999755859375,561.0999755859375,6016884.0,1743613200.0,-0.008830843043420186,-0.004521935781517176,-1.0,-1.0
2025-04-02 18:00:00,561.1099853515625,563.7849731445312,560.9600219726562,563.2000122070312,5155014.0,1743616800.0,0.0037357272723952343,0.0037357272723952343,0.8641684875010436,0.8641684875010436
2025-04-02 19:00:00,563.1799926757812,565.655029296875,562.6500244140625,564.6599731445312,9980231.0,1743620400.0,0.0025889060200781837,0.0025889060200781837,0.6052734435390565,0.6052734435390565
2025-04-03 13:00:00,545.1099853515625,547.969970703125,541.5700073242188,543.0700073242188,29004649.0,1743685200.0,-0.005895793573930435,-0.004521935781517176,-1.0,-1.0
2025-04-03 14:00:00,543.0399780273438,543.9000244140625,539.5800170898438,541.72998046875,16552108.0,1743688800.0,-0.0024705522716321226,-0.0024705522716321226,-0.5368999110353426,-0.5368999110353426
2025-04-03 15:00:00,541.780029296875,545.9600219726562,541.6400146484375,545.9199829101562,11059829.0,1743692400.0,0.007704727274388684,0.004337416910343824,0.9999999999999998,0.9999999999999998
2025-04-03 16:00:00,545.9400024414062,546.3599853515625,541.9199829101562,542.260009765625,8382232.0,1743696000.0,-0.006726804334342278,-0.004521935781517176,-1.0,-1.0
2025-04-03 17:00:00,542.239990234375,543.7899780273438,540.364990234375,540.7899780273438,7946313.0,1743699600.0,-0.0027146164213827525,-0.0027146164213827525,-0.5919974239664734,-0.5919974239664734
2025-04-03 18:00:00,540.77001953125,542.3499755859375,538.5499877929688,539.030029296875,12979802.0,1743703200.0,-0.003259710464565319,-0.003259710464565319,-0.7150524737294971,-0.7150524737294971
2025-04-03 19:00:00,539.0399780273438,539.3099975585938,537.5599975585938,537.6400146484375,20407737.0,1743706800.0,-0.0025820638895443344,-0.0025820638895443344,-0.5620736729998383,-0.5620736729998383
2025-04-04 13:00:00,523.6699829101562,525.8699951171875,516.239990234375,516.2899780273438,42365546.0,1743771600.0,0.0018883139663113616,0.0018883139663113616,0.44711469805634224,0.44711469805634224
2025-04-04 14:00:00,516.260009765625,522.5900268554688,510.8500061035156,516.3499755859375,35813264.0,1743775200.0,0.0001162022802843088,0.0001162022802843088,0.04706025894250623,0.04706025894250623
2025-04-04 15:00:00,516.4000244140625,518.3499755859375,511.8599853515625,512.3900146484375,15755893.0,1743778800.0,-0.007698700417938669,-0.004521935781517176,-1.0,-1.0
2025-04-04 16:00:00,512.3400268554688,514.3599853515625,508.3250122070313,511.1600036621094,16611385.0,1743782400.0,-0.0024034225126558753,-0.0024034225126558753,-0.5217453593855548,-0.5217453593855548
2025-04-04 17:00:00,511.1600036621094,515.8200073242188,508.55999755859375,508.7999877929688,18303026.0,1743786000.0,-0.004627671870708289,-0.004521935781517176,-1.0,-1.0
2025-04-04 18:00:00,508.9100036621094,512.0399780273438,505.5199890136719,510.5199890136719,24417626.0,1743789600.0,0.003374804560506349,0.003374804560506349,0.7826901392645045,0.7826901392645045
2025-04-04 19:00:00,510.5299987792969,513.919677734375,505.05999755859375,505.510009765625,30876759.0,1743793200.0,-0.00986195261772349,-0.004521935781517176,-1.0,-1.0
2025-04-07 13:00:00,489.1900024414063,523.1699829101562,481.7999877929688,498.1799926757813,92264010.0,1744030800.0,-0.012997512146535729,-0.004521935781517176,-1.0,-1.0
2025-04-07 14:00:00,498.1900024414063,509.7699890136719,492.6600036621094,493.7900085449219,47911914.0,1744034400.0,-0.008851099903061462,-0.004521935781517176,-1.0,-1.0
2025-04-07 15:00:00,493.75,503.9800109863281,493.7300109863281,499.55999755859375,19441560.0,1744038000.0,0.011617363210790984,0.004337416910343824,0.9999999999999998,0.9999999999999998
2025-04-07 16:00:00,499.55999755859375,505.9400024414063,494.7000122070313,505.6199951171875,18233685.0,1744041600.0,0.012057683247466222,0.004337416910343824,0.9999999999999998,0.9999999999999998
2025-04-07 17:00:00,505.6199951171875,510.4700012207031,502.1600036621094,505.1900024414063,18390363.0,1744045200.0,-0.0008507883830926722,-0.0008507883830926722,-0.17123800663288863,-0.17123800663288863
2025-04-07 18:00:00,505.1499938964844,508.3399963378906,500.1400146484375,500.6050109863281,17570375.0,1744048800.0,-0.009117212063866969,-0.004521935781517176,-1.0,-1.0
2025-04-07 19:00:00,500.6050109863281,506.6400146484375,500.55999755859375,504.5400085449219,20887500.0,1744052400.0,0.007829751100647752,0.004337416910343824,0.9999999999999998,0.9999999999999998
2025-04-08 13:00:00,521.8599853515625,524.97998046875,517.7899780273438,523.3699951171875,32395682.0,1744117200.0,-0.020604923529577983,-0.004521935781517176,-1.0,-1.0
2025-04-08 14:00:00,523.3599853515625,524.2100219726562,514.0999755859375,514.1599731445312,15639923.0,1744120800.0,-0.017754212753309635,-0.004521935781517176,-1.0,-1.0
2025-04-08 15:00:00,514.1900024414062,518.5250244140625,511.7999877929688,513.9600219726562,12623537.0,1744124400.0,-0.0003889646643301308,-0.0003889646643301308,-0.06698124322695395,-0.06698124322695395
2025-04-08 16:00:00,514.1300048828125,514.5999755859375,502.25,502.4500122070313,25291742.0,1744128000.0,-0.02264932737697996,-0.004521935781517176,-1.0,-1.0
2025-04-08 17:00:00,502.3699951171875,509.1099853515625,502.0299987792969,502.4100036621094,15525802.0,1744131600.0,-7.963008640255401e-05,-7.963008640255401e-05,0.00285107718890654,0.00285107718890654
2025-04-08 18:00:00,502.4400024414063,507.8200073242188,494.489990234375,497.510009765625,20869345.0,1744135200.0,-0.009800850175431985,-0.004521935781517176,-1.0,-1.0
2025-04-08 19:00:00,497.5299987792969,497.5899963378906,489.1600036621094,496.739990234375,28407590.0,1744138800.0,-0.0015489458088099885,-0.0015489458088099885,-0.3288471345229447,-0.3288471345229447
2025-04-09 13:00:00,493.4400024414063,503.6700134277344,493.4299926757813,498.9700012207031,36291097.0,1744203600.0,0.0011030384595667863,0.0011030384595667863,0.26983865226441883,0.26983865226441883
2025-04-09 14:00:00,499.0700073242188,501.6700134277344,493.0499877929688,498.2799987792969,14350835.0,1744207200.0,-0.0013838105821312435,-0.0013838105821312435,-0.2915678360409115,-0.2915678360409115
2025-04-09 15:00:00,498.2900085449219,500.5499877929688,494.7699890136719,499.260009765625,9459825.0,1744210800.0,0.001964856132534065,0.001964856132534065,0.46439410184235963,0.46439410184235963
2025-04-09 16:00:00,499.1900024414063,533.4000244140625,498.6499938964844,523.9600219726562,42313803.0,1744214400.0,0.04828836576460613,0.004337416910343824,0.9999999999999998,0.9999999999999998
2025-04-09 17:00:00,524.02001953125,539.7100219726562,522.9500122070312,538.1500244140625,48124914.0,1744218000.0,0.02672198961175719,0.004337416910343824,0.9999999999999998,0.9999999999999998
2025-04-09 18:00:00,538.1599731445312,541.780029296875,529.6799926757812,540.489990234375,28925228.0,1744221600.0,0.004338740375454387,0.004337416910343824,0.9999999999999998,0.9999999999999998
2025-04-09 19:00:00,540.4500122070312,546.3300170898438,539.5399780273438,542.8400268554688,30528201.0,1744225200.0,0.004338549232921024,0.004337416910343824,0.9999999999999998,0.9999999999999998
2025-04-10 13:00:00,532.1699829101562,533.4949951171875,526.340087890625,528.1099853515625,30002994.0,1744290000.0,-0.002574674838646879,-0.002574674838646879,-0.5604055938174296,-0.5604055938174296
2025-04-10 14:00:00,528.1199951171875,531.9600219726562,523.7100219726562,523.710205078125,14268723.0,1744293600.0,-0.008366080011838053,-0.004521935781517176,-1.0,-1.0
2025-04-10 15:00:00,523.719970703125,524.27001953125,509.3200073242188,511.8599853515625,24992857.0,1744297200.0,-0.02288736606130373,-0.004521935781517176,-1.0,-1.0
2025-04-10 16:00:00,511.8150024414063,524.7000122070312,511.5126953125,519.3200073242188,24306134.0,1744300800.0,0.014469156064928339,0.004337416910343824,0.9999999999999998,0.9999999999999998
2025-04-10 17:00:00,519.2100219726562,528.760009765625,518.3200073242188,528.3900146484375,17647618.0,1744304400.0,0.017314397539557616,0.004337416910343824,0.9999999999999998,0.9999999999999998
2025-04-10 18:00:00,528.3900146484375,529.7100219726562,522.3699951171875,522.4299926757812,15841554.0,1744308000.0,-0.011343685582466246,-0.004521935781517176,-1.0,-1.0
2025-04-10 19:00:00,522.469970703125,526.52001953125,518.2000122070312,524.7100219726562,21618301.0,1744311600.0,0.004354781343865586,0.004337416910343824,0.9999999999999998,0.9999999999999998
2025-04-11 13:00:00,523.010009765625,528.8400268554688,520.0700073242188,520.6900024414062,23549599.0,1744376400.0,0.0018884387870263285,0.0018884387870263285,0.4471428763486641,0.4471428763486641
2025-04-11 14:00:00,520.7999877929688,527.4199829101562,520.0900268554688,523.0800170898438,10856787.0,1744380000.0,0.004579588953100611,0.004337416910343824,0.9999999999999998,0.9999999999999998
2025-04-11 15:00:00,523.52001953125,528.6699829101562,522.4199829101562,527.3900146484375,6510151.0,1744383600.0,0.008205891864435332,0.004337416910343824,0.9999999999999998,0.9999999999999998
2025-04-11 16:00:00,527.5349731445312,533.0900268554688,527.447509765625,529.8300170898438,9028032.0,1744387200.0,0.004615892057419018,0.004337416910343824,0.9999999999999998,0.9999999999999998
2025-04-11 17:00:00,529.8400268554688,536.4299926757812,528.8400268554688,533.1500244140625,12079094.0,1744390800.0,0.006246623624572531,0.004337416910343824,0.9999999999999998,0.9999999999999998
2025-04-11 18:00:00,533.1699829101562,535.6799926757812,531.969970703125,534.739990234375,8419270.0,1744394400.0,0.0029777729417302676,0.0029777729417302676,0.693060200693297,0.693060200693297
2025-04-11 19:00:00,534.239990234375,535.4500122070312,533.47998046875,533.969970703125,14410898.0,1744398000.0,-0.0014410264574004038,-0.0014410264574004038,-0.3044843271795302,-0.3044843271795302
2025-04-14 13:00:00,544.0499877929688,544.280029296875,539.2100219726562,542.1199951171875,15299938.0,1744635600.0,-0.006228141263874699,-0.004521935781517176,-1.0,-1.0
2025-04-14 14:00:00,542.1400146484375,543.8499755859375,538.4299926757812,538.52001953125,7367485.0,1744639200.0,-0.006662697761513002,-0.004521935781517176,-1.0,-1.0
2025-04-14 15:00:00,538.6400146484375,539.9299926757812,533.8599853515625,535.8499755859375,11263483.0,1744642800.0,-0.004970446781786602,-0.004521935781517176,-1.0,-1.0
2025-04-14 16:00:00,536.1900024414062,539.22998046875,535.2899780273438,537.2999877929688,6740197.0,1744646400.0,0.002702349417935452,0.002702349417935452,0.6308833050725042,0.6308833050725042
2025-04-14 17:00:00,537.260009765625,540.510009765625,536.489990234375,540.3800048828125,4787723.0,1744650000.0,0.005716029798989648,0.004337416910343824,0.9999999999999998,0.9999999999999998
2025-04-14 18:00:00,540.3800048828125,542.5800170898438,540.0499877929688,541.3300170898438,6841969.0,1744653600.0,0.0017565011546339794,0.0017565011546339794,0.4173579390103958,0.4173579390103958
2025-04-14 19:00:00,541.3200073242188,542.1500244140625,538.3599853515625,538.97998046875,10593215.0,1744657200.0,-0.004350677737449938,-0.004350677737449938,-0.9613384747116861,-0.9613384747116861
2025-04-15 13:00:00,539.6749877929688,543.22998046875,538.1400146484375,539.4000244140625,13251297.0,1744722000.0,0.00109679170766916,0.00109679170766916,0.2684284472268961,0.2684284472268961
2025-04-15 14:00:00,540.25,542.030029296875,539.0800170898438,540.1701049804688,6975391.0,1744725600.0,0.0014266432092761058,0.0014266432092761058,0.3428924657798491,0.3428924657798491
2025-04-15 15:00:00,540.219970703125,541.6199951171875,539.4400024414062,540.97998046875,4160615.0,1744729200.0,0.0014981743065339845,0.0014981743065339845,0.3590406201080076,0.3590406201080076
2025-04-15 16:00:00,541.0,541.43017578125,537.3699951171875,537.760009765625,4615595.0,1744732800.0,-0.005969891346340311,-0.004521935781517176,-1.0,-1.0
2025-04-15 17:00:00,537.77001953125,539.2457275390625,536.8099975585938,537.5,5182402.0,1744736400.0,-0.00048362213479789416,-0.00048362213479789416,-0.08835017925649576,-0.08835017925649576
2025-04-15 18:00:00,537.5800170898438,539.2899780273438,537.5499877929688,538.8300170898438,6958673.0,1744740000.0,0.0024713939882398343,0.0024713939882398343,0.5787450873655166,0.5787450873655166
2025-04-15 19:00:00,538.4500122070312,538.72998046875,537.1400146484375,537.72998046875,8854061.0,1744743600.0,-0.002043614859244794,-0.002043614859244794,-0.4405187357425807,-0.4405187357425807
2025-04-16 13:00:00,531.6799926757812,533.8599853515625,529.6500244140625,531.77001953125,11980414.0,1744808400.0,0.007721139865891504,0.004337416910343824,0.9999999999999998,0.9999999999999998
2025-04-16 14:00:00,531.760009765625,535.1099853515625,531.3049926757812,534.6400146484375,7002305.0,1744812000.0,0.00538254884009338,0.004337416910343824,0.9999999999999998,0.9999999999999998
2025-04-16 15:00:00,534.6599731445312,534.72998046875,530.7650146484375,531.5050048828125,6164417.0,1744815600.0,-0.005881036339263705,-0.004521935781517176,-1.0,-1.0
2025-04-16 16:00:00,531.5,532.1199951171875,530.219970703125,531.5294799804688,5092151.0,1744819200.0,4.6047608067356444e-05,4.6047608067356444e-05,0.031222832742869147,0.031222832742869147
2025-04-16 17:00:00,531.5499877929688,531.6199951171875,523.9400024414062,526.0,13272632.0,1744822800.0,-0.010457449132601679,-0.004521935781517176,-1.0,-1.0
2025-04-16 18:00:00,526.0,526.1796875,520.2899780273438,520.6649780273438,11474421.0,1744826400.0,-0.010194414236779598,-0.004521935781517176,-1.0,-1.0
2025-04-16 19:00:00,520.6900024414062,526.1699829101562,520.6900024414062,525.719970703125,13824406.0,1744830000.0,0.009661897385729984,0.004337416910343824,0.9999999999999998,0.9999999999999998
2025-04-17 13:00:00,527.6400146484375,529.3099975585938,525.1600952148438,525.280029296875,13289315.0,1744894800.0,-6.742490864581518e-05,-6.742490864581518e-05,0.0056063976239879,0.0056063976239879
2025-04-17 14:00:00,525.280029296875,528.8499755859375,523.9099731445312,526.7100219726562,13668147.0,1744898400.0,0.0027186446389207202,0.0027186446389207202,0.6345619532880197,0.6345619532880197
2025-04-17 15:00:00,526.7100219726562,529.8699951171875,526.219970703125,529.4500122070312,8473718.0,1744902000.0,0.005188600766496738,0.004337416910343824,0.9999999999999998,0.9999999999999998
2025-04-17 16:00:00,529.4500122070312,530.4099731445312,527.6099853515625,527.6799926757812,5332592.0,1744905600.0,-0.0033487294413283536,-0.0033487294413283536,-0.7351485190861325,-0.7351485190861325
2025-04-17 17:00:00,527.6900024414062,531.1649780273438,527.6699829101562,530.02001953125,8628170.0,1744909200.0,0.0044247530420733795,0.004337416910343824,0.9999999999999998,0.9999999999999998
2025-04-17 18:00:00,530.02001953125,530.9199829101562,526.6300048828125,527.3099975585938,7770089.0,1744912800.0,-0.005126172270278072,-0.004521935781517176,-1.0,-1.0
2025-04-17 19:00:00,527.3599853515625,528.510009765625,525.7100219726562,526.3900146484375,11827981.0,1744916400.0,-0.00174619556470699,-0.00174619556470699,-0.3733762920714895,-0.3733762920714895
2025-04-21 13:00:00,521.1599731445312,521.7000122070312,515.1900024414062,515.6300048828125,10143236.0,1745240400.0,-0.005350405251989301,-0.004521935781517176,-1.0,-1.0
2025-04-21 14:00:00,515.6400146484375,516.8599853515625,512.7899780273438,513.1099853515625,7214382.0,1745244000.0,-0.004899244893277658,-0.004521935781517176,-1.0,-1.0
2025-04-21 15:00:00,513.1099853515625,513.3599853515625,510.7999877929688,511.6600036621094,7379820.0,1745247600.0,-0.002829869478299628,-0.002829869478299628,-0.6180158162634088,-0.6180158162634088
2025-04-21 16:00:00,511.6600036621094,513.25,509.5408935546875,509.9612121582031,8162306.0,1745251200.0,-0.0033256808753391433,-0.0033256808753391433,-0.729945302374739,-0.729945302374739
2025-04-21 17:00:00,509.9500122070313,510.510009765625,508.4599914550781,509.9100036621094,6279346.0,1745254800.0,-0.00010042149507196287,-0.00010042149507196287,-0.0018425859696918796,-0.0018425859696918796
2025-04-21 18:00:00,509.8999938964844,511.1700134277344,508.6900024414063,510.364990234375,10260524.0,1745258400.0,0.0008918901377531971,0.0008918901377531971,0.22217189168775298,0.22217189168775298
2025-04-21 19:00:00,510.3599853515625,514.8699951171875,510.3599853515625,513.969970703125,12839723.0,1745262000.0,0.007038704114926276,0.004337416910343824,0.9999999999999998,0.9999999999999998
2025-04-22 13:00:00,520.1400146484375,523.4400024414062,519.1925048828125,523.0599975585938,10672175.0,1745326800.0,0.0002960096780284985,0.0002960096780284985,0.08765180191367092,0.08765180191367092
2025-04-22 14:00:00,523.0700073242188,525.8137817382812,522.260009765625,524.9400024414062,6943018.0,1745330400.0,0.00358779942648553,0.00358779942648553,0.8307737574220381,0.8307737574220381
2025-04-22 15:00:00,524.9500122070312,529.3049926757812,523.760009765625,528.7999877929688,10602089.0,1745334000.0,0.007326290456018032,0.004337416910343824,0.9999999999999998,0.9999999999999998
2025-04-22 16:00:00,528.7899780273438,529.1099853515625,522.3300170898438,522.6500244140625,11379772.0,1745337600.0,-0.011698194762291928,-0.004521935781517176,-1.0,-1.0
2025-04-22 17:00:00,522.5700073242188,525.6699829101562,521.760009765625,525.3900146484375,7422148.0,1745341200.0,0.00522880114297313,0.004337416910343824,0.9999999999999998,0.9999999999999998
2025-04-22 18:00:00,525.3900146484375,527.22998046875,524.25,524.6900024414062,6653271.0,1745344800.0,-0.0013332551792854875,-0.0013332551792854875,-0.28015494740127067,-0.28015494740127067
2025-04-22 19:00:00,524.6699829101562,527.5,524.2100219726562,526.969970703125,10594115.0,1745348400.0,0.004335948675380929,0.004335948675380929,0.9996685457698857,0.9996685457698857
2025-04-23 13:00:00,540.4299926757812,545.4000244140625,539.5999755859375,543.8800048828125,26408712.0,1745413200.0,-0.008897781231328826,-0.004521935781517176,-1.0,-1.0
2025-04-23 14:00:00,543.8200073242188,545.2000122070312,537.6699829101562,538.5900268554688,11096086.0,1745416800.0,-0.00977397985183175,-0.004521935781517176,-1.0,-1.0
2025-04-23 15:00:00,538.5999755859375,539.510009765625,534.0,536.2999877929688,9860877.0,1745420400.0,-0.004260980186085198,-0.004260980186085198,-0.9410892410521786,-0.9410892410521786
2025-04-23 16:00:00,536.2999877929688,539.5900268554688,535.7899780273438,538.2000122070312,6905212.0,1745424000.0,0.0035365777467157005,0.0035365777467157005,0.8192104566818189,0.8192104566818189
2025-04-23 17:00:00,538.2100219726562,538.989990234375,536.260009765625,536.5700073242188,7003154.0,1745427600.0,-0.00303321846147122,-0.00303321846147122,-0.6639218751470126,-0.6639218751470126
2025-04-23 18:00:00,536.5700073242188,537.72998046875,534.0999755859375,534.6300048828125,7442804.0,1745431200.0,-0.0036221145263651577,-0.0036221145263651577,-0.796865236897347,-0.796865236897347
2025-04-23 19:00:00,534.7100219726562,537.1699829101562,533.8800048828125,535.3800048828125,12899201.0,1745434800.0,0.0014018562742031217,0.0014018562742031217,0.3372968120261035,0.3372968120261035
2025-04-24 13:00:00,536.7150268554688,542.3300170898438,535.4503784179688,542.2341918945312,11823494.0,1745499600.0,-0.0005319953806114207,-0.0005319953806114207,-0.09927044566782546,-0.09927044566782546
2025-04-24 14:00:00,542.22998046875,543.8699951171875,540.989990234375,542.47998046875,8605841.0,1745503200.0,0.0004531858893109518,0.0004531858893109518,0.12313435165499673,0.12313435165499673
2025-04-24 15:00:00,542.510009765625,544.969970703125,541.8900146484375,544.4400024414062,5649295.0,1745506800.0,0.00360656557617047,0.00360656557617047,0.8350102181066161,0.8350102181066161
2025-04-24 16:00:00,544.4400024414062,545.847900390625,544.030029296875,544.97998046875,5198085.0,1745510400.0,0.0009913129555804577,0.0009913129555804577,0.24461660549141478,0.24461660549141478
2025-04-24 17:00:00,545.5,546.3300170898438,544.3699951171875,545.510009765625,5310413.0,1745514000.0,0.0009720939089030653,0.0009720939089030653,0.24027790325303372,0.24027790325303372
2025-04-24 18:00:00,545.510009765625,546.9000244140625,544.280029296875,544.8699951171875,6956390.0,1745517600.0,-0.0011739296741913822,-0.0011739296741913822,-0.24418719430787006,-0.24418719430787006
2025-04-24 19:00:00,545.0999755859375,547.4299926757812,544.75,546.530029296875,10593515.0,1745521200.0,0.0030420293617522487,0.0030420293617522487,0.7075660957077291,0.7075660957077291
2025-04-25 13:00:00,546.6500244140625,548.1141967773438,543.9500122070312,544.5599975585938,13256636.0,1745586000.0,0.0027849049160560396,0.0027849049160560396,0.6495202193013351,0.6495202193013351
2025-04-25 14:00:00,544.5999755859375,547.5,543.6900024414062,546.4600219726562,5815360.0,1745589600.0,0.003483027443842489,0.003483027443842489,0.8071214689790474,0.8071214689790474
2025-04-25 15:00:00,546.4940185546875,548.5700073242188,545.7000122070312,548.3300170898438,4107672.0,1745593200.0,0.0034161745523323996,0.0034161745523323996,0.792029420195053,0.792029420195053
2025-04-25 16:00:00,548.3499755859375,551.0499877929688,547.97998046875,550.9744262695312,5682786.0,1745596800.0,0.004811068119240827,0.004337416910343824,0.9999999999999998,0.9999999999999998
2025-04-25 17:00:00,550.9600219726562,550.989990234375,546.760009765625,549.739990234375,8913874.0,1745600400.0,-0.0022429733529013016,-0.0022429733529013016,-0.48552394110925645,-0.48552394110925645
2025-04-25 18:00:00,549.75,550.75,549.3049926757812,549.64501953125,6007432.0,1745604000.0,-0.00017277059904881943,-0.00017277059904881943,-0.018175405418978045,-0.018175405418978045
2025-04-25 19:00:00,549.6300048828125,550.8699951171875,548.760009765625,550.530029296875,8236078.0,1745607600.0,0.0016088529865586187,0.0016088529865586187,0.38402634623816007,0.38402634623816007
2025-04-28 13:00:00,551.3900146484375,553.5499877929688,549.6599731445312,550.9400024414062,10374700.0,1745845200.0,-0.007712142902073806,-0.004521935781517176,-1.0,-1.0
2025-04-28 14:00:00,550.9500122070312,551.8800048828125,547.030029296875,547.2100219726562,5731283.0,1745848800.0,-0.006793233583904369,-0.004521935781517176,-1.0,-1.0
2025-04-28 15:00:00,547.2000122070312,548.5413208007812,545.7000122070312,546.02001953125,4964178.0,1745852400.0,-0.0021770402682512974,-0.0021770402682512974,-0.47063953884122695,-0.47063953884122695
2025-04-28 16:00:00,546.030029296875,547.4500122070312,545.1799926757812,545.3699951171875,4294428.0,1745856000.0,-0.0011911864360115252,-0.0011911864360115252,-0.2480829104894815,-0.2480829104894815
2025-04-28 17:00:00,545.344970703125,548.8300170898438,545.02001953125,548.5900268554688,4038625.0,1745859600.0,0.0058869446288401595,0.004337416910343824,0.9999999999999998,0.9999999999999998
2025-04-28 18:00:00,548.5599975585938,550.8400268554688,547.969970703125,550.5924072265625,4835838.0,1745863200.0,0.003643403540735965,0.003643403540735965,0.8433263933051355,0.8433263933051355
2025-04-28 19:00:00,550.52001953125,552.280029296875,550.010009765625,550.9400024414062,6817382.0,1745866800.0,0.0006311121185908908,0.0006311121185908908,0.16330122060545582,0.16330122060545582
2025-04-29 13:00:00,548.9099731445312,552.7999877929688,548.5499877929688,549.9199829101562,10388140.0,1745931600.0,0.004009339456022768,0.004009339456022768,0.9259364728480765,0.9259364728480765
2025-04-29 14:00:00,549.89501953125,553.2918090820312,549.8200073242188,552.2398071289062,4407630.0,1745935200.0,0.004209603118292739,0.004209603118292739,0.9711460201446754,0.9711460201446754
2025-04-29 15:00:00,552.239990234375,553.4500122070312,550.8720092773438,552.8900146484375,3642300.0,1745938800.0,0.001176708078533214,0.001176708078533214,0.2864695781410028,0.2864695781410028
2025-04-29 16:00:00,552.89501953125,553.1898803710938,550.522705078125,552.6300048828125,4250907.0,1745942400.0,-0.0004703845535596162,-0.0004703845535596162,-0.08536179360379696,-0.08536179360379696
2025-04-29 17:00:00,552.6458740234375,555.440673828125,552.5399780273438,554.9099731445312,6471812.0,1745946000.0,0.0041171813706600445,0.0041171813706600445,0.950281798830267,0.950281798830267
2025-04-29 18:00:00,554.9000244140625,555.27001953125,554.1199951171875,554.5999755859375,5260271.0,1745949600.0,-0.0005588008778381714,-0.0005588008778381714,-0.10532179008520637,-0.10532179008520637
2025-04-29 19:00:00,554.6300048828125,555.4500122070312,553.8200073242188,554.1400146484375,7761198.0,1745953200.0,-0.000829700322776836,-0.000829700322776836,-0.16647737432727797,-0.16647737432727797
2025-04-30 13:00:00,547.5700073242188,547.5800170898438,541.52001953125,546.3099975585938,17806645.0,1746018000.0,0.0058526997879903815,0.004337416910343824,0.9999999999999998,0.9999999999999998
2025-04-30 14:00:00,546.3099975585938,549.7449951171875,545.3099975585938,549.010009765625,8289889.0,1746021600.0,0.0049300983417081435,0.004337416910343824,0.9999999999999998,0.9999999999999998
2025-04-30 15:00:00,549.0050048828125,550.239990234375,547.780029296875,548.0900268554688,6305058.0,1746025200.0,-0.0016771180295059973,-0.0016771180295059973,-0.35778202969057,-0.35778202969057
2025-04-30 16:00:00,548.0900268554688,550.1500244140625,547.1400146484375,550.030029296875,4347912.0,1746028800.0,0.0035333194195696685,0.0035333194195696685,0.8184748889130754,0.8184748889130754
2025-04-30 17:00:00,550.0,553.0999755859375,549.75,550.47998046875,7780712.0,1746032400.0,0.000817713956173313,0.000817713956173313,0.20542660923658043,0.20542660923658043
2025-04-30 18:00:00,550.6099853515625,551.1099853515625,549.1099853515625,549.7899780273438,7643665.0,1746036000.0,-0.0012542422457927185,-0.0012542422457927185,-0.26231776758894476,-0.26231776758894476
2025-04-30 19:00:00,549.8200073242188,556.52001953125,549.3800048828125,554.3499755859375,23351483.0,1746039600.0,0.008259865009446254,0.004337416910343824,0.9999999999999998,0.9999999999999998
2025-05-01 13:00:00,560.3699951171875,562.2100219726562,558.6500244140625,562.0317993164062,14801452.0,1746104400.0,0.0033428586646979575,0.0033428586646979575,0.7754783492117752,0.7754783492117752
2025-05-01 14:00:00,561.6900024414062,564.0698852539062,561.1599731445312,563.260009765625,8500612.0,1746108000.0,0.0021829198915734103,0.0021829198915734103,0.5136220232546493,0.5136220232546493
2025-05-01 15:00:00,563.260009765625,563.4400024414062,559.0599975585938,560.3099975585938,6560534.0,1746111600.0,-0.005251152961690914,-0.004521935781517176,-1.0,-1.0
2025-05-01 16:00:00,560.3099975585938,561.9462280273438,559.2000122070312,561.3400268554688,4561612.0,1746115200.0,0.0018366327535292578,0.0018366327535292578,0.435447657679999,0.435447657679999
2025-05-01 17:00:00,561.3499755859375,562.3499755859375,559.8931884765625,561.8900146484375,3919570.0,1746118800.0,0.000979296878823734,0.000979296878823734,0.24190397463120247,0.24190397463120247
2025-05-01 18:00:00,561.9000244140625,562.6900024414062,560.85498046875,562.030029296875,5567524.0,1746122400.0,0.00024915411005635375,0.00024915411005635375,0.07707415146857904,0.07707415146857904
2025-05-01 19:00:00,562.02001953125,562.489990234375,557.8599853515625,558.4600219726562,9892493.0,1746126000.0,-0.0063722465011345555,-0.004521935781517176,-1.0,-1.0
2025-05-02 13:00:00,564.72998046875,566.3200073242188,562.3800048828125,566.2999877929688,14715839.0,1746190800.0,-0.0036746216667659687,-0.0036746216667659687,-0.8087187305389419,-0.8087187305389419
2025-05-02 14:00:00,566.2999877929688,566.3099975585938,564.510009765625,564.6500244140625,5370961.0,1746194400.0,-0.002917838156798672,-0.002917838156798672,-0.6378747566530064,-0.6378747566530064
2025-05-02 15:00:00,564.6699829101562,567.9400024414062,564.4600219726562,567.1799926757812,6821035.0,1746198000.0,0.004470587344761242,0.004337416910343824,0.9999999999999998,0.9999999999999998
2025-05-02 16:00:00,567.2000122070312,568.07958984375,566.3599853515625,566.780029296875,4182630.0,1746201600.0,-0.0007054276830615791,-0.0007054276830615791,-0.1384228100633617,-0.1384228100633617
2025-05-02 17:00:00,566.780029296875,567.9588012695312,566.5,567.6500244140625,3377235.0,1746205200.0,0.0015338015506557504,0.0015338015506557504,0.3670834750119547,0.3670834750119547
2025-05-02 18:00:00,567.6799926757812,568.3800048828125,566.1500244140625,567.6699829101562,7343588.0,1746208800.0,3.5159243150816064e-05,3.5159243150816064e-05,0.028764782974392628,0.028764782974392628
2025-05-02 19:00:00,567.6400146484375,567.8300170898438,566.02001953125,566.6199951171875,10188304.0,1746212400.0,-0.0018513574363050703,-0.0018513574363050703,-0.39711659799580185,-0.39711659799580185
2025-05-05 13:00:00,562.5700073242188,564.2891235351562,561.7000122070312,563.6900024414062,8989771.0,1746450000.0,0.0017791299557887012,0.0017791299557887012,0.42246639375687195,0.42246639375687195
2025-05-05 14:00:00,563.6900024414062,565.3099975585938,562.9199829101562,564.8048706054688,5761443.0,1746453600.0,0.001975850406399639,0.001975850406399639,0.46687606056958686,0.46687606056958686
2025-05-05 15:00:00,564.8090209960938,565.89990234375,563.8400268554688,565.7100219726562,3571280.0,1746457200.0,0.0016013085126871467,0.0016013085126871467,0.3823231802995463,0.3823231802995463
2025-05-05 16:00:00,565.7000122070312,565.9598999023438,564.8400268554688,565.1599731445312,2985639.0,1746460800.0,-0.0009727888685291285,-0.0009727888685291285,-0.19877963177860317,-0.19877963177860317
2025-05-05 17:00:00,565.1500244140625,566.3565063476562,565.0800170898438,566.1500244140625,2558304.0,1746464400.0,0.0017502745037459165,0.0017502745037459165,0.4159522717783455,0.4159522717783455
2025-05-05 18:00:00,566.1300048828125,566.6500244140625,564.5599975585938,564.77001953125,5293415.0,1746468000.0,-0.0024405006793328902,-0.0024405006793328902,-0.5301157602413822,-0.5301157602413822
2025-05-05 19:00:00,564.760009765625,565.3699951171875,563.0900268554688,563.530029296875,5955105.0,1746471600.0,-0.00219798046605499,-0.00219798046605499,-0.4753667911658647,-0.4753667911658647
2025-05-06 13:00:00,557.9299926757812,560.9000244140625,556.9600219726562,560.6199951171875,9887289.0,1746536400.0,0.0024261183873649367,0.0024261183873649367,0.5685241146941177,0.5685241146941177
2025-05-06 14:00:00,560.5900268554688,561.8200073242188,560.3699951171875,561.6500244140625,4261625.0,1746540000.0,0.0018356181100309147,0.0018356181100309147,0.4352186017808529,0.4352186017808529
2025-05-06 15:00:00,561.6500244140625,563.3475952148438,560.1400146484375,560.589599609375,6042282.0,1746543600.0,-0.0018898372461546558,-0.0018898372461546558,-0.4058034199765853,-0.4058034199765853
2025-05-06 16:00:00,560.75,561.4600219726562,559.1204223632812,559.719970703125,3714651.0,1746547200.0,-0.0015524799643940696,-0.0015524799643940696,-0.3296449705967535,-0.3296449705967535
2025-05-06 17:00:00,559.6798706054688,560.510009765625,558.3200073242188,560.489990234375,4315157.0,1746550800.0,0.0013747773709929052,0.0013747773709929052,0.33118374617308843,0.33118374617308843
2025-05-06 18:00:00,560.4614868164062,561.119873046875,559.8701171875,560.7849731445312,4940157.0,1746554400.0,0.0005261562535430265,0.0005261562535430265,0.13960742068612625,0.13960742068612625
2025-05-06 19:00:00,560.7999877929688,561.4000244140625,558.719970703125,558.7999877929688,8578273.0,1746558000.0,-0.0035459344323024292,-0.0035459344323024292,-0.7796675709476181,-0.7796675709476181
2025-05-07 13:00:00,560.1500244140625,561.9600219726562,559.5202026367188,561.8200073242188,7390135.0,1746622800.0,-0.004245905412895852,-0.004245905412895852,-0.9376861090822336,-0.9376861090822336
2025-05-07 14:00:00,561.8400268554688,561.97998046875,558.3800048828125,559.1608276367188,5241625.0,1746626400.0,-0.004744389185918207,-0.004521935781517176,-1.0,-1.0
2025-05-07 15:00:00,559.0999755859375,560.4000244140625,558.5999755859375,559.1799926757812,3991307.0,1746630000.0,3.427405799075809e-05,3.427405799075809e-05,0.02856495231162396,0.02856495231162396
2025-05-07 16:00:00,559.1900024414062,561.8499755859375,559.0700073242188,561.243408203125,2352959.0,1746633600.0,0.0036832823350773,0.0036832823350773,0.8523290362133406,0.8523290362133406
2025-05-07 17:00:00,561.25,561.412109375,556.0399780273438,557.97998046875,7360993.0,1746637200.0,-0.0058316096962684385,-0.004521935781517176,-1.0,-1.0
2025-05-07 18:00:00,557.9500122070312,562.6400146484375,557.3101196289062,557.8699951171875,8213874.0,1746640800.0,-0.00019713286611118164,-0.00019713286611118164,-0.023675190315168848,-0.023675190315168848
2025-05-07 19:00:00,557.8599853515625,563.8200073242188,557.52001953125,561.219970703125,12055361.0,1746644400.0,0.005986981734465248,0.004337416910343824,0.9999999999999998,0.9999999999999998
2025-05-08 13:00:00,565.239990234375,565.6400146484375,562.3005981445312,564.4299926757812,9829233.0,1746709200.0,0.0016954970356778188,0.0016954970356778188,0.403586251376331,0.403586251376331
2025-05-08 14:00:00,564.4652709960938,566.780029296875,561.7000122070312,566.2000122070312,9288012.0,1746712800.0,0.0031310348560008054,0.0031310348560008054,0.7276590973850018,0.7276590973850018
2025-05-08 15:00:00,566.22998046875,569.7100219726562,565.4299926757812,568.79931640625,9913524.0,1746716400.0,0.004580282433512413,0.004337416910343824,0.9999999999999998,0.9999999999999998
2025-05-08 16:00:00,568.7999877929688,570.3099975585938,568.7100219726562,569.2000122070312,4731360.0,1746720000.0,0.0007042109907546023,0.0007042109907546023,0.1798033003185407,0.1798033003185407
2025-05-08 17:00:00,569.2000122070312,569.3900146484375,567.4199829101562,568.030029296875,4592518.0,1746723600.0,-0.002057601857564747,-0.002057601857564747,-0.4436763023970391,-0.4436763023970391
2025-05-08 18:00:00,568.030029296875,569.3699951171875,567.6300048828125,569.02001953125,8249840.0,1746727200.0,0.0017413314137793119,0.0017413314137793119,0.4139333680778933,0.4139333680778933
2025-05-08 19:00:00,569.030029296875,569.1300048828125,564.5399780273438,564.9099731445312,11037567.0,1746730800.0,-0.007249238334513503,-0.004521935781517176,-1.0,-1.0
2025-05-09 13:00:00,566.47998046875,567.5,563.8300170898438,564.469970703125,7453267.0,1746795600.0,0.0012336551565459376,0.0012336551565459376,0.2993253882647019,0.2993253882647019
2025-05-09 14:00:00,564.4699096679688,565.280029296875,562.763671875,564.5499877929688,6007536.0,1746799200.0,0.00014174610355738337,0.00014174610355738337,0.05282678030394642,0.05282678030394642
2025-05-09 15:00:00,564.5399780273438,565.6353149414062,563.4401245117188,563.8800048828125,3405028.0,1746802800.0,-0.0011874604419083105,-0.0011874604419083105,-0.24724176684551358,-0.24724176684551358
2025-05-09 16:00:00,564.1099853515625,564.52001953125,562.8699951171875,563.9600219726562,3575990.0,1746806400.0,0.0001418943964971649,0.0001418943964971649,0.05286025745401355,0.05286025745401355
2025-05-09 17:00:00,563.9600219726562,565.35498046875,563.6500244140625,564.2999877929688,2776528.0,1746810000.0,0.0006026373843950869,0.0006026373843950869,0.15687304572943733,0.15687304572943733
2025-05-09 18:00:00,564.3001098632812,565.8900146484375,564.2449951171875,564.9500122070312,4280933.0,1746813600.0,0.0011512499196039436,0.0011512499196039436,0.280722395516101,0.280722395516101
2025-05-09 19:00:00,564.9600219726562,565.1699829101562,564.0999755859375,564.280029296875,5969653.0,1746817200.0,-0.0011866191371935858,-0.0011866191371935858,-0.24705184219887483,-0.24705184219887483
2025-05-12 13:00:00,581.469970703125,581.72998046875,577.8900146484375,578.260009765625,20192543.0,1747054800.0,0.0013193297816614675,0.0013193297816614675,0.31866644581041587,0.31866644581041587
2025-05-12 14:00:00,578.27001953125,580.1799926757812,577.0399780273438,578.8499755859375,10340279.0,1747058400.0,0.0010197230667844208,0.0010197230667844208,0.25103019171878405,0.25103019171878405
2025-05-12 15:00:00,578.8699951171875,579.8300170898438,577.9774780273438,579.2999877929688,6642432.0,1747062000.0,0.0007771225556419493,0.0007771225556419493,0.1962630953900994,0.1962630953900994
2025-05-12 16:00:00,579.27001953125,582.4299926757812,579.2349853515625,581.3198852539062,7166886.0,1747065600.0,0.0034807253385466044,0.0034807253385466044,0.8066017684149194,0.8066017684149194
2025-05-12 17:00:00,581.2899780273438,582.1798706054688,581.1599731445312,581.9500122070312,4405907.0,1747069200.0,0.0010833719949802033,0.0010833719949802033,0.2653989453759798,0.2653989453759798
2025-05-12 18:00:00,581.97998046875,582.5800170898438,581.1403198242188,581.52001953125,7454474.0,1747072800.0,-0.000739155601139241,-0.000739155601139241,-0.14603689187063584,-0.14603689187063584
2025-05-12 19:00:00,581.510009765625,583.0,580.7999877929688,582.8300170898438,13240163.0,1747076400.0,0.002250179190337806,0.002250179190337806,0.5288058185281317,0.5288058185281317
2025-05-13 13:00:00,583.4099731445312,587.9000244140625,582.8400268554688,586.8200073242188,14905890.0,1747141200.0,0.0015674647617275326,0.0015674647617275326,0.3746829492043996,0.3746829492043996
2025-05-13 14:00:00,586.8400268554688,588.0900268554688,586.1099853515625,587.7000122070312,7815220.0,1747144800.0,0.0014984930573312745,0.0014984930573312745,0.35911257814114533,0.35911257814114533
2025-05-13 15:00:00,587.6900024414062,588.4400024414062,586.9600219726562,587.6917114257812,8810868.0,1747148400.0,-1.4124280583642548e-05,-1.4124280583642548e-05,0.01763902120632691,0.01763902120632691
2025-05-13 16:00:00,587.6599731445312,588.3900146484375,587.2899780273438,588.3300170898438,5181652.0,1747152000.0,0.001085533900039195,0.001085533900039195,0.26588699571874985,0.26588699571874985
2025-05-13 17:00:00,588.3350219726562,589.0698852539062,587.4600219726562,587.8900146484375,7405702.0,1747155600.0,-0.0007481635239287909,-0.0007481635239287909,-0.14807043158913588,-0.14807043158913588
2025-05-13 18:00:00,587.9199829101562,588.9600219726562,587.4899291992188,588.4500122070312,6511291.0,1747159200.0,0.0009521015830665134,0.0009521015830665134,0.2357646331458579,0.2357646331458579
2025-05-13 19:00:00,588.4400024414062,589.0800170898438,586.72998046875,586.8300170898438,9972272.0,1747162800.0,-0.002756783239367566,-0.002756783239367566,-0.60151658850398,-0.60151658850398
2025-05-14 13:00:00,587.8099975585938,588.97998046875,586.3900146484375,587.52001953125,12225116.0,1747227600.0,0.0006730931287140938,0.0006730931287140938,0.17277843899450823,0.17277843899450823
2025-05-14 14:00:00,587.489990234375,588.0650024414062,585.97998046875,587.8599853515625,7225850.0,1747231200.0,0.0005784781574989882,0.0005784781574989882,0.15141909717667376,0.15141909717667376
2025-05-14 15:00:00,587.8599243164062,588.5449829101562,587.6900024414062,587.9149780273438,4932495.0,1747234800.0,9.354285902345092e-05,9.354285902345092e-05,0.04194489170316495,0.04194489170316495
2025-05-14 16:00:00,587.9299926757812,588.5651245117188,585.5349731445312,586.3300170898438,6426228.0,1747238400.0,-0.0026995421000349153,-0.0026995421000349153,-0.5885943939998065,-0.5885943939998065
2025-05-14 17:00:00,586.3200073242188,587.6950073242188,586.22998046875,586.8599853515625,5034721.0,1747242000.0,0.0009034654176471808,0.0009034654176471808,0.22478501259998798,0.22478501259998798
2025-05-14 18:00:00,586.8699951171875,588.219970703125,586.47021484375,587.0050048828125,7316231.0,1747245600.0,0.0002470804278076052,0.0002470804278076052,0.07660601743647225,0.07660601743647225
2025-05-14 19:00:00,587.0,588.1400146484375,586.3900146484375,587.5499877929688,13249757.0,1747249200.0,0.0009279820062304099,0.0009279820062304099,0.23031963559919472,0.23031963559919472
2025-05-15 13:00:00,585.5599975585938,587.1300048828125,585.096923828125,585.8900146484375,12838541.0,1747314000.0,0.004182710128477219,0.004182710128477219,0.9650749242642224,0.9650749242642224
2025-05-15 14:00:00,585.8699951171875,588.9099731445312,585.3099975585938,588.3499755859375,10295385.0,1747317600.0,0.004189883766012094,0.004189883766012094,0.9666943738525574,0.9666943738525574
2025-05-15 15:00:00,588.3699951171875,590.0999755859375,588.0648803710938,589.1699829101562,8985981.0,1747321200.0,0.0013927703744755478,0.0013927703744755478,0.3352456690039003,0.3352456690039003
2025-05-15 16:00:00,589.1599731445312,590.969970703125,588.8300170898438,590.6849975585938,6042278.0,1747324800.0,0.0025681384681777793,0.0025681384681777793,0.6005851660491033,0.6005851660491033
2025-05-15 17:00:00,590.6799926757812,590.6900024414062,588.6900024414062,589.5098876953125,6607011.0,1747328400.0,-0.001991383399977723,-0.001991383399977723,-0.4287274771520845,-0.4287274771520845
2025-05-15 18:00:00,589.5,590.3300170898438,588.3049926757812,588.77001953125,7729197.0,1747332000.0,-0.0012558446541688435,-0.0012558446541688435,-0.2626795114842064,-0.2626795114842064
2025-05-15 19:00:00,588.75,590.4400024414062,588.739990234375,590.4000244140625,11694962.0,1747335600.0,0.002764666435364289,0.002764666435364289,0.6449513797042066,0.6449513797042066
2025-05-16 13:00:00,591.25,591.6300048828125,590.010009765625,590.8900146484375,12294904.0,1747400400.0,-0.0006742832953359455,-0.0006742832953359455,-0.13139196056252953,-0.13139196056252953
2025-05-16 14:00:00,590.8900146484375,591.0800170898438,589.280029296875,590.9000244140625,11485692.0,1747404000.0,1.6940006759836747e-05,1.6940006759836747e-05,0.02465178803567275,0.02465178803567275
2025-05-16 15:00:00,590.8900146484375,592.280029296875,590.8800048828125,592.0599975585938,6578894.0,1747407600.0,0.0019611373077073105,0.0019611373077073105,0.4635545766634669,0.4635545766634669
2025-05-16 16:00:00,592.0700073242188,593.2899780273438,591.7799072265625,593.0900268554688,6501256.0,1747411200.0,0.0017382264439155097,0.0017382264439155097,0.41323242073517047,0.41323242073517047
2025-05-16 17:00:00,593.0999755859375,593.47998046875,592.5800170898438,593.260009765625,6071507.0,1747414800.0,0.0002865645148098825,0.0002865645148098825,0.08551955511254894,0.08551955511254894
2025-05-16 18:00:00,593.260009765625,594.3493041992188,593.0507202148438,593.85498046875,7621600.0,1747418400.0,0.001002380995668876,0.001002380995668876,0.24711521695285632,0.24711521695285632
2025-05-16 19:00:00,593.8499755859375,594.5,593.1900024414062,594.2999877929688,10461275.0,1747422000.0,0.0007490729019598141,0.0007490729019598141,0.1899308824942511,0.1899308824942511
2025-05-19 13:00:00,588.0999755859375,593.2999877929688,588.0999755859375,592.25,17358545.0,1747659600.0,-0.0004618944489297591,-0.0004618944489297591,-0.08344515140088368,-0.08344515140088368
2025-05-19 14:00:00,591.8300170898438,592.9099731445312,591.6099853515625,592.3565063476562,6361965.0,1747663200.0,0.0001798172597778807,0.0001798172597778807,0.061421348675848565,0.061421348675848565
2025-05-19 15:00:00,592.3499755859375,594.1400146484375,588.510009765625,593.9622192382812,5228334.0,1747666800.0,0.0027070530651961836,0.0027070530651961836,0.6319451540414593,0.6319451540414593
2025-05-19 16:00:00,593.97998046875,595.5399780273438,593.5700073242188,595.1099853515625,9582528.0,1747670400.0,0.001930524429585794,0.001930524429585794,0.4566437155235463,0.4566437155235463
2025-05-19 17:00:00,595.1099853515625,595.4766235351562,588.5499877929688,593.75,6559021.0,1747674000.0,-0.0022878824446035365,-0.0022878824446035365,-0.4956621742881866,-0.4956621742881866
2025-05-19 18:00:00,593.760009765625,594.6599731445312,593.1599731445312,593.5449829101562,7597408.0,1747677600.0,-0.00034535156777786615,-0.00034535156777786615,-0.05713558111840475,-0.05713558111840475
2025-05-19 19:00:00,593.5599975585938,595.25,593.5150146484375,594.9400024414062,9470635.0,1747681200.0,0.002347560447311181,0.002347560447311181,0.5507896497086734,0.5507896497086734
2025-05-20 13:00:00,593.0900268554688,593.6300048828125,592.0399780273438,592.9000244140625,9716938.0,1747746000.0,0.001272855286411216,0.001272855286411216,0.3081748225808887,0.3081748225808887
2025-05-20 14:00:00,592.8800048828125,594.0499877929688,592.489990234375,593.4400024414062,5311163.0,1747749600.0,0.0009103259645797479,0.0009103259645797479,0.22633378194492437,0.22633378194492437
2025-05-20 15:00:00,593.4400024414062,593.5399780273438,592.2349853515625,592.6799926757812,4567232.0,1747753200.0,-0.0012815058725333395,-0.0012815058725333395,-0.26847253480250605,-0.26847253480250605
2025-05-20 16:00:00,592.6900024414062,593.7999877929688,592.6300048828125,593.4600219726562,5071793.0,1747756800.0,0.001315240021728869,0.001315240021728869,0.3177431819840743,0.3177431819840743
2025-05-20 17:00:00,593.4500122070312,593.530029296875,590.6201171875,590.8099975585938,7325785.0,1747760400.0,-0.004475379421031271,-0.004475379421031271,-0.9894898956830842,-0.9894898956830842
2025-05-20 18:00:00,591.04931640625,591.6500244140625,589.5999755859375,591.3200073242188,11976634.0,1747764000.0,0.0008628658356725361,0.0008628658356725361,0.21561965179164289,0.21561965179164289
2025-05-20 19:00:00,591.3200073242188,592.9650268554688,591.3200073242188,592.8300170898438,9607626.0,1747767600.0,0.002550370397275273,0.002550370397275273,0.5965740217769423,0.5965740217769423
2025-05-21 13:00:00,588.4400024414062,591.4199829101562,588.4199829101562,589.6199951171875,14010305.0,1747832400.0,0.002698211396726268,0.002698211396726268,0.6299491462568187,0.6299491462568187
2025-05-21 14:00:00,589.6300048828125,592.239990234375,588.8699951171875,591.7899780273438,8605492.0,1747836000.0,0.0036735517725542065,0.0036735517725542065,0.8501323604828365,0.8501323604828365
2025-05-21 15:00:00,591.75,592.2949829101562,591.25,591.7896728515625,5629600.0,1747839600.0,-5.156827104930704e-07,-5.156827104930704e-07,0.020711163911662833,0.020711163911662833
2025-05-21 16:00:00,591.7999877929688,592.5800170898438,584.5499877929688,584.6900024414062,13406451.0,1747843200.0,-0.012069492987774308,-0.004521935781517176,-1.0,-1.0
2025-05-21 17:00:00,584.260009765625,587.760009765625,584.0700073242188,585.260009765625,15629094.0,1747846800.0,0.0009744132029101378,0.0009744132029101378,0.24080148417090444,0.24080148417090444
2025-05-21 18:00:00,585.280029296875,586.280029296875,581.8200073242188,582.25,13870481.0,1747850400.0,-0.005156300861632463,-0.004521935781517176,-1.0,-1.0
2025-05-21 19:00:00,582.5250244140625,584.6199951171875,582.260009765625,582.969970703125,14454245.0,1747854000.0,0.001235768031531679,0.001235768031531679,0.29980237006218297,0.29980237006218297
2025-05-22 13:00:00,582.7999877929688,585.1699829101562,581.405029296875,582.8400268554688,15316618.0,1747918800.0,-0.0016487022457908887,-0.0016487022457908887,-0.3513671628930863,-0.3513671628930863
2025-05-22 14:00:00,582.8400268554688,583.8400268554688,581.510009765625,582.5499877929688,8877645.0,1747922400.0,-0.0004977545110953386,-0.0004977545110953386,-0.0915405650079125,-0.0915405650079125
2025-05-22 15:00:00,582.5399780273438,585.6099853515625,582.4199829101562,584.3250122070312,7103770.0,1747926000.0,0.003042358064384336,0.003042358064384336,0.7076403003688415,0.7076403003688415
2025-05-22 16:00:00,584.3200073242188,584.8699951171875,582.6300048828125,584.6699829101562,6282663.0,1747929600.0,0.0005902004962890905,0.0005902004962890905,0.1540654166534616,0.1540654166534616
2025-05-22 17:00:00,584.6799926757812,586.0,584.3099975585938,585.5700073242188,7282587.0,1747933200.0,0.0015381880623285156,0.0015381880623285156,0.36807373058148296,0.36807373058148296
2025-05-22 18:00:00,585.5800170898438,586.6199951171875,584.8900146484375,586.510009765625,8345289.0,1747936800.0,0.0016039905624797455,0.0016039905624797455,0.38292865338226095,0.38292865338226095
2025-05-22 19:00:00,586.5,586.5665283203125,582.5800170898438,583.030029296875,13429438.0,1747940400.0,-0.005951041645048522,-0.004521935781517176,-1.0,-1.0
2025-05-23 13:00:00,575.97998046875,578.8699951171875,575.5999755859375,577.719970703125,24533949.0,1748005200.0,0.0021225275217931733,0.0021225275217931733,0.4999884380750642,0.4999884380750642
2025-05-23 14:00:00,577.7100219726562,578.9498901367188,576.8093872070312,578.47998046875,7673717.0,1748008800.0,0.0013146685818806608,0.0013146685818806608,0.31761417936546693,0.31761417936546693
2025-05-23 15:00:00,578.489990234375,579.72998046875,577.52001953125,578.6599731445312,6690989.0,1748012400.0,0.0003110992350940572,0.0003110992350940572,0.09105827134555647,0.09105827134555647
2025-05-23 16:00:00,578.6500244140625,581.1599731445312,577.9508056640625,581.0900268554688,6415373.0,1748016000.0,0.004190657067886101,0.004190657067886101,0.9668689468492317,0.9668689468492317
2025-05-23 17:00:00,581.0700073242188,581.8101196289062,579.989990234375,580.7650146484375,6718603.0,1748019600.0,-0.0005594711971782016,-0.0005594711971782016,-0.1054731147617024,-0.1054731147617024
2025-05-23 18:00:00,580.739990234375,581.530029296875,579.3800048828125,579.9000244140625,7048290.0,1748023200.0,-0.0014905082265823735,-0.0014905082265823735,-0.3156548428826534,-0.3156548428826534
2025-05-23 19:00:00,579.8800048828125,581.030029296875,578.489990234375,579.1699829101562,10593820.0,1748026800.0,-0.0012597023403797085,-0.0012597023403797085,-0.2635503846382708,-0.2635503846382708
2025-05-27 13:00:00,586.0700073242188,588.25,584.3699951171875,587.8699951171875,18223546.0,1748350800.0,0.0017700545888782308,0.0017700545888782308,0.4204176285194731,0.4204176285194731
2025-05-27 14:00:00,587.8699951171875,589.010009765625,587.625,588.8099975585938,8361786.0,1748354400.0,0.0015977201060952003,0.0015977201060952003,0.3815130970537933,0.3815130970537933
2025-05-27 15:00:00,588.7999877929688,589.6199951171875,588.4749755859375,589.3699951171875,6836693.0,1748358000.0,0.0009506146840823058,0.0009506146840823058,0.2354289655105523,0.2354289655105523
2025-05-27 16:00:00,589.3699951171875,590.6699829101562,578.4299926757812,590.1701049804688,6681452.0,1748361600.0,0.0013566473677857657,0.0013566473677857657,0.32709089563700006,0.32709089563700006
2025-05-27 17:00:00,590.1799926757812,591.3099975585938,590.0,590.6699829101562,6364063.0,1748365200.0,0.0008466480172440428,0.0008466480172440428,0.21195847721319033,0.21195847721319033
2025-05-27 18:00:00,590.8499755859375,590.9393920898438,590.1749877929688,590.2949829101562,8632814.0,1748368800.0,-0.0006350738988149738,-0.0006350738988149738,-0.1225404342976382,-0.1225404342976382
2025-05-27 19:00:00,590.2899780273438,591.0800170898438,589.8800048828125,591.0599975585938,12574925.0,1748372400.0,0.0012951479750325887,0.0012951479750325887,0.31320739988009766,0.31320739988009766
2025-05-28 13:00:00,591.5599975585938,592.768798828125,589.9500122070312,590.219970703125,12679997.0,1748437200.0,-0.0018116873362702343,-0.0018116873362702343,-0.3881610678539032,-0.3881610678539032
2025-05-28 14:00:00,590.22998046875,590.3300170898438,589.1300048828125,589.4000244140625,7356410.0,1748440800.0,-0.0013901873900244196,-0.0013901873900244196,-0.2930074012360153,-0.2930074012360153
2025-05-28 15:00:00,589.3900146484375,589.97998046875,588.969970703125,589.875,5233224.0,1748444400.0,0.0008055383210672433,0.0008055383210672433,0.20267795805865513,0.20267795805865513
2025-05-28 16:00:00,589.8599853515625,590.614990234375,589.635009765625,590.2899169921875,4625093.0,1748448000.0,0.0007031508957921926,0.0007031508957921926,0.1795639837455853,0.1795639837455853
2025-05-28 17:00:00,590.27001953125,590.4400024414062,589.4299926757812,590.114990234375,4911215.0,1748451600.0,-0.0002963843305328221,-0.0002963843305328221,-0.046081221065659636,-0.046081221065659636
2025-05-28 18:00:00,590.0999755859375,590.7899780273438,587.9199829101562,589.5150146484375,11231806.0,1748455200.0,-0.0010172268172044248,-0.0010172268172044248,-0.2088115043591182,-0.2088115043591182
2025-05-28 19:00:00,589.510009765625,589.64501953125,586.9849853515625,587.7100219726562,12622870.0,1748458800.0,-0.003066523449771475,-0.003066523449771475,-0.6714404805031019,-0.6714404805031019
2025-05-29 13:00:00,593.0599975585938,593.2000122070312,588.635009765625,590.0900268554688,17463023.0,1748523600.0,0.002389841871361957,0.002389841871361957,0.5603346865801865,0.5603346865801865
2025-05-29 14:00:00,590.0800170898438,591.0900268554688,589.2899780273438,590.719970703125,6508879.0,1748527200.0,0.0010669691291919769,0.0010669691291919769,0.26169599633246887,0.26169599633246887
2025-05-29 15:00:00,590.7100219726562,590.8049926757812,586.0700073242188,588.989990234375,9834735.0,1748530800.0,-0.0029328932807568143,-0.0029328932807568143,-0.6412734528065016,-0.6412734528065016
2025-05-29 16:00:00,588.989990234375,590.4500122070312,588.9000854492188,589.3200073242188,5342792.0,1748534400.0,0.000560153268930501,0.000560153268930501,0.1472822512454079,0.1472822512454079
2025-05-29 17:00:00,589.3300170898438,589.8099975585938,587.6099853515625,588.030029296875,6437664.0,1748538000.0,-0.0021913254400400227,-0.0021913254400400227,-0.47386441819428604,-0.47386441819428604
2025-05-29 18:00:00,588.010009765625,589.72998046875,588.010009765625,588.8900146484375,8098920.0,1748541600.0,0.0014614170419569163,0.0014614170419569163,0.35074266294216705,0.35074266294216705
2025-05-29 19:00:00,588.8900146484375,590.6649780273438,588.8800048828125,589.989990234375,10398928.0,1748545200.0,0.0018661371820721982,0.0018661371820721982,0.442108286186198,0.442108286186198
2025-05-30 13:00:00,588.9299926757812,589.8599853515625,586.4000244140625,589.5999755859375,13366690.0,1748610000.0,0.0010064934877080391,0.0010064934877080391,0.2480436125551538,0.2480436125551538
2025-05-30 14:00:00,589.5900268554688,589.9199829101562,588.0399780273438,589.1254272460938,5424046.0,1748613600.0,-0.0008051890021921212,-0.0008051890021921212,-0.1609439405794076,-0.1609439405794076
2025-05-30 15:00:00,589.1300048828125,589.3699951171875,584.6799926757812,585.0999755859375,9174432.0,1748617200.0,-0.006856379397211737,-0.004521935781517176,-1.0,-1.0
2025-05-30 16:00:00,585.0850219726562,586.0599975585938,583.2349853515625,585.89501953125,13762180.0,1748620800.0,0.0013578949026961395,0.0013578949026961395,0.32737252680211215,0.32737252680211215
2025-05-30 17:00:00,585.8900146484375,588.6400146484375,585.5399780273438,588.260009765625,9393426.0,1748624400.0,0.004028417668278162,0.004028417668278162,0.9302433816977312,0.9302433816977312
2025-05-30 18:00:00,588.27001953125,590.7000122070312,587.760009765625,590.6400146484375,8100110.0,1748628000.0,0.0040376759130107,0.0040376759130107,0.9323334316267838,0.9323334316267838
2025-05-30 19:00:00,590.6500244140625,591.1298828125,589.239990234375,589.4600219726562,20325887.0,1748631600.0,-0.0019998187143852437,-0.0019998187143852437,-0.43063175045531804,-0.43063175045531804
2025-06-02 13:00:00,587.760009765625,589.739990234375,585.0599975585938,588.5900268554688,16379196.0,1748869200.0,-0.0004898892261021402,-0.0004898892261021402,-0.0897649759176567,-0.0897649759176567
2025-06-02 14:00:00,588.469970703125,589.6799926757812,588.1199951171875,588.5399780273438,8079729.0,1748872800.0,-8.503534519983375e-05,-8.503534519983375e-05,0.0016308393261007179,0.0016308393261007179
2025-06-02 15:00:00,588.5700073242188,590.0599975585938,588.1300048828125,589.4099731445312,4547941.0,1748876400.0,0.0014771345327714918,0.0014771345327714918,0.3542908884979721,0.3542908884979721
2025-06-02 16:00:00,589.3699951171875,590.6099853515625,589.0399780273438,589.8599853515625,3847517.0,1748880000.0,0.0007632047702610087,0.0007632047702610087,0.19312115356544965,0.19312115356544965
2025-06-02 17:00:00,589.8499755859375,591.7000122070312,589.5,591.5050048828125,5499621.0,1748883600.0,0.0027849489498521507,0.0027849489498521507,0.6495301599364226,0.6495301599364226
2025-06-02 18:00:00,591.5,592.719970703125,591.1749877929688,592.4000244140625,7791123.0,1748887200.0,0.0015119788827804037,0.0015119788827804037,0.36215700495610176,0.36215700495610176
2025-06-02 19:00:00,592.3900146484375,592.7899780273438,591.6500244140625,592.6199951171875,9570359.0,1748890800.0,0.00037125230295858257,0.00037125230295858257,0.10463783408715212,0.10463783408715212
2025-06-03 13:00:00,592.3400268554688,593.9000244140625,591.8499755859375,593.89501953125,11007769.0,1748955600.0,0.001520573021398477,0.001520573021398477,0.36409713284512213,0.36409713284512213
2025-06-03 14:00:00,593.8900146484375,595.1599731445312,593.1699829101562,594.969970703125,7257062.0,1748959200.0,0.001808365918158691,0.001808365918158691,0.42906641599029055,0.42906641599029055
2025-06-03 15:00:00,594.9600219726562,596.2501220703125,594.8300170898438,596.0750122070312,7305868.0,1748962800.0,0.0018555836879958292,0.0018555836879958292,0.4397258335525955,0.4397258335525955
2025-06-03 16:00:00,596.0800170898438,597.0800170898438,596.02001953125,596.75,6207966.0,1748966400.0,0.0011317466654499496,0.0011317466654499496,0.2763195334036328,0.2763195334036328
2025-06-03 17:00:00,596.77001953125,596.969970703125,594.8001098632812,596.1500244140625,8620498.0,1748970000.0,-0.001005911013914167,-0.001005911013914167,-0.2062569603232648,-0.2062569603232648
2025-06-03 18:00:00,596.3200073242188,596.510009765625,595.780029296875,596.260009765625,7465413.0,1748973600.0,0.00018447572348730254,0.00018447572348730254,0.06247299745233345,0.06247299745233345
2025-06-03 19:00:00,596.2550048828125,596.5,595.22998046875,596.1099853515625,10050862.0,1748977200.0,-0.00025164070794895323,-0.00025164070794895323,-0.03598034256130245,-0.03598034256130245
2025-06-04 13:00:00,596.9600219726562,597.9500122070312,595.489990234375,597.5850219726562,14168810.0,1749042000.0,-0.0003179435071678614,-0.0003179435071678614,-0.05094820794041077,-0.05094820794041077
2025-06-04 14:00:00,597.5800170898438,597.875,596.7100219726562,596.989990234375,6692843.0,1749045600.0,-0.0009962233956226402,-0.0009962233956226402,-0.20406997925851345,-0.20406997925851345
2025-06-04 15:00:00,596.989990234375,597.4099731445312,595.7908935546875,595.9249877929688,6308546.0,1749049200.0,-0.0017855467388274806,-0.0017855467388274806,-0.38225982464755276,-0.38225982464755276
2025-06-04 16:00:00,595.9099731445312,597.4299926757812,595.8699951171875,597.3150024414062,4931733.0,1749052800.0,0.0023298167821542257,0.0023298167821542257,0.5467840150366828,0.5467840150366828
2025-06-04 17:00:00,597.3099975585938,597.9299926757812,597.0499877929688,597.5900268554688,4968148.0,1749056400.0,0.00046032849837582767,0.00046032849837582767,0.12474679656227257,0.12474679656227257
2025-06-04 18:00:00,597.5900268554688,597.6799926757812,596.7100219726562,597.030029296875,6026443.0,1749060000.0,-0.0009375325597925871,-0.0009375325597925871,-0.19082051558517493,-0.19082051558517493
2025-06-04 19:00:00,597.030029296875,597.2449951171875,595.8900146484375,595.8900146484375,10216803.0,1749063600.0,-0.0019113016019306974,-0.0019113016019306974,-0.4106490010303254,-0.4106490010303254
2025-06-05 13:00:00,597.6300048828125,597.905029296875,593.9099731445312,596.1649780273438,14363183.0,1749128400.0,0.00483517747457639,0.004337416910343824,0.9999999999999998,0.9999999999999998
2025-06-05 14:00:00,596.1599731445312,598.7349853515625,594.0,598.6600952148438,14635224.0,1749132000.0,0.004176545789586188,0.004176545789586188,0.9636833239734485,0.9636833239734485
2025-06-05 15:00:00,598.6500244140625,599.0,597.030029296875,597.8900146484375,6798369.0,1749135600.0,-0.0012871682788393433,-0.0012871682788393433,-0.26975082374819975,-0.26975082374819975
2025-06-05 16:00:00,597.9000244140625,598.02001953125,594.260009765625,596.469970703125,9975644.0,1749139200.0,-0.0023779172642490296,-0.0023779172642490296,-0.5159875463050851,-0.5159875463050851
2025-06-05 17:00:00,596.6900024414062,596.9796752929688,593.0599975585938,595.3388061523438,9032580.0,1749142800.0,-0.0018982321869198432,-0.0018982321869198432,-0.40769857892491335,-0.40769857892491335
2025-06-05 18:00:00,595.3400268554688,596.1199951171875,591.0499877929688,592.4600219726562,14573683.0,1749146400.0,-0.004847268322181272,-0.004521935781517176,-1.0,-1.0
2025-06-05 19:00:00,592.469970703125,594.77001953125,592.2000122070312,593.0,14761093.0,1749150000.0,0.000911001728747149,0.000911001728747149,0.22648633579189378,0.22648633579189378
2025-06-06 13:00:00,598.6599731445312,600.8300170898438,598.0599975585938,599.1799926757812,16926975.0,1749214800.0,-0.002045130617431782,-0.002045130617431782,-0.44086091834659435,-0.44086091834659435
2025-06-06 14:00:00,599.1599731445312,600.3599853515625,597.4500122070312,598.219970703125,9004943.0,1749218400.0,-0.0016035112873258714,-0.0016035112873258714,-0.34116529825651215,-0.34116529825651215
2025-06-06 15:00:00,598.3400268554688,599.3900146484375,597.9699096679688,598.5900268554688,5407699.0,1749222000.0,0.0006184041993162312,0.0006184041993162312,0.16043240620859042,0.16043240620859042
2025-06-06 16:00:00,598.5800170898438,598.8900146484375,596.8599853515625,598.1900024414062,7491490.0,1749225600.0,-0.0006685011767699968,-0.0006685011767699968,-0.13008664655888663,-0.13008664655888663
2025-06-06 17:00:00,598.2000122070312,600.1300048828125,598.2000122070312,599.5800170898438,6229814.0,1749229200.0,0.0023210052844531235,0.0023210052844531235,0.5447948183069495,0.5447948183069495
2025-06-06 18:00:00,599.5900268554688,600.6400146484375,599.1799926757812,599.3499755859375,7033030.0,1749232800.0,-0.0003837446859025051,-0.0003837446859025051,-0.0658028324312259,-0.0658028324312259
2025-06-06 19:00:00,599.3400268554688,599.8499755859375,598.9099731445312,599.0399780273438,9340638.0,1749236400.0,-0.0005173567494845954,-0.0005173567494845954,-0.09596577282411452,-0.09596577282411452
2025-06-09 13:00:00,599.719970703125,599.9849853515625,598.489990234375,599.7100219726562,10457164.0,1749474000.0,-0.0011609604354211368,-0.0011609604354211368,-0.2412593870015507,-0.2412593870015507
2025-06-09 14:00:00,599.7100219726562,600.4000244140625,599.030029296875,599.2150268554688,6704932.0,1749477600.0,-0.0008257315931411287,-0.0008257315931411287,-0.1655814331058943,-0.1655814331058943
2025-06-09 15:00:00,599.219970703125,600.0150146484375,599.1900024414062,599.7899780273438,4409926.0,1749481200.0,0.0009590472326674011,0.0009590472326674011,0.23733261442902062,0.23733261442902062
2025-06-09 16:00:00,599.780029296875,601.1300048828125,599.780029296875,600.8300170898438,5118838.0,1749484800.0,0.0017325037511877986,0.0017325037511877986,0.4119405221220882,0.4119405221220882
2025-06-09 17:00:00,600.8300170898438,601.25,600.5599975585938,601.0499877929688,3924493.0,1749488400.0,0.0003660443716302588,0.0003660443716302588,0.1034621429256278,0.1034621429256278
2025-06-09 18:00:00,601.02001953125,601.219970703125,600.3300170898438,600.5399780273438,6602042.0,1749492000.0,-0.0008488915699352325,-0.0008488915699352325,-0.17080980082070052,-0.17080980082070052
2025-06-09 19:00:00,600.530029296875,600.739990234375,599.4199829101562,599.5499877929688,10816921.0,1749495600.0,-0.0016498604056977542,-0.0016498604056977542,-0.3516286176397586,-0.3516286176397586
2025-06-10 13:00:00,600.219970703125,601.2698974609375,600.1599731445312,601.1900024414062,9148305.0,1749560400.0,-0.0001390008258848973,-0.0001390008258848973,-0.010551874820643008,-0.010551874820643008
2025-06-10 14:00:00,601.2000122070312,601.6199951171875,600.8800048828125,601.1749877929688,6353043.0,1749564000.0,-2.4975192325467154e-05,-2.4975192325467154e-05,0.015189426496818793,0.015189426496818793
2025-06-10 15:00:00,601.1599731445312,601.97998046875,599.0900268554688,601.8790893554688,8746728.0,1749567600.0,0.0011705236801345196,0.0011705236801345196,0.2850734494138158,0.2850734494138158
2025-06-10 16:00:00,601.8800048828125,602.6699829101562,601.719970703125,601.9099731445312,5359264.0,1749571200.0,5.1310964738436085e-05,5.1310964738436085e-05,0.03241103618258885,0.03241103618258885
2025-06-10 17:00:00,601.905029296875,602.0087280273438,600.1199951171875,600.9249877929688,7582386.0,1749574800.0,-0.0016377734331297072,-0.0016377734331297072,-0.34889998204109884,-0.34889998204109884
2025-06-10 18:00:00,600.9199829101562,603.469970703125,600.8499755859375,602.6320190429688,9707123.0,1749578400.0,0.0028366456843310593,0.0028366456843310593,0.661200704337799,0.661200704337799
2025-06-10 19:00:00,602.6300048828125,603.22998046875,601.6099853515625,603.030029296875,9853401.0,1749582000.0,0.0006602352108741144,0.0006602352108741144,0.16987576240239294,0.16987576240239294
2025-06-11 13:00:00,604.1900024414062,604.885009765625,602.25,604.7349853515625,14035912.0,1749646800.0,-0.0001163719599041807,-0.0001163719599041807,-0.005443405439690262,-0.005443405439690262
2025-06-11 14:00:00,604.739990234375,605.0599975585938,604.0999755859375,604.219970703125,6570940.0,1749650400.0,-0.0008519997821464629,-0.0008519997821464629,-0.17151148012376874,-0.17151148012376874
2025-06-11 15:00:00,604.2100219726562,604.4400024414062,601.9600219726562,603.219970703125,8740495.0,1749654000.0,-0.0016563974643294015,-0.0016563974643294015,-0.3531043594595087,-0.3531043594595087
2025-06-11 16:00:00,603.2100219726562,604.4299926757812,602.739990234375,604.3499755859375,6113938.0,1749657600.0,0.0018715358329660556,0.0018715358329660556,0.4433270323139636,0.4433270323139636
2025-06-11 17:00:00,604.3499755859375,604.4450073242188,599.27001953125,600.7100219726562,12850785.0,1749661200.0,-0.006041134367998681,-0.004521935781517176,-1.0,-1.0
2025-06-11 18:00:00,600.72998046875,602.1599731445312,599.8599853515625,600.47998046875,10808731.0,1749664800.0,-0.0003830226795945584,-0.0003830226795945584,-0.06563983941513117,-0.06563983941513117
2025-06-11 19:00:00,600.469970703125,601.5900268554688,599.72998046875,601.4099731445312,10428465.0,1749668400.0,0.0015475507696684726,0.0015475507696684726,0.3701873629574823,0.3701873629574823
2025-06-12 13:00:00,600.010009765625,602.6400146484375,599.52001953125,602.47998046875,12825573.0,1749733200.0,-0.000397144346585556,-0.000397144346585556,-0.0688278075392518,-0.0688278075392518
2025-06-12 14:00:00,602.489990234375,603.6199951171875,601.5399780273438,602.4500122070312,10733664.0,1749736800.0,-4.9742743407664216e-05,-4.9742743407664216e-05,0.00959814868146536,0.00959814868146536
2025-06-12 15:00:00,602.4500122070312,603.3200073242188,601.739990234375,603.0045776367188,7522959.0,1749740400.0,0.0009200935041156848,0.0009200935041156848,0.22853880524079345,0.22853880524079345
2025-06-12 16:00:00,602.989990234375,603.4199829101562,602.1500244140625,602.97998046875,6264092.0,1749744000.0,-4.079184564485122e-05,-4.079184564485122e-05,0.0116188149929073,0.0116188149929073
2025-06-12 17:00:00,603.25,603.5604248046875,602.4199829101562,602.8099975585938,5371261.0,1749747600.0,-0.0002819444752068738,-0.0002819444752068738,-0.04282142188434607,-0.04282142188434607
2025-06-12 18:00:00,602.8400268554688,603.5700073242188,602.4600219726562,603.2946166992188,6710873.0,1749751200.0,0.00080361050107317,0.00080361050107317,0.20224275244914275,0.20224275244914275
2025-06-12 19:00:00,603.280029296875,603.719970703125,602.3900146484375,603.6799926757812,9047936.0,1749754800.0,0.0006385817674458717,0.0006385817674458717,0.1649874947870545,0.1649874947870545
2025-06-13 13:00:00,598.5,600.3699951171875,596.6300048828125,596.77001953125,17134140.0,1749819600.0,0.006391760416125501,0.004337416910343824,0.9999999999999998,0.9999999999999998
2025-06-13 14:00:00,596.77001953125,600.6699829101562,596.6500244140625,600.5800170898438,9646295.0,1749823200.0,0.006364071159213744,0.004337416910343824,0.9999999999999998,0.9999999999999998
2025-06-13 15:00:00,600.5700073242188,601.8499755859375,600.2919921875,600.8800048828125,7046697.0,1749826800.0,0.0004993720868220263,0.0004993720868220263,0.13356089163313878,0.13356089163313878
2025-06-13 16:00:00,600.8900146484375,601.489990234375,599.1699829101562,599.530029296875,6777015.0,1749830400.0,-0.002249191720513716,-0.002249191720513716,-0.48692773839077275,-0.48692773839077275
2025-06-13 17:00:00,599.52001953125,600.2899780273438,597.0,597.1099853515625,10577993.0,1749834000.0,-0.004044737289399372,-0.004044737289399372,-0.8922723795484063,-0.8922723795484063
2025-06-13 18:00:00,597.0999755859375,597.6849975585938,595.5900268554688,596.2692260742188,15561117.0,1749837600.0,-0.001409039823045641,-0.001409039823045641,-0.2972633403947624,-0.2972633403947624
2025-06-13 19:00:00,596.280029296875,597.25,595.47998046875,596.9400024414062,15491115.0,1749841200.0,0.001124323248292012,0.001124323248292012,0.27464369603353744,0.27464369603353744
2025-06-16 13:00:00,600.4000244140625,604.1900024414062,600.219970703125,604.0700073242188,18161139.0,1750078800.0,-0.0011389500427010186,-0.0011389500427010186,-0.23629053803805045,-0.23629053803805045
2025-06-16 14:00:00,604.0700073242188,604.4500122070312,603.27001953125,603.3779907226562,9410613.0,1750082400.0,-0.0011462467591993324,-0.0011462467591993324,-0.23793777271807787,-0.23793777271807787
2025-06-16 15:00:00,603.3800048828125,603.8400268554688,602.77001953125,603.02001953125,6296835.0,1750086000.0,-0.0005934545628718197,-0.0005934545628718197,-0.11314486390085526,-0.11314486390085526
2025-06-16 16:00:00,603.02001953125,603.5599975585938,602.330078125,603.3800048828125,6573254.0,1750089600.0,0.0005967926972178127,0.0005967926972178127,0.1555536068538085,0.1555536068538085
2025-06-16 17:00:00,603.3900146484375,603.7100219726562,602.1300048828125,602.5599975585938,6399772.0,1750093200.0,-0.001359947342221583,-0.001359947342221583,-0.28618070658808287,-0.28618070658808287
2025-06-16 18:00:00,602.5700073242188,602.77001953125,601.6400146484375,602.0499877929688,10621780.0,1750096800.0,-0.0008467633546132593,-0.0008467633546132593,-0.17032935594035875,-0.17032935594035875
2025-06-16 19:00:00,602.0399780273438,602.7999877929688,601.7899780273438,602.7000122070312,11076904.0,1750100400.0,0.0010791026804564576,0.0010791026804564576,0.2644351470777886,0.2644351470777886
2025-06-17 13:00:00,600.2100219726562,601.6400146484375,599.1799926757812,601.1699829101562,13493297.0,1750165200.0,-0.001918190709828671,-0.001918190709828671,-0.41220421801684465,-0.41220421801684465
2025-06-17 14:00:00,601.260009765625,601.75,600.3699951171875,600.469970703125,6974688.0,1750168800.0,-0.0011650948923794496,-0.0011650948923794496,-0.24219274118714734,-0.24219274118714734
2025-06-17 15:00:00,600.469970703125,601.580078125,600.219970703125,601.1500244140625,6035893.0,1750172400.0,0.0011318949190380135,0.0011318949190380135,0.2763530016700447,0.2763530016700447
2025-06-17 16:00:00,601.1500244140625,601.5900268554688,598.989990234375,599.0,9437998.0,1750176000.0,-0.0035829299177319025,-0.0035829299177319025,-0.7880193065012688,-0.7880193065012688
2025-06-17 17:00:00,598.989990234375,599.9000244140625,596.9600219726562,597.3900146484375,12679985.0,1750179600.0,-0.0026914071560285528,-0.0026914071560285528,-0.5867579293529399,-0.5867579293529399
2025-06-17 18:00:00,597.6799926757812,598.3699951171875,596.760009765625,598.25,10031103.0,1750183200.0,0.0014385358290619772,0.0014385358290619772,0.34557722621314735,0.34557722621314735
2025-06-17 19:00:00,598.239990234375,598.6099853515625,597.2899780273438,597.5700073242188,11136693.0,1750186800.0,-0.0011372827765198479,-0.0011372827765198479,-0.23591415248502867,-0.23591415248502867
2025-06-18 13:00:00,598.4400024414062,601.0399780273438,597.3599853515625,600.7708129882812,12163036.0,1750251600.0,-0.000795801635866348,-0.000795801635866348,-0.1588247414342156,-0.1588247414342156
2025-06-18 14:00:00,600.780029296875,601.219970703125,599.89501953125,600.0999755859375,5947737.0,1750255200.0,-0.0011172517118538414,-0.0011172517118538414,-0.23139213708216316,-0.23139213708216316
2025-06-18 15:00:00,600.1300048828125,600.52001953125,599.4000244140625,599.4949951171875,5447072.0,1750258800.0,-0.0010086413077999262,-0.0010086413077999262,-0.20687332451616286,-0.20687332451616286
2025-06-18 16:00:00,599.489990234375,600.1099853515625,598.8200073242188,598.875,4167381.0,1750262400.0,-0.0010347308010565986,-0.0010347308010565986,-0.21276303094598828,-0.21276303094598828
2025-06-18 17:00:00,598.8800048828125,601.0,598.0399780273438,599.3400268554688,8582643.0,1750266000.0,0.0007761993772300247,0.0007761993772300247,0.19605468774587662,0.19605468774587662
2025-06-18 18:00:00,599.3499755859375,600.8699951171875,596.469970703125,596.9199829101562,18699578.0,1750269600.0,-0.00404602214728984,-0.00404602214728984,-0.8925624363810343,-0.8925624363810343
2025-06-18 19:00:00,596.8900146484375,598.7949829101562,596.6300048828125,597.4600219726562,10025894.0,1750273200.0,0.0009043003015690578,0.0009043003015690578,0.2249734877518225,0.2249734877518225
2025-06-20 13:00:00,598.3800048828125,599.4600219726562,595.3112182617188,596.1500244140625,17658206.0,1750424400.0,-0.0018881335699242625,-0.0018881335699242625,-0.4054188148503082,-0.4054188148503082
2025-06-20 14:00:00,596.1599731445312,596.6099853515625,593.5599975585938,595.280029296875,11568481.0,1750428000.0,-0.001460421900735449,-0.001460421900735449,-0.3088628509858719,-0.3088628509858719
2025-06-20 15:00:00,595.4500122070312,596.3699951171875,594.2249755859375,594.9299926757812,15406731.0,1750431600.0,-0.0005881930495013798,-0.0005881930495013798,-0.11195707658649004,-0.11195707658649004
2025-06-20 16:00:00,594.9199829101562,595.969970703125,593.5399780273438,593.5549926757812,7724499.0,1750435200.0,-0.002313871240152648,-0.002313871240152648,-0.5015291481976885,-0.5015291481976885
2025-06-20 17:00:00,593.5449829101562,595.3499755859375,592.8599853515625,594.8800048828125,7372133.0,1750438800.0,0.0022298447265063723,0.0022298447265063723,0.5242153107249792,0.5242153107249792
2025-06-20 18:00:00,594.8800048828125,595.2249755859375,593.239990234375,593.469970703125,7776578.0,1750442400.0,-0.0023730969333675854,-0.0023730969333675854,-0.5148993559938736,-0.5148993559938736
2025-06-20 19:00:00,593.4600219726562,594.969970703125,593.25,594.219970703125,13400392.0,1750446000.0,0.001262956051986292,0.001262956051986292,0.3059400691470361,0.3059400691470361
2025-06-23 13:00:00,595.0399780273438,598.2899780273438,593.5999755859375,597.5399780273438,14787014.0,1750683600.0,-0.00029056089457740075,-0.00029056089457740075,-0.044766579656074196,-0.044766579656074196
2025-06-23 14:00:00,597.5499877929688,597.77001953125,596.510986328125,596.5800170898438,7855612.0,1750687200.0,-0.0016078135333502052,-0.0016078135333502052,-0.3421365308451608,-0.3421365308451608
2025-06-23 15:00:00,596.3200073242188,596.72998046875,594.1599731445312,594.3099975585938,7243441.0,1750690800.0,-0.003812312224717638,-0.003812312224717638,-0.8398023915558839,-0.8398023915558839
2025-06-23 16:00:00,594.280029296875,598.0,591.8900146484375,597.7100219726562,19485426.0,1750694400.0,0.005704658611378366,0.004337416910343824,0.9999999999999998,0.9999999999999998
2025-06-23 17:00:00,597.75,599.3400268554688,597.7150268554688,598.3599853515625,10588270.0,1750698000.0,0.001086831772228034,0.001086831772228034,0.2661799905308948,0.2661799905308948
2025-06-23 18:00:00,598.3699951171875,599.4400024414062,597.989990234375,599.239990234375,8572156.0,1750701600.0,0.0014696143272142721,0.0014696143272142721,0.35259320113439563,0.35259320113439563
2025-06-23 19:00:00,599.2349853515625,600.5399780273438,598.9199829101562,600.1199951171875,10778374.0,1750705200.0,0.0014674577299221754,0.0014674577299221754,0.352106349020679,0.352106349020679
2025-06-24 13:00:00,604.3300170898438,605.4099731445312,603.4099731445312,604.5999145507812,15433265.0,1750770000.0,0.00165208845003406,0.00165208845003406,0.39378675763145776,0.39378675763145776
2025-06-24 14:00:00,604.5999755859375,605.760009765625,604.530029296875,605.7550048828125,7409081.0,1750773600.0,0.0019086809400402356,0.0019086809400402356,0.4517125449729877,0.4517125449729877
2025-06-24 15:00:00,605.760009765625,606.594970703125,605.655029296875,606.4920043945312,5196714.0,1750777200.0,0.001215923152428527,0.001215923152428527,0.2953223860738758,0.2953223860738758
2025-06-24 16:00:00,606.5,607.1749877929688,606.2999877929688,606.3300170898438,6483373.0,1750780800.0,-0.0002671246114948644,-0.0002671246114948644,-0.03947583576141764,-0.03947583576141764
2025-06-24 17:00:00,606.3400268554688,607.4600219726562,606.3300170898438,607.0,5559384.0,1750784400.0,0.0011043705649971423,0.0011043705649971423,0.27013937523520193,0.27013937523520193
2025-06-24 18:00:00,607.02001953125,607.6900024414062,606.8699951171875,607.5050048828125,8221594.0,1750788000.0,0.0008316226114954492,0.0008316226114954492,0.20856648994929072,0.20856648994929072
2025-06-24 19:00:00,607.510009765625,607.8499145507812,606.75,606.760009765625,12175990.0,1750791600.0,-0.0012270718528142087,-0.0012270718528142087,-0.25618404790907,-0.25618404790907
2025-06-25 13:00:00,607.9099731445312,608.6099853515625,607.3099975585938,607.6900024414062,13588724.0,1750856400.0,-0.0006166359999899321,-0.0006166359999899321,-0.11837807628654323,-0.11837807628654323
2025-06-25 14:00:00,607.7000122070312,608.4099731445312,606.8599853515625,607.1799926757812,8334837.0,1750860000.0,-0.000839612135678294,-0.000839612135678294,-0.16871496735381225,-0.16871496735381225
2025-06-25 15:00:00,607.0399780273438,607.27001953125,606.6400146484375,606.9749755859375,6027020.0,1750863600.0,-0.00033771157249521224,-0.00033771157249521224,-0.05541085120903502,-0.05541085120903502
2025-06-25 16:00:00,606.97998046875,607.1400146484375,606.260009765625,607.02001953125,5397529.0,1750867200.0,7.420779412502757e-05,7.420779412502757e-05,0.03757999833659059,0.03757999833659059
2025-06-25 17:00:00,607.0150146484375,607.0800170898438,605.5399780273438,606.3798828125,8154106.0,1750870800.0,-0.0010551126251126702,-0.0010551126251126702,-0.21736423032589244,-0.21736423032589244
2025-06-25 18:00:00,606.3800048828125,607.3699951171875,606.0599975585938,606.9948120117188,5456929.0,1750874400.0,0.0010135850936855758,0.0010135850936855758,0.2496445435089585,0.2496445435089585
2025-06-25 19:00:00,606.989990234375,607.2000122070312,606.3699951171875,607.0800170898438,9705532.0,1750878000.0,0.0001403621526820671,0.0001403621526820671,0.05251435321735178,0.05251435321735178
2025-06-26 13:00:00,608.989990234375,609.97998046875,608.3699951171875,609.9450073242188,15432350.0,1750942800.0,-1.570678559584084e-05,-1.570678559584084e-05,0.01728177049801001,0.01728177049801001
2025-06-26 14:00:00,609.9299926757812,610.864990234375,609.9199829101562,610.0900268554688,8261383.0,1750946400.0,0.00023773011080865768,0.00023773011080865768,0.07449518218153595,0.07449518218153595
2025-06-26 15:00:00,610.0700073242188,611.1282958984375,609.8300170898438,610.8800048828125,6549698.0,1750950000.0,0.001294017243736249,0.001294017243736249,0.3129521371457495,0.3129521371457495
2025-06-26 16:00:00,610.9000244140625,611.280029296875,610.6400146484375,611.1900024414062,6565293.0,1750953600.0,0.0005073319259698513,0.0005073319259698513,0.1353578263358598,0.1353578263358598
2025-06-26 17:00:00,611.2000122070312,612.1199951171875,611.1500244140625,611.719970703125,9265463.0,1750957200.0,0.0008667331308667523,0.0008667331308667523,0.21649269417492423,0.21649269417492423
2025-06-26 18:00:00,611.72998046875,611.9149780273438,611.094970703125,611.6400146484375,8019970.0,1750960800.0,-0.00013071549790529436,-0.00013071549790529436,-0.00868146097263928,-0.00868146097263928
2025-06-26 19:00:00,611.6300048828125,612.3099975585938,611.22998046875,611.8800048828125,15250890.0,1750964400.0,0.000392294745687504,0.000392294745687504,0.10938816821669928,0.10938816821669928
2025-06-27 13:00:00,612.8800048828125,615.5,612.7000122070312,614.905029296875,12936118.0,1751029200.0,0.00030232398992435826,0.00030232398992435826,0.08907725862941059,0.08907725862941059
2025-06-27 14:00:00,614.9099731445312,615.5499877929688,614.5999755859375,615.3400268554688,8663080.0,1751032800.0,0.000707172241085845,0.000707172241085845,0.18047180295846002,0.18047180295846002
2025-06-27 15:00:00,615.3400268554688,616.3499755859375,615.3001098632812,616.3150024414062,8271641.0,1751036400.0,0.0015831962138666564,0.0015831962138666564,0.3782343265310018,0.3782343265310018
2025-06-27 16:00:00,616.3150024414062,616.3900146484375,615.260009765625,615.3900146484375,5308859.0,1751040000.0,-0.001501963463693204,-0.001501963463693204,-0.3182408641212828,-0.3182408641212828
2025-06-27 17:00:00,615.4000244140625,615.5800170898438,612.3300170898438,612.3300170898438,11505972.0,1751043600.0,-0.004984856182064997,-0.004521935781517176,-1.0,-1.0
2025-06-27 18:00:00,612.3400268554688,612.7100219726562,610.8300170898438,612.385009765625,16683605.0,1751047200.0,8.980485192451282e-05,8.980485192451282e-05,0.04110103612388043,0.04110103612388043
2025-06-27 19:00:00,612.3800048828125,615.1400146484375,612.3800048828125,614.8499755859375,16225838.0,1751050800.0,0.004017110275591098,0.004017110275591098,0.9276907363566212,0.9276907363566212
2025-06-30 13:00:00,617.3800048828125,617.489990234375,615.9299926757812,616.7000122070312,13320297.0,1751288400.0,-0.0010261818887200163,-0.0010261818887200163,-0.21083311289578216,-0.21083311289578216
2025-06-30 14:00:00,616.7000122070312,616.7750244140625,615.68798828125,616.2050170898438,9673361.0,1751292000.0,-0.0008029736792721674,-0.0008029736792721674,-0.16044383114771313,-0.16044383114771313
2025-06-30 15:00:00,616.2100219726562,616.9249877929688,616.0999755859375,616.255126953125,5551532.0,1751295600.0,8.131680939303073e-05,8.131680939303073e-05,0.03918485943993828,0.03918485943993828
2025-06-30 16:00:00,616.239990234375,617.1300048828125,616.1950073242188,616.5150146484375,6222940.0,1751299200.0,0.00042163204703350455,0.00042163204703350455,0.11601106773687583,0.11601106773687583
2025-06-30 17:00:00,616.4050903320312,616.6400146484375,615.0399780273438,616.0449829101562,9444840.0,1751302800.0,-0.0007626918965356745,-0.0007626918965356745,-0.15135021355790898,-0.15135021355790898
2025-06-30 18:00:00,615.9299926757812,618.25,615.3200073242188,617.9000244140625,13571883.0,1751306400.0,0.0030066865061006247,0.0030066865061006247,0.6995874415371839,0.6995874415371839
2025-06-30 19:00:00,617.9000244140625,619.219970703125,617.4000244140625,617.9000244140625,21415473.0,1751310000.0,0.0,0.0,0.020827579349320446,0.020827579349320446
2025-07-01 13:00:00,616.3599853515625,618.0650024414062,616.2550048828125,617.1199951171875,12323253.0,1751374800.0,0.0004238761827561892,0.0004238761827561892,0.11651768166246124,0.11651768166246124
2025-07-01 14:00:00,617.0999755859375,617.6099853515625,615.52001953125,617.280029296875,11591634.0,1751378400.0,0.0002592906309445351,0.0002592906309445351,0.0793624723517726,0.0793624723517726
2025-07-01 15:00:00,617.27001953125,618.0999755859375,616.0800170898438,617.3200073242188,7723008.0,1751382000.0,6.47627185678023e-05,6.47627185678023e-05,0.035447771325038756,0.035447771325038756
2025-07-01 16:00:00,617.3200073242188,618.2598876953125,617.0,618.0750122070312,6132062.0,1751385600.0,0.001222289170465468,0.001222289170465468,0.29675951545755846,0.29675951545755846
2025-07-01 17:00:00,618.0800170898438,618.8300170898438,617.760009765625,618.010009765625,6367716.0,1751389200.0,-0.00010517470936169953,-0.00010517470936169953,-0.0029156247017661507,-0.0029156247017661507
2025-07-01 18:00:00,618.010009765625,618.510009765625,616.7000122070312,618.364990234375,9843151.0,1751392800.0,0.0005742278491625282,0.0005742278491625282,0.15045958952768612,0.15045958952768612
2025-07-01 19:00:00,618.364990234375,618.719970703125,617.4299926757812,617.5599975585938,10313522.0,1751396400.0,-0.0013026563870228432,-0.0013026563870228432,-0.2732472661457868,-0.2732472661457868
2025-07-02 13:00:00,617.239990234375,618.719970703125,616.6099853515625,618.5999755859375,11824245.0,1751461200.0,0.00035830944401026276,0.00035830944401026276,0.10171598202899661,0.10171598202899661
2025-07-02 14:00:00,618.5999755859375,619.1649780273438,618.2000122070312,618.7899780273438,8718458.0,1751464800.0,0.0003071019646551299,0.0003071019646551299,0.09015588703420616,0.09015588703420616
2025-07-02 15:00:00,618.7899780273438,619.4550170898438,618.739990234375,619.155029296875,5896295.0,1751468400.0,0.0005897697845262366,0.0005897697845262366,0.15396818341806967,0.15396818341806967
2025-07-02 16:00:00,619.1599731445312,619.6749877929688,619.0,619.47998046875,7640261.0,1751472000.0,0.0005246923860023017,0.0005246923860023017,0.13927695240212407,0.13927695240212407
2025-07-02 17:00:00,619.469970703125,619.719970703125,619.22998046875,619.5900268554688,6646497.0,1751475600.0,0.00017762739208857393,0.00017762739208857393,0.060926985765718894,0.060926985765718894
2025-07-02 18:00:00,619.5800170898438,620.1699829101562,619.5750122070312,619.760009765625,7702106.0,1751479200.0,0.00027430976915205317,0.00027430976915205317,0.08275304471747513,0.08275304471747513
2025-07-02 19:00:00,619.75,620.47998046875,619.6099853515625,620.3699951171875,10199323.0,1751482800.0,0.0009837442822183788,0.0009837442822183788,0.2429079765147104,0.2429079765147104
2025-07-03 13:00:00,622.4500122070312,625.1099853515625,622.4299926757812,625.0,16305435.0,1751547600.0,0.0006103490252885893,0.0006103490252885893,0.1586139496445929,0.1586139496445929
2025-07-03 14:00:00,625.0,625.7849731445312,624.7899780273438,625.4199829101562,9078995.0,1751551200.0,0.0006717469837162233,0.0006717469837162233,0.17247454658956826,0.17247454658956826
2025-07-03 15:00:00,625.4199829101562,626.0800170898438,625.3599853515625,625.7349853515625,9030686.0,1751554800.0,0.0005035386599625906,0.0005035386599625906,0.13450149605097442,0.13450149605097442
2025-07-07 13:00:00,623.3599853515625,624.030029296875,622.530029296875,623.0399780273438,9405919.0,1751893200.0,-0.001088973146824652,-0.001088973146824652,-0.22500824742052492,-0.22500824742052492
2025-07-07 14:00:00,623.0399780273438,623.10498046875,621.5599975585938,622.0700073242188,6848812.0,1751896800.0,-0.0015580485431081767,-0.0015580485431081767,-0.3309020779516109,-0.3309020779516109
2025-07-07 15:00:00,622.0599975585938,622.2899780273438,619.2410278320312,620.5750122070312,11523043.0,1751900400.0,-0.0024061510970077504,-0.0024061510970077504,-0.5223613376509605,-0.5223613376509605
2025-07-07 16:00:00,620.72998046875,621.2349853515625,619.47998046875,620.1900024414062,7769168.0,1751904000.0,-0.0006206006349898734,-0.0006206006349898734,-0.11927309314338053,-0.11927309314338053
2025-07-07 17:00:00,620.1599731445312,621.4099731445312,617.8800048828125,617.989990234375,10860567.0,1751907600.0,-0.003553626347119859,-0.003553626347119859,-0.7814040216985847,-0.7814040216985847
2025-07-07 18:00:00,617.989990234375,620.3900146484375,617.8699951171875,619.4600219726562,9725327.0,1751911200.0,0.00237590596031933,0.00237590596031933,0.5571886528850994,0.5571886528850994
2025-07-07 19:00:00,619.469970703125,621.0,619.4000244140625,620.780029296875,12109392.0,1751914800.0,0.002128632793770539,0.002128632793770539,0.5013667040025455,0.5013667040025455
2025-07-08 13:00:00,621.3499755859375,621.6649780273438,619.6420288085938,620.010009765625,9714781.0,1751979600.0,-0.001215008986491177,-0.001215008986491177,-0.2534608542982967,-0.2534608542982967
2025-07-08 14:00:00,620.0250244140625,621.4949951171875,619.52001953125,619.9639892578125,9045203.0,1751983200.0,-7.422818199396983e-05,-7.422818199396983e-05,0.004070557798036563,0.004070557798036563
2025-07-08 15:00:00,619.97998046875,622.1099853515625,619.97998046875,621.875,7132153.0,1751986800.0,0.003077713402773326,0.003077713402773326,0.715621772518939,0.715621772518939
2025-07-08 16:00:00,621.8900146484375,622.0499877929688,619.8400268554688,620.8350219726562,8696528.0,1751990400.0,-0.0016737263749950636,-0.0016737263749950636,-0.35701636325219704,-0.35701636325219704
2025-07-08 17:00:00,620.8300170898438,621.3099975585938,620.2000122070312,620.6500244140625,5414201.0,1751994000.0,-0.0002980262396255711,-0.0002980262396255711,-0.04645188225273651,-0.04645188225273651
2025-07-08 18:00:00,620.6599731445312,620.9249877929688,620.0900268554688,620.510009765625,6119689.0,1751997600.0,-0.00022561900991917806,-0.00022561900991917806,-0.03010594091259485,-0.03010594091259485
2025-07-08 19:00:00,620.510009765625,620.8099975585938,619.989990234375,620.3099975585938,9674035.0,1752001200.0,-0.00032238714331324895,-0.00032238714331324895,-0.051951359366918456,-0.051951359366918456
2025-07-09 13:00:00,622.9099731445312,624.719970703125,622.6500244140625,623.3699951171875,11507049.0,1752066000.0,-0.0018767711874651356,-0.0018767711874651356,-0.4028537555611424,-0.4028537555611424
2025-07-09 14:00:00,622.8800048828125,623.3800048828125,620.9105224609375,622.10498046875,12238638.0,1752069600.0,-0.002031377760679311,-0.002031377760679311,-0.4377562091808546,-0.4377562091808546
2025-07-09 15:00:00,622.0999755859375,622.5399780273438,621.3099975585938,621.7899780273438,6843515.0,1752073200.0,-0.0005064775702938605,-0.0005064775702938605,-0.09350979673441001,-0.09350979673441001
2025-07-09 16:00:00,621.7999877929688,622.6749877929688,621.6199951171875,622.322021484375,5325341.0,1752076800.0,0.0008552983809722181,0.0008552983809722181,0.2139112979279864,0.2139112979279864
2025-07-09 17:00:00,622.3200073242188,623.3090209960938,622.0599975585938,622.8499755859375,6764656.0,1752080400.0,0.0008480019377927887,0.0008480019377927887,0.212264124949732,0.212264124949732
2025-07-09 18:00:00,622.8599853515625,623.77001953125,622.8200073242188,623.5999755859375,7703630.0,1752084000.0,0.001203417898662258,0.001203417898662258,0.2924993234413749,0.2924993234413749
2025-07-09 19:00:00,623.5900268554688,624.2100219726562,623.4099731445312,623.989990234375,9243138.0,1752087600.0,0.0006252289162748559,0.0006252289162748559,0.16197308693234003,0.16197308693234003
2025-07-10 13:00:00,624.2000122070312,624.4180908203125,623.010009765625,623.7348022460938,12432517.0,1752152400.0,0.0030398869363895318,0.0030398869363895318,0.7070824429088773,0.7070824429088773
2025-07-10 14:00:00,623.77001953125,625.5750122070312,623.7448120117188,625.52001953125,8535858.0,1752156000.0,0.002858053407909135,0.002858053407909135,0.6660335006656262,0.6660335006656262
2025-07-10 15:00:00,625.52001953125,625.7849731445312,625.0250244140625,625.5700073242188,5226207.0,1752159600.0,7.991078487132356e-05,7.991078487132356e-05,0.038867449224855896,0.038867449224855896
2025-07-10 16:00:00,625.5700073242188,626.22998046875,625.239990234375,626.0999755859375,4585228.0,1752163200.0,0.0008468179322420863,0.0008468179322420863,0.2119968355456675,0.2119968355456675
2025-07-10 17:00:00,626.0900268554688,626.8701171875,626.0800170898438,626.5900268554688,5790984.0,1752166800.0,0.0007823983484738128,0.0007823983484738128,0.197454106294702,0.197454106294702
2025-07-10 18:00:00,626.5900268554688,626.6699829101562,626.0900268554688,626.2050170898438,6646470.0,1752170400.0,-0.0006146412848719499,-0.0006146412848719499,-0.11792776909427741,-0.11792776909427741
2025-07-10 19:00:00,626.2000122070312,626.6749877929688,625.2100219726562,625.8300170898438,9553611.0,1752174000.0,-0.000599024789205133,-0.000599024789205133,-0.1144023432059586,-0.1144023432059586
2025-07-11 13:00:00,622.739990234375,624.260009765625,621.530029296875,624.0050048828125,11912869.0,1752238800.0,-0.0012328419942098407,-0.0012328419942098407,-0.25748665806498644,-0.25748665806498644
2025-07-11 14:00:00,624.0,624.3699951171875,622.7100219726562,623.3900146484375,7390716.0,1752242400.0,-0.0009860393453139688,-0.0009860393453139688,-0.20177092860258294,-0.20177092860258294
2025-07-11 15:00:00,623.5399780273438,624.6400146484375,623.1500244140625,623.9450073242188,8419054.0,1752246000.0,0.0008898855602214572,0.0008898855602214572,0.22171935805432363,0.22171935805432363
2025-07-11 16:00:00,623.9500122070312,624.5800170898438,623.5599975585938,624.4500122070312,5136029.0,1752249600.0,0.0008090466598438303,0.0008090466598438303,0.20346996598487982,0.20346996598487982
2025-07-11 17:00:00,624.4500122070312,624.7000122070312,623.75,624.2650146484375,6143243.0,1752253200.0,-0.0002963006866556088,-0.0002963006866556088,-0.04606233844971182,-0.04606233844971182
2025-07-11 18:00:00,624.2650146484375,624.8599853515625,623.1300048828125,624.4450073242188,9627611.0,1752256800.0,0.0002882857891114223,0.0002882857891114223,0.08590813300563162,0.08590813300563162
2025-07-11 19:00:00,624.4500122070312,624.5800170898438,623.469970703125,623.6099853515625,10303202.0,1752260400.0,-0.001338117474234473,-0.001338117474234473,-0.2812526111060812,-0.2812526111060812
2025-07-14 13:00:00,623.1599731445312,623.7100219726562,621.7999267578125,622.6915283203125,12127897.0,1752498000.0,0.003067479036300925,0.003067479036300925,0.7133113629826299,0.7133113629826299
2025-07-14 14:00:00,622.6799926757812,624.1400146484375,622.3699951171875,624.1300048828125,7415970.0,1752501600.0,0.0023074307949061076,0.0023074307949061076,0.541730375560588,0.541730375560588
2025-07-14 15:00:00,624.1300048828125,624.3900146484375,623.77001953125,623.885009765625,5156203.0,1752505200.0,-0.0003926156616050073,-0.0003926156616050073,-0.0678054563273604,-0.0678054563273604
2025-07-14 16:00:00,623.8699951171875,624.969970703125,623.6300048828125,624.7000122070312,4813082.0,1752508800.0,0.0013054818739828295,0.0013054818739828295,0.3155402788859723,0.3155402788859723
2025-07-14 17:00:00,624.7100219726562,625.0,624.4249877929688,624.9500122070312,4168700.0,1752512400.0,0.0004001120288898237,0.0004001120288898237,0.11115292089654266,0.11115292089654266
2025-07-14 18:00:00,624.9600219726562,625.1580810546875,624.4600219726562,624.72998046875,6118559.0,1752516000.0,-0.0003521409350306049,-0.0003521409350306049,-0.05866828164154253,-0.05866828164154253
2025-07-14 19:00:00,624.72998046875,624.989990234375,624.2999877929688,624.719970703125,8079247.0,1752519600.0,-1.6022675603471378e-05,-1.6022675603471378e-05,0.017210458288502706,0.017210458288502706
2025-07-15 13:00:00,627.52001953125,627.8599853515625,625.260009765625,625.47998046875,13736533.0,1752584400.0,-0.00034471321700676956,-0.00034471321700676956,-0.05699147335042232,-0.05699147335042232
2025-07-15 14:00:00,625.489990234375,625.5800170898438,623.7999877929688,625.1007080078125,11730373.0,1752588000.0,-0.0006065541808864034,-0.0006065541808864034,-0.11610210433821097,-0.11610210433821097
2025-07-15 15:00:00,625.1199951171875,625.3900146484375,624.010009765625,624.2747802734375,6900639.0,1752591600.0,-0.0013221451236025547,-0.0013221451236025547,-0.27764685091400937,-0.27764685091400937
2025-07-15 16:00:00,624.27001953125,624.5750122070312,622.9500122070312,623.8599853515625,8131280.0,1752595200.0,-0.0006646637023012463,-0.0006646637023012463,-0.12922033620818213,-0.12922033620818213
2025-07-15 17:00:00,623.8499755859375,624.8699951171875,623.8499755859375,624.5999755859375,6158806.0,1752598800.0,0.0011854450189610485,0.0011854450189610485,0.2884419435567879,0.2884419435567879
2025-07-15 18:00:00,624.5999755859375,624.8300170898438,623.0150146484375,623.2899780273438,10091716.0,1752602400.0,-0.0020995409667563174,-0.0020995409667563174,-0.45314406164543186,-0.45314406164543186
2025-07-15 19:00:00,623.3099975585938,623.7999877929688,622.0800170898438,622.1099853515625,11156036.0,1752606000.0,-0.001894962363225062,-0.001894962363225062,-0.4069604158088236,-0.4069604158088236
2025-07-16 13:00:00,623.739990234375,624.1199951171875,621.6799926757812,622.489990234375,11966558.0,1752670800.0,-0.00187303149629566,-0.00187303149629566,-0.4020095198027193,-0.4020095198027193
2025-07-16 14:00:00,622.489990234375,623.3699951171875,619.4600219726562,621.3150024414062,22967144.0,1752674400.0,-0.0018893446310469144,-0.0018893446310469144,-0.4056922120531906,-0.4056922120531906
2025-07-16 15:00:00,621.3499755859375,622.5399780273438,618.0499877929688,621.6699829101562,22578860.0,1752678000.0,0.000571174201754786,0.000571174201754786,0.14977022823596384,0.14977022823596384
2025-07-16 16:00:00,621.6749877929688,623.7899780273438,621.1400146484375,623.0999755859375,6693618.0,1752681600.0,0.002297602533055701,0.002297602533055701,0.5395116441944836,0.5395116441944836
2025-07-16 17:00:00,623.0999755859375,623.4600830078125,622.719970703125,623.3499755859375,4760317.0,1752685200.0,0.0004011392565217881,0.0004011392565217881,0.11138481766545855,0.11138481766545855
2025-07-16 18:00:00,623.344970703125,624.52001953125,623.344970703125,624.1400756835938,7135465.0,1752688800.0,0.0012667038145877934,0.0012667038145877934,0.3067861270322684,0.3067861270322684
2025-07-16 19:00:00,624.1400146484375,624.72998046875,623.885009765625,624.1799926757812,8101270.0,1752692400.0,6.395313704055324e-05,6.395313704055324e-05,0.035265008192018256,0.035265008192018256
2025-07-17 13:00:00,624.4000244140625,626.22998046875,624.1799926757812,625.4600219726562,11472330.0,1752757200.0,0.0020312530436496245,0.0020312530436496245,0.4793832129941389,0.4793832129941389
2025-07-17 14:00:00,625.4600219726562,626.719970703125,625.010009765625,626.6699829101562,8427546.0,1752760800.0,0.0019326448681743855,0.0019326448681743855,0.45712240480533534,0.45712240480533534
2025-07-17 15:00:00,626.6712036132812,627.510009765625,626.5599975585938,626.8499755859375,6685673.0,1752764400.0,0.0002871795950248413,0.0002871795950248413,0.08565840954951562,0.08565840954951562
2025-07-17 16:00:00,626.8400268554688,627.0980224609375,626.5250244140625,627.0250244140625,6103443.0,1752768000.0,0.00027921256785919726,0.00027921256785919726,0.08385985215085527,0.08385985215085527
2025-07-17 17:00:00,627.030029296875,627.8800048828125,626.97998046875,627.8322143554688,6810285.0,1752771600.0,0.0012865049948297656,0.0012865049948297656,0.31125624599709145,0.31125624599709145
2025-07-17 18:00:00,627.8400268554688,628.40478515625,627.64501953125,627.97998046875,7216989.0,1752775200.0,0.00023533154809654756,0.00023533154809654756,0.07395370634339402,0.07395370634339402
2025-07-17 19:00:00,627.969970703125,628.3200073242188,627.6500244140625,627.97998046875,14598908.0,1752778800.0,0.0,0.0,0.020827579349320446,0.020827579349320446
2025-07-18 13:00:00,628.75,629.3499755859375,627.239990234375,627.3699951171875,14355767.0,1752843600.0,0.000671922552363817,0.000671922552363817,0.17251418123415244,0.17251418123415244
2025-07-18 14:00:00,627.4000244140625,627.9099731445312,626.9099731445312,627.60498046875,11133429.0,1752847200.0,0.0003744861194525759,0.0003744861194525759,0.10536786857307211,0.10536786857307211
2025-07-18 15:00:00,627.6199951171875,628.1699829101562,626.5399780273438,626.9600219726562,7045686.0,1752850800.0,-0.0010281787737691991,-0.0010281787737691991,-0.21128390995029322,-0.21128390995029322
2025-07-18 16:00:00,626.97998046875,627.385009765625,626.4600219726562,626.9400024414062,5704897.0,1752854400.0,-3.1931622716173477e-05,-3.1931622716173477e-05,0.01361901144897966,0.01361901144897966
2025-07-18 17:00:00,626.9400024414062,627.530029296875,626.6599731445312,627.114990234375,4183073.0,1752858000.0,0.00027907515240801226,0.00027907515240801226,0.08382883059522599,0.08382883059522599
2025-07-18 18:00:00,627.1099853515625,627.5999755859375,627.02001953125,627.3900146484375,5054812.0,1752861600.0,0.00043845886209786317,0.00043845886209786317,0.11980972338353887,0.11980972338353887
2025-07-18 19:00:00,627.375,627.760009765625,627.010009765625,627.5900268554688,7725900.0,1752865200.0,0.00031874962487057223,0.00031874962487057223,0.09278534781324092,0.09278534781324092
2025-07-21 13:00:00,628.77001953125,631.3300170898438,628.6799926757812,631.25,11940189.0,1753102800.0,0.00036980361041821466,0.00036980361041821466,0.1043107915614157,0.1043107915614157
2025-07-21 14:00:00,631.25,631.3900146484375,630.6400146484375,631.268798828125,6696004.0,1753106400.0,2.9779878357156557e-05,2.9779878357156557e-05,0.027550390686206273,0.027550390686206273
2025-07-21 15:00:00,631.27001953125,631.5399780273438,630.5349731445312,630.77001953125,5926978.0,1753110000.0,-0.0007904342015289307,-0.0007904342015289307,-0.15761304244804739,-0.15761304244804739
2025-07-21 16:00:00,630.7752075195312,631.489990234375,630.7249755859375,631.39501953125,4180603.0,1753113600.0,0.0009903618492688093,0.0009903618492688093,0.24440189312026783,0.24440189312026783
2025-07-21 17:00:00,631.3900146484375,631.52001953125,631.0399780273438,631.1917724609375,4545996.0,1753117200.0,-0.00032195342665901306,-0.00032195342665901306,-0.051853447776913836,-0.051853447776913836
2025-07-21 18:00:00,631.2000122070312,631.2000122070312,629.1099853515625,629.4500122070312,10841234.0,1753120800.0,-0.0027632930835690527,-0.0027632930835690527,-0.6029861866626508,-0.6029861866626508
2025-07-21 19:00:00,629.4500122070312,629.6799926757812,628.3400268554688,628.72998046875,12654906.0,1753124400.0,-0.0011445609071474635,-0.0011445609071474635,-0.23755719140237574,-0.23755719140237574
2025-07-22 13:00:00,629.0999755859375,629.1900024414062,626.1900024414062,627.0900268554688,14434422.0,1753189200.0,0.0013749011588613863,0.0013749011588613863,0.3312116913001844,0.3312116913001844
2025-07-22 14:00:00,627.0800170898438,628.114990234375,626.9721069335938,627.6400146484375,6721517.0,1753192800.0,0.0008766632024422664,0.0008766632024422664,0.21873440909945516,0.21873440909945516
2025-07-22 15:00:00,627.6400146484375,628.125,627.0399780273438,627.239990234375,5933245.0,1753196400.0,-0.0006375500861529611,-0.0006375500861529611,-0.12309943390497116,-0.12309943390497116
2025-07-22 16:00:00,627.25,629.219970703125,627.0700073242188,629.0499877929688,5321387.0,1753200000.0,0.0028814984480067594,0.0028814984480067594,0.6713262214575556,0.6713262214575556
2025-07-22 17:00:00,629.0499877929688,629.1799926757812,627.52001953125,628.4249877929688,6421876.0,1753203600.0,-0.0009940556489798124,-0.0009940556489798124,-0.20358061017744744,-0.20358061017744744
2025-07-22 18:00:00,628.4199829101562,629.530029296875,628.3699951171875,629.2000122070312,7458920.0,1753207200.0,0.0012325208423410907,0.0012325208423410907,0.2990693166883013,0.2990693166883013
2025-07-22 19:00:00,629.1900024414062,629.72998046875,628.75,628.8300170898438,8957431.0,1753210800.0,-0.0005882135072122822,-0.0005882135072122822,-0.11196169491733521,-0.11196169491733521
2025-07-23 13:00:00,631.5499877929688,631.6199951171875,629.72998046875,630.73876953125,11930032.0,1753275600.0,-9.499291535684795e-05,-9.499291535684795e-05,-0.0006170834067107042,-0.0006170834067107042
2025-07-23 14:00:00,630.7352294921875,630.9249877929688,630.0900268554688,630.8250122070312,6193455.0,1753279200.0,0.0001367234493633226,0.0001367234493633226,0.051692915479109945,0.051692915479109945
2025-07-23 15:00:00,630.8200073242188,632.7899780273438,630.469970703125,631.6900024414062,9429235.0,1753282800.0,0.0013702654775317037,0.0013702654775317037,0.330165185648831,0.330165185648831
2025-07-23 16:00:00,631.6799926757812,632.1950073242188,631.3494873046875,632.0999755859375,8404152.0,1753286400.0,0.0006487995094760221,0.0006487995094760221,0.16729415135340553,0.16729415135340553
2025-07-23 17:00:00,632.1099853515625,633.6500244140625,631.7899780273438,633.2349853515625,9748596.0,1753290000.0,0.001794007286733952,0.001794007286733952,0.4258249531150333,0.4258249531150333
2025-07-23 18:00:00,633.2349853515625,633.47998046875,632.9550170898438,633.3599853515625,7431353.0,1753293600.0,0.00019737959378826148,0.00019737959378826148,0.06538604781837512,0.06538604781837512
2025-07-23 19:00:00,633.3599853515625,634.1599731445312,632.9400024414062,634.1599731445312,10283392.0,1753297200.0,0.0012622884457630964,0.0012622884457630964,0.3057893569570114,0.3057893569570114
2025-07-24 13:00:00,634.5999755859375,635.3900146484375,633.989990234375,634.8200073242188,12862862.0,1753362000.0,0.0015887039342194248,0.0015887039342194248,0.37947769510302587,0.37947769510302587
2025-07-24 14:00:00,634.8200073242188,635.8900146484375,634.72998046875,635.5250244140625,7091351.0,1753365600.0,0.001109961694834515,0.001109961694834515,0.27140157350901245,0.27140157350901245
2025-07-24 15:00:00,635.5250244140625,635.72998046875,634.280029296875,634.5650024414062,6659179.0,1753369200.0,-0.001511738751095643,-0.001511738751095643,-0.32044763649900276,-0.32044763649900276
2025-07-24 16:00:00,634.5700073242188,635.97998046875,634.4500122070312,635.3800048828125,6391273.0,1753372800.0,0.0012835241661558361,0.0012835241661558361,0.3105833235438138,0.3105833235438138
2025-07-24 17:00:00,635.3800048828125,636.1500244140625,635.125,635.780029296875,8024878.0,1753376400.0,0.000629384839849185,0.000629384839849185,0.16291128720923995,0.16291128720923995
2025-07-24 18:00:00,635.7849731445312,635.9299926757812,634.6900024414062,635.4718017578125,8969049.0,1753380000.0,-0.00048491972648200004,-0.00048491972648200004,-0.08864311074466147,-0.08864311074466147
2025-07-24 19:00:00,635.4749755859375,635.5750122070312,634.25,634.4500122070312,15010238.0,1753383600.0,-0.0016092168195637757,-0.0016092168195637757,-0.34245332288683217,-0.34245332288683217
2025-07-25 13:00:00,635.0900268554688,635.6099853515625,634.8400268554688,635.469970703125,9407069.0,1753448400.0,0.0007756366430216932,0.0007756366430216932,0.19592765042658164,0.19592765042658164
2025-07-25 14:00:00,635.469970703125,636.1300048828125,635.2899780273438,636.02001953125,5993959.0,1753452000.0,0.0008652036062611144,0.0008652036062611144,0.2161474038001448,0.2161474038001448
2025-07-25 15:00:00,636.02001953125,636.9299926757812,635.6099853515625,636.760009765625,6686141.0,1753455600.0,0.0011627937282478362,0.0011627937282478362,0.2833284117896145,0.2833284117896145
2025-07-25 16:00:00,636.760009765625,637.1300048828125,636.5999755859375,637.0452270507812,6436824.0,1753459200.0,0.0004478193081315285,0.0004478193081315285,0.12192284526935446,0.12192284526935446
2025-07-25 17:00:00,637.0499877929688,637.530029296875,636.969970703125,637.3300170898438,5122697.0,1753462800.0,0.0004469484872886324,0.0004469484872886324,0.12172625735301694,0.12172625735301694
2025-07-25 18:00:00,637.3300170898438,637.5798950195312,637.1749877929688,637.3400268554688,5294461.0,1753466400.0,1.5705657589982876e-05,1.5705657589982876e-05,0.024373133553164596,0.024373133553164596
2025-07-25 19:00:00,637.3300170898438,637.489990234375,636.625,637.030029296875,11606754.0,1753470000.0,-0.00048651106201318676,-0.00048651106201318676,-0.08900235494376614,-0.08900235494376614
2025-07-28 13:00:00,637.47998046875,638.0399780273438,637.0800170898438,637.7349853515625,12608320.0,1753707600.0,-0.001550354166654112,-0.001550354166654112,-0.3291650714858601,-0.3291650714858601
2025-07-28 14:00:00,637.739990234375,637.89990234375,636.3300170898438,637.0700073242188,7029218.0,1753711200.0,-0.0010432624463782303,-0.0010432624463782303,-0.21468905096536725,-0.21468905096536725
2025-07-28 15:00:00,637.0700073242188,637.6500244140625,636.97998046875,637.4000244140625,3958235.0,1753714800.0,0.0005178891445092707,0.0005178891445092707,0.13774111976747094,0.13774111976747094
2025-07-28 16:00:00,637.39501953125,637.4099731445312,636.1599731445312,636.3200073242188,4788861.0,1753718400.0,-0.00169584731615582,-0.00169584731615582,-0.3620101685402693,-0.3620101685402693
2025-07-28 17:00:00,636.3099975585938,636.760009765625,635.5399780273438,636.030029296875,6173527.0,1753722000.0,-0.00045581486857891444,-0.00045581486857891444,-0.08207268536136593,-0.08207268536136593
2025-07-28 18:00:00,636.0399780273438,636.2899780273438,635.6900024414062,636.0399780273438,6089625.0,1753725600.0,1.5641797089280405e-05,1.5641797089280405e-05,0.024358717036987033,0.024358717036987033
2025-07-28 19:00:00,636.0499877929688,637.02001953125,635.8200073242188,636.8900146484375,9077255.0,1753729200.0,0.0013355593038688557,0.0013355593038688557,0.32233026251844654,0.32233026251844654
2025-07-29 13:00:00,638.3499755859375,638.6699829101562,637.239990234375,637.760009765625,10175675.0,1753794000.0,-0.0043044013419780095,-0.0043044013419780095,-0.9508915725323787,-0.9508915725323787
2025-07-29 14:00:00,637.760009765625,637.8599853515625,635.1799926757812,635.2899780273438,8973013.0,1753797600.0,-0.003880499370016889,-0.003880499370016889,-0.8551956483029358,-0.8551956483029358
2025-07-29 15:00:00,635.2899780273438,636.2100219726562,634.6900024414062,635.6599731445312,7394149.0,1753801200.0,0.0005822339853723457,0.0005822339853723457,0.1522669757980561,0.1522669757980561
2025-07-29 16:00:00,635.6619873046875,636.5599975585938,635.0999755859375,636.1799926757812,5465489.0,1753804800.0,0.0008177437007854255,0.0008177437007854255,0.20543332408655807,0.20543332408655807
2025-07-29 17:00:00,636.1749877929688,636.3900146484375,634.9400024414062,635.3200073242188,6248279.0,1753808400.0,-0.001352710157605519,-0.001352710157605519,-0.2845469112380653,-0.2845469112380653
2025-07-29 18:00:00,635.3150024414062,635.8599853515625,635.030029296875,635.0599975585938,6204643.0,1753812000.0,-0.0004093417217781031,-0.0004093417217781031,-0.07158136654447184,-0.07158136654447184
2025-07-29 19:00:00,635.0700073242188,635.4000244140625,634.3350219726562,635.219970703125,11693522.0,1753815600.0,0.0002518706889409224,0.0002518706889409224,0.07768741949820931,0.07768741949820931
2025-07-30 13:00:00,635.9199829101562,636.6649780273438,635.2899780273438,636.3300170898438,9553683.0,1753880400.0,-0.0023667797405747116,-0.0023667797405747116,-0.5134732489152657,-0.5134732489152657
2025-07-30 14:00:00,636.3200073242188,636.8200073242188,635.0,635.3150024414062,6908666.0,1753884000.0,-0.0015963808270481428,-0.0015963808270481428,-0.33955559593948414,-0.33955559593948414
2025-07-30 15:00:00,635.3200073242188,636.719970703125,635.0900268554688,636.5700073242188,5028064.0,1753887600.0,0.0019734571607988908,0.0019734571607988908,0.46633578507001294,0.46633578507001294
2025-07-30 16:00:00,636.5800170898438,636.6599731445312,636.14501953125,636.2100219726562,3361418.0,1753891200.0,-0.0005656678339938722,-0.0005656678339938722,-0.10687200631308255,-0.10687200631308255
2025-07-30 17:00:00,636.219970703125,637.1099853515625,636.010009765625,636.77001953125,6602865.0,1753894800.0,0.0008798214841704546,0.0008798214841704546,0.2194473916023619,0.2194473916023619
2025-07-30 18:00:00,636.77001953125,637.6799926757812,631.5399780273438,632.0892944335938,23765491.0,1753898400.0,-0.007377880712745593,-0.004521935781517176,-1.0,-1.0
2025-07-30 19:00:00,632.0900268554688,634.635009765625,631.6099853515625,634.5,14767858.0,1753902000.0,0.0038066143271381346,0.0038066143271381346,0.8801712491493123,0.8801712491493123
2025-07-31 13:00:00,639.4550170898438,639.8499755859375,637.6900024414062,638.8200073242188,18845004.0,1753966800.0,-0.006053971530418633,-0.004521935781517176,-1.0,-1.0
2025-07-31 14:00:00,638.8099975585938,639.1400146484375,635.0599975585938,636.1900024414062,11944043.0,1753970400.0,-0.0041254713183183165,-0.0041254713183183165,-0.9104980968726785,-0.9104980968726785
2025-07-31 15:00:00,636.1900024414062,638.22998046875,636.1099853515625,638.0800170898438,6674444.0,1753974000.0,0.002966429415166749,0.002966429415166749,0.6904993981249695,0.6904993981249695
2025-07-31 16:00:00,638.085205078125,638.3099975585938,634.4099731445312,634.8400268554688,8104819.0,1753977600.0,-0.005090653174556412,-0.004521935781517176,-1.0,-1.0
2025-07-31 17:00:00,634.8599853515625,635.655029296875,631.4299926757812,634.2100219726562,14674708.0,1753981200.0,-0.0009928764198848064,-0.0009928764198848064,-0.20331439905886553,-0.20331439905886553
2025-07-31 18:00:00,634.2000122070312,635.125,632.6199951171875,632.780029296875,10842862.0,1753984800.0,-0.0022573078321360056,-0.0022573078321360056,-0.48875995162453323,-0.48875995162453323
2025-07-31 19:00:00,632.7949829101562,633.6799926757812,630.7650146484375,631.969970703125,19680307.0,1753988400.0,-0.0012809783823192048,-0.0012809783823192048,-0.26835345381939557,-0.26835345381939557
