date,ae_embedding_0,ae_embedding_1,ae_embedding_2,ae_embedding_3,ae_embedding_4,ae_embedding_5,ae_embedding_6,ae_embedding_7,ae_embedding_8,ae_embedding_9,ae_embedding_10,ae_embedding_11,ae_embedding_12,ae_embedding_13,ae_embedding_14,ae_embedding_15,ae_embedding_16,ae_embedding_17,ae_embedding_18,ae_embedding_19,ae_embedding_20,ae_embedding_21,ae_embedding_22,ae_embedding_23,ae_embedding_24,ae_embedding_25,ae_embedding_26,ae_embedding_27,ae_embedding_28,ae_embedding_29,ae_embedding_30,ae_embedding_31
2024-06-12 14:00:00,-0.17143404,-0.51191187,-0.25498688,-0.40473384,-0.25472665,0.27205154,-0.20057152,0.19830632,-0.63845617,0.43609646,-0.40172723,0.3011731,0.27856964,-0.026754133,0.009861026,-0.52127886,-0.28338575,0.28752795,0.48090607,0.108929954,0.0017087944,0.1780678,0.0670294,0.41917533,0.30039868,-0.01867048,-0.28263927,0.6231737,0.42425376,0.17123142,-0.54240584,-0.0534373
2024-06-12 15:00:00,-0.17047583,-0.50712353,-0.25394928,-0.40076852,-0.25269836,0.27244258,-0.19728898,0.19706467,-0.6341176,0.43364072,-0.39951536,0.2994343,0.27656054,-0.025390714,0.008187275,-0.5192913,-0.28010017,0.2870412,0.47711235,0.110178836,0.0028796624,0.17737634,0.06735654,0.41674885,0.29920784,-0.017615933,-0.2808927,0.61889845,0.42211685,0.17067808,-0.538938,-0.053671457
2024-06-12 16:00:00,-0.1681394,-0.5017177,-0.25126478,-0.39799452,-0.25047565,0.27355024,-0.19597763,0.1943306,-0.62937343,0.4323713,-0.39420402,0.2972,0.27313176,-0.024528272,0.009046134,-0.5156728,-0.27863538,0.28608328,0.4724838,0.109746486,0.0044790525,0.1782267,0.065127835,0.41364115,0.29847905,-0.017596226,-0.27905497,0.6139472,0.4182863,0.1706075,-0.5369734,-0.052192576
2024-06-12 17:00:00,-0.16697326,-0.49968725,-0.2490663,-0.398167,-0.2502455,0.27382112,-0.19726934,0.19292709,-0.62810236,0.43285704,-0.38887975,0.2959216,0.2703234,-0.02476804,0.011641573,-0.5127002,-0.28000623,0.28546032,0.47064131,0.108221725,0.0057139043,0.17941783,0.061616305,0.41172564,0.29867208,-0.019129526,-0.27858862,0.61228114,0.41614294,0.17074317,-0.538075,-0.05065111
2024-06-12 18:00:00,-0.16782573,-0.4969595,-0.24844462,-0.3965342,-0.25011033,0.2701824,-0.19706415,0.19319329,-0.6256555,0.42894706,-0.38870022,0.2938101,0.26841342,-0.0244852,0.009824771,-0.510276,-0.27840784,0.28318527,0.46944618,0.10826721,0.003781123,0.17721158,0.06210662,0.4107477,0.2958207,-0.019193646,-0.2772669,0.61151415,0.41561458,0.16849416,-0.53502166,-0.05205159
2024-06-12 19:00:00,-0.16934198,-0.48798758,-0.24725562,-0.3896917,-0.24841665,0.2634254,-0.19290373,0.19373548,-0.61770236,0.41923508,-0.38702458,0.2890127,0.26363975,-0.02205874,0.003961209,-0.5044202,-0.27170542,0.27924845,0.46444577,0.11003076,0.0016188081,0.17222051,0.064458475,0.40754506,0.28938034,-0.018220227,-0.27388194,0.6062245,0.41358763,0.16264677,-0.5259139,-0.05629579
2024-06-13 13:00:00,-0.16883062,-0.48216498,-0.24489528,-0.38286972,-0.24640094,0.25805697,-0.18935585,0.19113204,-0.6119673,0.41226485,-0.3853337,0.28650042,0.26028192,-0.02118864,-4.5914203e-05,-0.49927557,-0.26566088,0.27625638,0.459639,0.11255288,0.0005737711,0.16715702,0.06419322,0.4030291,0.28388426,-0.016526189,-0.27014562,0.6004922,0.41207036,0.16064742,-0.51885355,-0.057547398
2024-06-13 14:00:00,-0.17007904,-0.48012525,-0.24458423,-0.37958586,-0.24639373,0.25399128,-0.18720403,0.19144002,-0.61053103,0.40806308,-0.38415092,0.28572503,0.25885853,-0.02060996,-0.0025296845,-0.4965738,-0.26197094,0.27547508,0.45795065,0.11468192,8.731894e-05,0.1641477,0.06435564,0.40037704,0.2802192,-0.016690131,-0.26949424,0.59821385,0.41283098,0.15877339,-0.5159868,-0.060055353
2024-06-13 15:00:00,-0.16758281,-0.4775136,-0.24251235,-0.37710953,-0.24402426,0.2548104,-0.18537956,0.18841347,-0.6077359,0.40746105,-0.38016236,0.28561798,0.257252,-0.02025389,-0.0019890629,-0.49404103,-0.2600279,0.27588892,0.45424384,0.11507446,0.0014455672,0.16410884,0.061995607,0.3971528,0.2789014,-0.01628011,-0.26913244,0.59438246,0.41081423,0.15948215,-0.5146977,-0.05858309
2024-06-13 16:00:00,-0.16548504,-0.46819323,-0.23887205,-0.37251008,-0.24075483,0.25273323,-0.18306436,0.18580714,-0.5993225,0.40223902,-0.37213045,0.2812394,0.2514992,-0.018235527,-0.0023618154,-0.48666972,-0.25624833,0.27327198,0.44697547,0.11426908,0.0021080244,0.16389564,0.059834626,0.39263368,0.27498382,-0.016713228,-0.2670798,0.58726317,0.40571794,0.15600845,-0.5094802,-0.058715962
2024-06-13 17:00:00,-0.16520682,-0.4636292,-0.23550671,-0.3694232,-0.2402492,0.24702153,-0.18326333,0.18449312,-0.5952726,0.39732116,-0.36413446,0.27849495,0.24644546,-0.017901905,-0.0019562282,-0.4788878,-0.2543907,0.27092656,0.44302386,0.113654256,0.0023029726,0.16159733,0.055144366,0.38776186,0.27050543,-0.018540319,-0.26573125,0.5834856,0.40395108,0.15320456,-0.5066974,-0.059221275
2024-06-13 18:00:00,-0.16102709,-0.45677632,-0.23057371,-0.36486107,-0.23593561,0.24459025,-0.18172717,0.17948121,-0.587833,0.3932664,-0.3561652,0.27570534,0.24126898,-0.017205387,-0.0010099523,-0.4711393,-0.25113332,0.26856104,0.43591583,0.11232254,0.0026161429,0.16035025,0.050707687,0.38249373,0.2661796,-0.018034603,-0.26387352,0.57662964,0.39910632,0.15158603,-0.50215584,-0.056611337
2024-06-13 19:00:00,-0.15808612,-0.45388633,-0.22767687,-0.3628292,-0.23310845,0.24275777,-0.18182632,0.17576757,-0.5838703,0.39112917,-0.35359094,0.27403706,0.23910911,-0.017142743,-0.0003045164,-0.4673022,-0.24953592,0.26600593,0.4324538,0.11162894,0.0020716805,0.15992585,0.049034234,0.3802828,0.2636777,-0.017276336,-0.2622056,0.57315165,0.39606795,0.15118629,-0.4992563,-0.053929567
2024-06-14 13:00:00,-0.15622619,-0.45294213,-0.22654611,-0.36195803,-0.2310128,0.24234208,-0.18183912,0.17343566,-0.58183026,0.3904375,-0.35459414,0.27303046,0.23890014,-0.017272219,-0.00012850761,-0.4666382,-0.24857408,0.26406744,0.43106484,0.111520976,0.0014666598,0.16017763,0.049625885,0.38014573,0.2629494,-0.015966024,-0.26081446,0.57168657,0.39422286,0.15168007,-0.49724066,-0.05153314
2024-06-14 14:00:00,-0.15714589,-0.45747924,-0.22846752,-0.36418617,-0.23204492,0.24267149,-0.18308303,0.17436308,-0.5855175,0.39246765,-0.3598234,0.27444902,0.24202086,-0.018373832,-0.00014162809,-0.47040862,-0.24983993,0.26434702,0.43456143,0.1122578,0.00064451434,0.16073197,0.05183619,0.38274348,0.26464054,-0.015346695,-0.26121262,0.57506615,0.3964312,0.1534236,-0.49882635,-0.05086542
2024-06-14 15:00:00,-0.15680373,-0.45559013,-0.22764266,-0.36297822,-0.2312053,0.24152297,-0.18218376,0.17435655,-0.5837197,0.3910341,-0.35694414,0.27305788,0.24062158,-0.01793357,0.0002153106,-0.46803308,-0.24853808,0.2640232,0.43263358,0.111973904,0.001449516,0.1609587,0.051344287,0.38121694,0.26390484,-0.01535875,-0.26092654,0.5732567,0.3955496,0.15271115,-0.49771565,-0.050573304
2024-06-14 16:00:00,-0.15544514,-0.45053416,-0.22565147,-0.3602587,-0.22925822,0.24038085,-0.18059728,0.17303237,-0.5787016,0.3880494,-0.35277283,0.27049932,0.2378052,-0.016754575,-7.3518604e-05,-0.46391904,-0.24621698,0.26278833,0.4283685,0.11124894,0.0018067677,0.1607777,0.050437156,0.3786554,0.26210186,-0.014933247,-0.2594993,0.5692181,0.39286005,0.15110543,-0.49459106,-0.050314456
2024-06-14 17:00:00,-0.15369551,-0.44498867,-0.22205722,-0.35679597,-0.22725438,0.236985,-0.17984857,0.17063913,-0.5733527,0.38398942,-0.34586546,0.26755133,0.23332943,-0.015920497,0.0004728064,-0.45716822,-0.2438994,0.26051137,0.42322105,0.11024258,0.0023981314,0.15964124,0.047276,0.37441874,0.2589537,-0.015239317,-0.2574272,0.5641547,0.38952363,0.14929092,-0.49127907,-0.04934734
2024-06-14 18:00:00,-0.15170881,-0.44049788,-0.21946943,-0.35473955,-0.22518195,0.23622283,-0.1793001,0.16859111,-0.56896687,0.38193113,-0.34147537,0.2654536,0.23031445,-0.015179612,0.0011397302,-0.45307243,-0.24268901,0.2589343,0.41934294,0.108883046,0.0026825704,0.15953067,0.045456257,0.37219802,0.25736037,-0.015032519,-0.2561284,0.5604723,0.3863246,0.1480008,-0.48905736,-0.04811883
2024-06-14 19:00:00,-0.15009314,-0.4381588,-0.21726906,-0.3534361,-0.22377338,0.23485571,-0.17982695,0.16656604,-0.566436,0.38050714,-0.33882815,0.2640455,0.22828303,-0.015096776,0.0019789152,-0.4500317,-0.24217439,0.25704867,0.41702282,0.10790675,0.0026813615,0.15920505,0.043914247,0.3706553,0.25610405,-0.014790166,-0.25466508,0.5581668,0.38397956,0.14761898,-0.4875865,-0.046354353
2024-06-17 13:00:00,-0.1485839,-0.43767112,-0.21610191,-0.3523898,-0.22214966,0.23374507,-0.18017006,0.16438079,-0.56504995,0.37959203,-0.3399793,0.26338884,0.22813974,-0.01545319,0.0020741932,-0.4492303,-0.24119276,0.25517222,0.4159028,0.10788463,0.0018750206,0.1586762,0.044267107,0.37019926,0.25518352,-0.013430286,-0.2530745,0.5569927,0.38257414,0.1484024,-0.485798,-0.044159018
2024-06-17 14:00:00,-0.1490426,-0.44243604,-0.21756738,-0.35416305,-0.22283031,0.23336804,-0.18151638,0.16460258,-0.5688277,0.38132986,-0.34477663,0.2651376,0.23116134,-0.016809754,0.0023322366,-0.4523484,-0.24195075,0.25540444,0.4189316,0.10875763,0.0009782705,0.15869448,0.04600328,0.37206048,0.25631803,-0.012573134,-0.25335667,0.55996114,0.38473904,0.15054777,-0.48717517,-0.042992137
2024-06-17 15:00:00,-0.14850971,-0.43998998,-0.21627966,-0.35086513,-0.22086845,0.22875112,-0.17977618,0.16333601,-0.56544924,0.37680063,-0.3431759,0.26319245,0.22965078,-0.016402103,0.0011196397,-0.4483255,-0.23782346,0.25358486,0.41568726,0.10974432,0.00031715818,0.15690573,0.046352174,0.36905885,0.252894,-0.011463124,-0.25181696,0.5567266,0.3839559,0.14955947,-0.48299754,-0.042636126
2024-06-17 16:00:00,-0.14789146,-0.43609434,-0.21467239,-0.34730613,-0.2191277,0.224758,-0.17741898,0.16265064,-0.5610041,0.37211385,-0.3385621,0.2610178,0.22713558,-0.015263408,9.0848655e-05,-0.44303018,-0.23382652,0.25275254,0.41131765,0.11015329,0.0004724525,0.15551645,0.045383852,0.36522895,0.24941912,-0.0111942105,-0.25100136,0.552626,0.38288623,0.14754227,-0.47922987,-0.043308593
2024-06-17 17:00:00,-0.14711502,-0.43491724,-0.21451536,-0.34578997,-0.21796827,0.22416863,-0.17584331,0.16176721,-0.5589651,0.370652,-0.33836728,0.26079103,0.22733699,-0.014642142,-0.00090426207,-0.44202614,-0.23179626,0.25299886,0.40946788,0.11079075,0.00018788874,0.15507329,0.045653623,0.36401224,0.24828681,-0.010456782,-0.2508039,0.5509878,0.38283664,0.14717585,-0.4773513,-0.043620057
2024-06-17 18:00:00,-0.14638191,-0.42829153,-0.21197271,-0.33969843,-0.21512185,0.2176334,-0.17276703,0.15956247,-0.55166525,0.36277887,-0.33427182,0.25715572,0.22350533,-0.01296439,-0.0036155805,-0.43488437,-0.22568312,0.24981527,0.4034021,0.11220546,-0.0006935727,0.15197544,0.045024652,0.35902503,0.24229956,-0.009682041,-0.24810326,0.5447608,0.38058478,0.1439883,-0.47011048,-0.044642925
2024-06-17 19:00:00,-0.1439651,-0.42346302,-0.20990211,-0.33545548,-0.21160738,0.21724406,-0.16973701,0.15600806,-0.546063,0.35975006,-0.33277178,0.2552786,0.22162928,-0.011693843,-0.005014397,-0.4319927,-0.22181359,0.24816456,0.3985402,0.11319984,-0.0004757028,0.15123524,0.045077015,0.35620558,0.23993751,-0.008120503,-0.24597225,0.53961027,0.3776092,0.14373484,-0.46539468,-0.04339581
2024-06-18 13:00:00,-0.14289397,-0.41664273,-0.2082465,-0.33099025,-0.20852394,0.21638417,-0.1666296,0.15337637,-0.53921235,0.35529777,-0.33264196,0.25158188,0.21893825,-0.009872749,-0.0077026226,-0.42937708,-0.21764937,0.24487193,0.39381653,0.11435017,-0.0007892307,0.15063666,0.047084,0.35437047,0.23739588,-0.006668318,-0.24251583,0.5342435,0.37372562,0.14231724,-0.45921162,-0.043272994
2024-06-18 14:00:00,-0.14321853,-0.41678485,-0.20861632,-0.33182448,-0.20909028,0.21964064,-0.16679844,0.15328085,-0.54041666,0.35762307,-0.33385086,0.25154197,0.21927567,-0.010055743,-0.0071719885,-0.43179393,-0.21938923,0.24509194,0.39497524,0.11461249,0.00050777756,0.15214278,0.047592487,0.3555809,0.23991016,-0.006865274,-0.2419163,0.5348713,0.37318507,0.14398447,-0.46064728,-0.04270672
2024-06-18 15:00:00,-0.14320213,-0.41527277,-0.20778242,-0.33249742,-0.20950691,0.22175324,-0.16745219,0.15337864,-0.54047406,0.3590098,-0.33125758,0.25058466,0.2177429,-0.010140464,-0.0055779964,-0.43149626,-0.22133124,0.2451941,0.39472598,0.11355844,0.0019949991,0.1537117,0.046240825,0.35544348,0.24160782,-0.007927533,-0.24163198,0.5345311,0.3716628,0.14442077,-0.4622899,-0.042151935
2024-06-18 16:00:00,-0.14212832,-0.4122314,-0.20534912,-0.33140278,-0.20874713,0.22100702,-0.16802414,0.15188384,-0.53820354,0.3579429,-0.3269434,0.24873984,0.21474983,-0.010169126,-0.0041900165,-0.42812812,-0.22171271,0.24381267,0.39237154,0.11224843,0.0026176851,0.15376692,0.043658283,0.3533054,0.24092945,-0.008577596,-0.24033234,0.532344,0.36919534,0.1441522,-0.46173447,-0.04079493
2024-06-18 17:00:00,-0.14028195,-0.40886104,-0.2020596,-0.330271,-0.2075554,0.21958551,-0.16882217,0.15007228,-0.53549397,0.35672387,-0.3201489,0.24681002,0.21086772,-0.010163061,-0.001835268,-0.42304093,-0.22211906,0.24242072,0.38910806,0.11008626,0.003557818,0.15393014,0.039788704,0.35044566,0.23979545,-0.009641524,-0.2393898,0.52941245,0.36618346,0.1432603,-0.46150374,-0.038836844
2024-06-18 18:00:00,-0.14055204,-0.40905228,-0.20244285,-0.3312422,-0.20806776,0.21917665,-0.16996469,0.15100557,-0.5356529,0.35674128,-0.32114005,0.2466174,0.2110491,-0.010354154,-0.001935944,-0.42339724,-0.22304976,0.24197684,0.38995397,0.10906823,0.0024671499,0.15371482,0.040172,0.35154817,0.23984852,-0.00959618,-0.23965698,0.5307998,0.36640623,0.14240697,-0.46167207,-0.039130628
2024-06-18 19:00:00,-0.14048204,-0.41365564,-0.20389694,-0.33437103,-0.20935474,0.22208801,-0.17204855,0.15159774,-0.53999674,0.36103237,-0.32482457,0.249156,0.2138998,-0.011604838,-0.0005665533,-0.42768198,-0.22607598,0.24320664,0.39359337,0.108527094,0.0025343318,0.15486035,0.04082271,0.35462445,0.24285847,-0.009313624,-0.24083951,0.5344845,0.36796197,0.14454684,-0.46516192,-0.037880354
2024-06-20 13:00:00,-0.1402749,-0.41772026,-0.20497721,-0.33573502,-0.20948024,0.22223154,-0.17337175,0.15091011,-0.5429772,0.36278173,-0.33030218,0.25084296,0.21679606,-0.012881003,-0.00050959736,-0.43096596,-0.22658625,0.24285612,0.3961084,0.10930632,0.0012928452,0.15473743,0.04285079,0.35658076,0.24382892,-0.00797658,-0.24043438,0.53688604,0.36938205,0.14690188,-0.46582603,-0.036132358
2024-06-20 14:00:00,-0.14256622,-0.42350423,-0.2086904,-0.33900374,-0.21167777,0.22361806,-0.17412712,0.15377557,-0.54833114,0.3656411,-0.33736575,0.25326958,0.22121073,-0.013945743,-0.0013030767,-0.43691027,-0.22789878,0.2446564,0.40117586,0.110534,0.00036925077,0.15535142,0.046663467,0.36047536,0.24633673,-0.007424224,-0.24206911,0.54191583,0.37321723,0.14852932,-0.46832758,-0.03720569
2024-06-20 15:00:00,-0.14288595,-0.42635942,-0.21043462,-0.34155,-0.21271093,0.22760388,-0.1742493,0.15517566,-0.5513811,0.36948767,-0.3388389,0.25494817,0.22356974,-0.01431755,-0.00017026067,-0.44046897,-0.22980711,0.24718013,0.403341,0.11040226,0.0017305706,0.1575795,0.047618452,0.36242944,0.24983326,-0.007432949,-0.24365298,0.54412514,0.37446463,0.15039116,-0.4716292,-0.03700144
2024-06-20 16:00:00,-0.14338675,-0.4185121,-0.20899254,-0.33801156,-0.21143661,0.22549298,-0.17178372,0.15568769,-0.5447641,0.3643332,-0.33480644,0.25077274,0.21968283,-0.012088768,-0.002429489,-0.43579698,-0.22658393,0.24509986,0.39857215,0.11005261,0.0018250868,0.15687948,0.048244406,0.36002064,0.24730098,-0.0073297434,-0.2417226,0.53952503,0.37132072,0.14674693,-0.46688896,-0.039303422
2024-06-20 17:00:00,-0.14406997,-0.4126755,-0.20751518,-0.33396602,-0.21075706,0.22261235,-0.16972712,0.15516701,-0.53967196,0.35943487,-0.33279994,0.24797222,0.2164415,-0.010646857,-0.005249966,-0.4320801,-0.2235575,0.24286126,0.39522564,0.11071086,0.0013930053,0.15432605,0.048223373,0.3575719,0.24432066,-0.0068108626,-0.23923445,0.5358346,0.36930823,0.14447975,-0.4621762,-0.041269794
2024-06-20 18:00:00,-0.14642662,-0.4104886,-0.20651785,-0.33029157,-0.21190713,0.21509579,-0.16855344,0.15612522,-0.53793204,0.3532831,-0.32971275,0.24667427,0.213464,-0.010297559,-0.007733751,-0.4268523,-0.22005919,0.241447,0.39371628,0.112355866,0.00028616376,0.1495822,0.04662976,0.3537668,0.239014,-0.0076439492,-0.23846065,0.53393775,0.3707112,0.14169624,-0.4588279,-0.04462678
2024-06-20 19:00:00,-0.14601693,-0.40315112,-0.20464307,-0.3239861,-0.20912622,0.2108431,-0.16388008,0.15455365,-0.53045845,0.34607843,-0.32619,0.24399221,0.20975672,-0.008000381,-0.011613596,-0.42114574,-0.21352741,0.2398505,0.38780093,0.11390071,-0.00062754937,0.14583671,0.046739597,0.34930646,0.23316982,-0.006442424,-0.23688065,0.52767575,0.36850923,0.13805935,-0.45170814,-0.04715942
2024-06-21 13:00:00,-0.14520907,-0.403189,-0.20438966,-0.32218534,-0.20790373,0.21130544,-0.1621052,0.15193832,-0.52961385,0.3455293,-0.32897952,0.24489734,0.21052651,-0.007835582,-0.013320591,-0.4221841,-0.21151045,0.23924974,0.38707972,0.11584387,-0.001226278,0.14448379,0.04781613,0.34869325,0.23186249,-0.005173821,-0.23570761,0.5260512,0.36823153,0.13933367,-0.44961476,-0.04677797
2024-06-21 14:00:00,-0.14494546,-0.40098104,-0.20359254,-0.31987143,-0.20642726,0.21010484,-0.16034874,0.15007785,-0.52742285,0.34333566,-0.3289572,0.24376312,0.20950077,-0.0072697923,-0.014548127,-0.42081463,-0.20899573,0.23777631,0.38514584,0.11734788,-0.0013077781,0.14376809,0.04857334,0.34701264,0.22987525,-0.0047474466,-0.2342783,0.52337855,0.36694986,0.1392335,-0.4468552,-0.046636954
2024-06-21 15:00:00,-0.14364778,-0.39851713,-0.20195532,-0.317366,-0.2043011,0.20922151,-0.15877092,0.14723766,-0.52459866,0.34145474,-0.327491,0.24236435,0.20800985,-0.0069356784,-0.014789019,-0.4185416,-0.2067636,0.23637563,0.38230765,0.11832311,-0.0010187645,0.14345126,0.048098717,0.34441513,0.2281265,-0.004158113,-0.2325648,0.520151,0.36508206,0.13986915,-0.44418043,-0.045181215
2024-06-21 16:00:00,-0.14241403,-0.39532495,-0.19957763,-0.31570196,-0.20303272,0.20784667,-0.15826732,0.14592615,-0.52208805,0.33976126,-0.32078916,0.2405608,0.20496777,-0.006501533,-0.01307014,-0.41386592,-0.206065,0.23599161,0.37896377,0.117594056,0.00058768503,0.144032,0.0448511,0.34089482,0.2267226,-0.0053820275,-0.23229806,0.5170413,0.36308333,0.13908026,-0.44358683,-0.044266067
2024-06-21 17:00:00,-0.1407022,-0.38974744,-0.1971423,-0.31469417,-0.20148654,0.20899338,-0.15785691,0.14529786,-0.51773775,0.33890435,-0.3132772,0.2380862,0.20126212,-0.005245827,-0.011321809,-0.40945113,-0.20651433,0.23586231,0.37487483,0.11513424,0.0021048002,0.14572228,0.041632343,0.3388649,0.22648808,-0.0066472925,-0.23236729,0.5136281,0.35960278,0.1367372,-0.44316947,-0.04403124
2024-06-21 18:00:00,-0.1394961,-0.38883263,-0.19534454,-0.31455088,-0.20110665,0.20802951,-0.15950811,0.1439389,-0.5166429,0.33855823,-0.31057242,0.23751888,0.19968082,-0.005477689,-0.009994838,-0.4071375,-0.20777085,0.23472226,0.37392628,0.11375999,0.0020432752,0.14563324,0.03892986,0.33787322,0.22585943,-0.0074002333,-0.23181893,0.513015,0.35830933,0.13635647,-0.4432485,-0.042681314
2024-06-21 19:00:00,-0.13756344,-0.38742346,-0.19355646,-0.3139577,-0.19946747,0.20792462,-0.16034268,0.14201409,-0.5149211,0.33845687,-0.30899158,0.23675448,0.19837326,-0.0055836216,-0.008762151,-0.4054708,-0.2081298,0.23321688,0.37240094,0.1125455,0.0021393355,0.14594175,0.037582044,0.3373781,0.22544494,-0.0071742944,-0.23107368,0.511648,0.3561799,0.1363202,-0.44254726,-0.040408544
2024-06-24 13:00:00,-0.13749862,-0.39106613,-0.19492838,-0.31528604,-0.19949017,0.2082839,-0.16157803,0.14148924,-0.5172126,0.340023,-0.31563023,0.23799199,0.20115991,-0.0067069307,-0.0094299875,-0.40934354,-0.20875418,0.2323329,0.3752151,0.11326117,0.00041627698,0.1458105,0.04026043,0.34014732,0.22639313,-0.0057694204,-0.2304098,0.5143254,0.35742736,0.13817509,-0.44251704,-0.03889803
2024-06-24 14:00:00,-0.13947925,-0.3880508,-0.19485965,-0.31209385,-0.1995648,0.20206618,-0.15993747,0.14333877,-0.51427346,0.33425957,-0.31374928,0.23542866,0.1989721,-0.00570412,-0.011978868,-0.4051472,-0.20477548,0.23067637,0.37337995,0.114385694,-0.00040132366,0.14319369,0.041132603,0.33784038,0.22247799,-0.0056652464,-0.22960275,0.5123406,0.35802692,0.1350554,-0.43841296,-0.041495614
2024-06-24 15:00:00,-0.13864264,-0.3849498,-0.19337085,-0.3090011,-0.19825669,0.1999668,-0.15773995,0.1424692,-0.510919,0.3312106,-0.30964231,0.23449084,0.19704552,-0.0047161356,-0.012672778,-0.40128613,-0.2017538,0.23077765,0.3697965,0.114662655,0.00016857497,0.14163066,0.039699975,0.3345168,0.22009113,-0.0051550083,-0.2291599,0.50888836,0.35719684,0.13403809,-0.43594405,-0.041975513
2024-06-24 16:00:00,-0.13582289,-0.38060257,-0.19007939,-0.3076309,-0.19608174,0.20137325,-0.15709817,0.1400097,-0.5073603,0.3310132,-0.302164,0.2333175,0.19384678,-0.0037478432,-0.010328267,-0.39683712,-0.20162672,0.2306906,0.36531073,0.11267436,0.0022484642,0.14287606,0.036172505,0.3316899,0.21980776,-0.0058905967,-0.22871575,0.5043777,0.3533711,0.13336626,-0.4359597,-0.040252507
2024-06-24 17:00:00,-0.13573527,-0.37426412,-0.18854782,-0.3054526,-0.19473727,0.19974697,-0.15636241,0.13994494,-0.5016762,0.3272052,-0.29933456,0.22996596,0.19077201,-0.0019558147,-0.0117953755,-0.39302927,-0.20008755,0.22821312,0.36179066,0.11161957,0.0016446225,0.14234039,0.03620283,0.33048195,0.21773583,-0.0059139393,-0.22705726,0.50108194,0.3501101,0.12996355,-0.4322638,-0.04157476
2024-06-24 18:00:00,-0.13544849,-0.37354076,-0.18760994,-0.3059489,-0.19501649,0.20125991,-0.15756711,0.13953069,-0.5018147,0.32854345,-0.2982192,0.22999203,0.18981342,-0.0021333024,-0.010704249,-0.39303422,-0.20200402,0.22765538,0.36209965,0.110474706,0.0024690013,0.14262222,0.034801748,0.33108273,0.21883371,-0.0062573515,-0.22659439,0.5011027,0.34872648,0.13016194,-0.4333995,-0.040812857
2024-06-24 19:00:00,-0.13558558,-0.37697455,-0.18776622,-0.30817902,-0.1962022,0.20194188,-0.16004638,0.13962021,-0.50529206,0.33106846,-0.2997457,0.2316241,0.19082113,-0.0034800246,-0.009105869,-0.39489812,-0.20458472,0.22778273,0.3648371,0.1097931,0.0022837725,0.14286405,0.03418942,0.33258712,0.22017102,-0.00672001,-0.22705172,0.5037185,0.34948713,0.13170806,-0.43625742,-0.039452516
2024-06-25 13:00:00,-0.13569538,-0.375305,-0.187965,-0.30647898,-0.19479217,0.20052737,-0.1590198,0.13883573,-0.5027919,0.32876098,-0.30355126,0.23026341,0.19086587,-0.003088899,-0.011505358,-0.39526945,-0.20219815,0.22555974,0.36410642,0.11065157,0.00060267,0.14158027,0.037164245,0.33303693,0.21869984,-0.0048606806,-0.22520044,0.5026933,0.34843948,0.13142404,-0.43251675,-0.03929632
2024-06-25 14:00:00,-0.13575144,-0.37827247,-0.18853682,-0.307352,-0.19520013,0.20137335,-0.15958437,0.13827324,-0.50552577,0.33067486,-0.306086,0.23160821,0.19253524,-0.0041373745,-0.010844801,-0.39744765,-0.20276329,0.22584634,0.3659144,0.11137535,0.0009259749,0.14169857,0.037970494,0.3338101,0.22001596,-0.0041867755,-0.2249675,0.50410384,0.3494845,0.13382858,-0.4337454,-0.037844874
2024-06-25 15:00:00,-0.13382545,-0.37534708,-0.18608093,-0.30506176,-0.19277944,0.19996479,-0.15863338,0.13567054,-0.50238734,0.3287144,-0.30237144,0.22987992,0.19044773,-0.0038554147,-0.009812236,-0.39359564,-0.20066968,0.22443596,0.362122,0.11106785,0.0016907193,0.14184648,0.03676195,0.3307048,0.21858604,-0.0036099963,-0.22336039,0.5003271,0.34683016,0.13425456,-0.4316726,-0.035498023
2024-06-25 16:00:00,-0.13243143,-0.37388736,-0.18494967,-0.30447465,-0.19132762,0.20004344,-0.15843788,0.13429117,-0.5005579,0.32831332,-0.30074608,0.22882333,0.18975227,-0.0037233457,-0.008900598,-0.3920337,-0.20009422,0.223748,0.36007762,0.11044514,0.001981957,0.14276487,0.036303725,0.3295759,0.21858713,-0.0031973757,-0.22259001,0.49866438,0.34518814,0.13464364,-0.43091547,-0.033811696
2024-06-25 17:00:00,-0.13200568,-0.37412474,-0.18474719,-0.3046282,-0.19104595,0.199542,-0.158876,0.13398439,-0.50039095,0.32825765,-0.300546,0.22849314,0.18986936,-0.0039468035,-0.008355934,-0.39157468,-0.20019105,0.22344203,0.35971904,0.110146664,0.001881307,0.14326051,0.03610411,0.32934132,0.21881162,-0.0030987896,-0.22234553,0.49873498,0.34504694,0.1349693,-0.4308843,-0.03292065
2024-06-25 18:00:00,-0.13221657,-0.37658793,-0.18504378,-0.3063128,-0.19228463,0.199047,-0.16014425,0.13519534,-0.5027569,0.32947877,-0.29888564,0.22947928,0.1902854,-0.004627645,-0.006796565,-0.39137435,-0.20177639,0.22479329,0.360884,0.10937685,0.0022527762,0.14391768,0.034600463,0.32943773,0.21964283,-0.004182093,-0.22376803,0.50050735,0.34650016,0.13515356,-0.4334877,-0.032772146
2024-06-25 19:00:00,-0.13140287,-0.37585723,-0.18458426,-0.30559403,-0.19146968,0.1977812,-0.15988518,0.13482767,-0.5013148,0.32827932,-0.29776222,0.2291089,0.19000818,-0.0043518916,-0.006831128,-0.38974047,-0.20087239,0.22469252,0.35948747,0.10897167,0.0017908085,0.14366245,0.03408767,0.3285321,0.21865134,-0.003889002,-0.22387485,0.4996631,0.34633094,0.13440686,-0.43247622,-0.032523982
2024-06-26 13:00:00,-0.13099922,-0.37698928,-0.18535924,-0.306356,-0.19133727,0.19903062,-0.16010328,0.13484997,-0.50192976,0.3294253,-0.299799,0.22982627,0.19147412,-0.0044114217,-0.006883405,-0.39143467,-0.20128965,0.22503442,0.3602305,0.10895733,0.0015983265,0.14428633,0.035027992,0.32986608,0.21960437,-0.003364496,-0.22425443,0.50054157,0.3467661,0.13480061,-0.43282777,-0.03220033
2024-06-26 14:00:00,-0.13144124,-0.37623024,-0.18570268,-0.30574286,-0.19125746,0.19824389,-0.15973455,0.1352686,-0.5011271,0.32832733,-0.3007102,0.22923908,0.19156325,-0.004033692,-0.00788708,-0.3913591,-0.2004737,0.22446325,0.36004263,0.109352775,0.0013215914,0.1440103,0.0360517,0.33012483,0.21918917,-0.003040418,-0.22380003,0.5002812,0.34677377,0.13413207,-0.43158144,-0.032825477
2024-06-26 15:00:00,-0.13136199,-0.3739664,-0.18474808,-0.30419314,-0.19076101,0.19702181,-0.15894295,0.13509247,-0.49921307,0.32655492,-0.29832703,0.22814864,0.19004554,-0.003448747,-0.008232266,-0.38906884,-0.1993258,0.22395602,0.35826534,0.109301604,0.0017875098,0.1434747,0.035337996,0.32867503,0.21813232,-0.0031196699,-0.22316283,0.4984209,0.34581634,0.13321792,-0.43026096,-0.03318418
2024-06-26 16:00:00,-0.13155732,-0.37274843,-0.18363556,-0.30294836,-0.19089039,0.19424741,-0.15873441,0.13533339,-0.49809498,0.32434776,-0.2947502,0.22756913,0.1882548,-0.003149882,-0.008203808,-0.3858317,-0.1984061,0.22386593,0.35679454,0.10908923,0.0018456876,0.1422819,0.033474725,0.32656986,0.21619347,-0.0038788505,-0.22319251,0.49711436,0.34573433,0.13195026,-0.42966557,-0.033945955
2024-06-26 17:00:00,-0.13037825,-0.368362,-0.18200919,-0.3002333,-0.18880917,0.19326708,-0.15706515,0.13386011,-0.49361098,0.32154217,-0.29234895,0.22583571,0.18619421,-0.0019184276,-0.009168092,-0.38269633,-0.1960735,0.22259709,0.3532195,0.10884079,0.0017140247,0.14142293,0.033025194,0.32460633,0.21406959,-0.0031927861,-0.22213097,0.49351138,0.3433575,0.13032043,-0.42643195,-0.03403572
2024-06-26 18:00:00,-0.12913905,-0.36803913,-0.18059558,-0.30104536,-0.18856902,0.19508216,-0.15805715,0.13281408,-0.49393508,0.3233484,-0.28932232,0.22606423,0.18513273,-0.002034627,-0.0069983006,-0.38186592,-0.19789809,0.22262834,0.35272962,0.107427426,0.0030383691,0.1426599,0.03091557,0.32444882,0.21523753,-0.004099153,-0.22212654,0.49271667,0.34177065,0.13069452,-0.42841697,-0.032543197
2024-06-26 19:00:00,-0.1287477,-0.36902344,-0.180275,-0.30330765,-0.18923603,0.19681868,-0.16002883,0.13325897,-0.49541408,0.32569513,-0.28811544,0.2263892,0.1849598,-0.0025068447,-0.004946679,-0.38237315,-0.20071185,0.22277877,0.35384768,0.10564732,0.003376197,0.14414565,0.029730465,0.3257179,0.21693805,-0.005108308,-0.22270076,0.49400887,0.34119752,0.13074663,-0.43127632,-0.031552725
2024-06-27 13:00:00,-0.13004494,-0.3722863,-0.18190327,-0.304231,-0.19032817,0.19464234,-0.16152878,0.13429657,-0.49769908,0.3254876,-0.29256842,0.22739518,0.18693225,-0.0034390762,-0.0060038753,-0.38438272,-0.20100522,0.2223717,0.35673338,0.10637171,0.0014119204,0.14276248,0.031236779,0.327336,0.21646515,-0.004526809,-0.22284445,0.49711472,0.34358054,0.13103345,-0.43114543,-0.031949542
2024-06-27 14:00:00,-0.13031252,-0.3685599,-0.182031,-0.30144614,-0.18868934,0.19365777,-0.1591193,0.13415402,-0.49388483,0.32245794,-0.29406893,0.22557,0.18625095,-0.0021396056,-0.008764185,-0.38359672,-0.19770268,0.22094856,0.35464215,0.10737258,0.00087997504,0.14154883,0.033770468,0.3269266,0.21477462,-0.0028123446,-0.22153229,0.494663,0.3422923,0.12957868,-0.4267508,-0.033053853
2024-06-27 15:00:00,-0.13048413,-0.3621356,-0.18031421,-0.29781598,-0.18738516,0.19238392,-0.1567487,0.13372612,-0.48870003,0.31867227,-0.29067647,0.2225979,0.18306167,-0.0003469512,-0.010549169,-0.3797828,-0.19478205,0.21922694,0.35068512,0.10758622,0.0017240718,0.14049985,0.033854585,0.32455125,0.21283954,-0.0022636466,-0.21948613,0.49009874,0.33935368,0.12747774,-0.42281455,-0.034424923
2024-06-27 16:00:00,-0.13066587,-0.36188784,-0.1793507,-0.2968015,-0.18753366,0.1913012,-0.15673484,0.13271084,-0.4885679,0.3178353,-0.2900289,0.22273304,0.18223743,-0.0005919561,-0.010615803,-0.37879705,-0.19424918,0.21870126,0.35026115,0.10807755,0.0018298235,0.13923079,0.03296512,0.323193,0.21189359,-0.0022605509,-0.21858482,0.48923618,0.3390468,0.12826043,-0.42239344,-0.034220003
2024-06-27 17:00:00,-0.12961566,-0.3634153,-0.17830122,-0.29828858,-0.1876237,0.1929955,-0.1577677,0.13176116,-0.49052924,0.32029048,-0.28754902,0.22391076,0.18183728,-0.0013671964,-0.007960912,-0.3786614,-0.19613242,0.21963516,0.35054886,0.107026175,0.0029545166,0.14035039,0.030856472,0.3228134,0.2131058,-0.0032485127,-0.21933053,0.48941895,0.33847085,0.12965113,-0.42540652,-0.032480717
2024-06-27 18:00:00,-0.13108094,-0.36526746,-0.18035105,-0.30245233,-0.19000499,0.19647197,-0.15932792,0.13525349,-0.49356604,0.3238257,-0.28851458,0.22485788,0.18318336,-0.0016183183,-0.0069983825,-0.38189155,-0.19979051,0.22161596,0.35375553,0.10543593,0.0029197931,0.14241242,0.03150591,0.3262083,0.21615103,-0.0045131333,-0.22176056,0.49315235,0.33976483,0.12869197,-0.42951292,-0.03427966
2024-06-27 19:00:00,-0.13175756,-0.36979085,-0.18132803,-0.30535305,-0.1921845,0.19729036,-0.16187963,0.13632506,-0.49791777,0.32683313,-0.28975406,0.227122,0.18472768,-0.0029698089,-0.005500417,-0.3842519,-0.20296481,0.22283864,0.35728192,0.104739115,0.0027595907,0.14267191,0.030398201,0.32805094,0.21787047,-0.005427297,-0.22311366,0.4969105,0.34186524,0.12990952,-0.43331602,-0.033902913
2024-06-28 13:00:00,-0.13271117,-0.37712196,-0.18435913,-0.3090515,-0.19416012,0.1987499,-0.16405946,0.13768125,-0.50411487,0.3307859,-0.29655236,0.23078254,0.18935603,-0.004741825,-0.005120009,-0.39015973,-0.20537844,0.22468865,0.36277515,0.10545287,0.0013551787,0.14291452,0.032368887,0.33178073,0.22005662,-0.0050191544,-0.22515017,0.50261587,0.34585,0.13227332,-0.43671268,-0.033599444
2024-06-28 14:00:00,-0.13674778,-0.377458,-0.1886982,-0.30922914,-0.19614772,0.19707851,-0.16214755,0.14247909,-0.504482,0.3284507,-0.30279833,0.23050922,0.19155474,-0.0035526752,-0.010094877,-0.39349848,-0.20311624,0.22556451,0.36576587,0.10768423,-0.00082920305,0.14124592,0.037841897,0.33460224,0.21913773,-0.004204128,-0.226239,0.5052925,0.34929878,0.12937382,-0.43421847,-0.039167695
2024-06-28 15:00:00,-0.1382153,-0.37033945,-0.18846616,-0.3039971,-0.19533707,0.19501448,-0.15761507,0.14312235,-0.49838084,0.3228875,-0.30126387,0.22768602,0.18892467,-0.00079671293,-0.014738243,-0.39050007,-0.19798654,0.22458962,0.36188477,0.10976888,-0.000716595,0.13834897,0.03954636,0.3320986,0.21598908,-0.002902463,-0.22436813,0.5005999,0.34798968,0.1262653,-0.42824394,-0.04334759
2024-06-28 16:00:00,-0.13823864,-0.36370304,-0.18575656,-0.29932815,-0.19416659,0.19322519,-0.15479746,0.14148426,-0.49316567,0.31856665,-0.29601094,0.22546673,0.18480976,0.000996694,-0.016282272,-0.38553113,-0.19467065,0.2232666,0.35721028,0.110594854,0.00045075454,0.13609764,0.037726354,0.3279074,0.2128003,-0.0029780343,-0.22237983,0.49497116,0.34506708,0.12459903,-0.4244824,-0.04509888
2024-06-28 17:00:00,-0.13825247,-0.36276644,-0.18475494,-0.29817498,-0.19385995,0.19333375,-0.15419391,0.13987297,-0.49244404,0.31787163,-0.29593527,0.2256737,0.18388383,0.0010490194,-0.016758379,-0.38514566,-0.1940797,0.22261553,0.3565302,0.11139004,0.000465516,0.13502043,0.037147325,0.3267362,0.21160705,-0.0031194016,-0.2216714,0.49361575,0.3440428,0.12528056,-0.42373583,-0.04521987
2024-06-28 18:00:00,-0.13861445,-0.3666366,-0.18591338,-0.30123633,-0.19520737,0.19702652,-0.15556379,0.14008904,-0.4968385,0.32214335,-0.2984958,0.22805215,0.18583298,-0.00015286356,-0.015287887,-0.38932788,-0.19717333,0.22407584,0.3598917,0.11141915,0.0009869877,0.13645339,0.037292358,0.32906538,0.21417798,-0.003902346,-0.22312939,0.49671873,0.3451467,0.1274755,-0.4276088,-0.044590823
2024-06-28 19:00:00,-0.13777155,-0.36936873,-0.18614593,-0.30181843,-0.19438903,0.19810283,-0.1559963,0.13774902,-0.4983329,0.32372737,-0.30300438,0.22896671,0.18751703,-0.001325041,-0.015169468,-0.39204872,-0.19748807,0.22311357,0.36120588,0.11245614,9.809993e-05,0.13679956,0.038633134,0.33002985,0.21464288,-0.0029969588,-0.22217458,0.49774837,0.34521744,0.13029343,-0.42752856,-0.04209461
2024-07-01 13:00:00,-0.1388286,-0.36962533,-0.18727827,-0.2998802,-0.19354357,0.19490165,-0.15412451,0.13680455,-0.49718362,0.32078883,-0.30815133,0.22770023,0.18822555,-0.001449436,-0.018266097,-0.39272588,-0.19402972,0.22116217,0.3613202,0.11508976,-0.0020878408,0.13519281,0.042195756,0.3297785,0.21242312,-0.0015823469,-0.22023718,0.49729154,0.34625232,0.13065109,-0.4233861,-0.042304255
2024-07-01 14:00:00,-0.14050128,-0.36659497,-0.18807912,-0.29636294,-0.19335805,0.19112149,-0.15062353,0.1378676,-0.4941125,0.31606278,-0.30743223,0.22535905,0.18702392,-5.891174e-05,-0.0214291,-0.39022952,-0.18941402,0.2207962,0.3591624,0.11741859,-0.0025029872,0.1332738,0.043910686,0.32716763,0.20938322,-0.00094921514,-0.21952623,0.4949445,0.34741467,0.12872398,-0.41916895,-0.045153014
2024-07-01 15:00:00,-0.13997737,-0.36445373,-0.18723524,-0.29506624,-0.19326665,0.19190243,-0.14887427,0.13790947,-0.49297196,0.31560305,-0.30206162,0.2251378,0.18563809,0.0007883832,-0.020619668,-0.3879878,-0.18872124,0.22270173,0.3567717,0.117395364,-0.00048817508,0.13359807,0.041510697,0.32449096,0.20916465,-0.0017855987,-0.22041133,0.492885,0.34721297,0.12828851,-0.41967964,-0.04616081
2024-07-01 16:00:00,-0.13788706,-0.36081797,-0.18372703,-0.29254556,-0.19154333,0.18953955,-0.14831805,0.13542205,-0.48941794,0.31287315,-0.29405296,0.22386295,0.18209071,0.0014207289,-0.018836405,-0.38176888,-0.18757153,0.22222978,0.35209888,0.11643758,0.0006739013,0.1332333,0.03681342,0.31972578,0.20640253,-0.0032252893,-0.22003064,0.48863003,0.34483463,0.12719312,-0.41856536,-0.045222588
2024-07-01 17:00:00,-0.13421297,-0.3569969,-0.17979786,-0.2914533,-0.18869354,0.19014889,-0.1487366,0.13208944,-0.48582408,0.31262574,-0.2863329,0.22258744,0.17865236,0.0018868968,-0.015630942,-0.37668765,-0.18832752,0.2214127,0.3475688,0.113898225,0.0021844208,0.13474897,0.032124292,0.31686187,0.20552224,-0.0044314675,-0.21977343,0.4845969,0.34077364,0.12636988,-0.41859958,-0.04227931
2024-07-01 18:00:00,-0.13185549,-0.35481626,-0.17722473,-0.29201168,-0.18728398,0.19047438,-0.15067856,0.1306701,-0.48388132,0.3131003,-0.28117806,0.22129685,0.17625512,0.001964204,-0.01280329,-0.37334836,-0.1905028,0.22015244,0.3454501,0.11104683,0.0028344113,0.1364797,0.028750803,0.31620675,0.2056388,-0.0057866015,-0.21961771,0.48310646,0.33784983,0.12507889,-0.41954857,-0.039877653
2024-07-01 19:00:00,-0.13054664,-0.35364228,-0.17584202,-0.292737,-0.1865754,0.19044143,-0.1527158,0.13038212,-0.48273414,0.31353214,-0.278876,0.22026137,0.1749262,0.0018611327,-0.011155214,-0.37161225,-0.19247031,0.21877594,0.34477574,0.10870504,0.00282266,0.13749847,0.026969891,0.31674665,0.20601757,-0.006335195,-0.2193858,0.4829953,0.33602783,0.123908736,-0.42012632,-0.03813573
2024-07-02 13:00:00,-0.13026245,-0.35591018,-0.17582396,-0.2926545,-0.18631591,0.18751687,-0.15458909,0.12987459,-0.4835744,0.31281313,-0.2811971,0.22068936,0.17580031,0.00090707093,-0.011224803,-0.37149495,-0.19247833,0.21732289,0.34592903,0.10865549,0.0013713539,0.1362984,0.02711841,0.31724662,0.2050443,-0.0055642985,-0.21881452,0.48441017,0.33690298,0.12430304,-0.41931707,-0.036527134
2024-07-02 14:00:00,-0.13077107,-0.35804752,-0.17697331,-0.29218686,-0.18614955,0.18483084,-0.1545791,0.13051835,-0.48434573,0.311591,-0.2841534,0.22137965,0.17741495,0.00052223355,-0.012402963,-0.3720731,-0.19078392,0.21713734,0.34694684,0.10962158,7.883459e-05,0.1349538,0.028819006,0.3177386,0.20389663,-0.0043642744,-0.21907614,0.48550534,0.33878723,0.12428303,-0.41791433,-0.036561124
2024-07-02 15:00:00,-0.12872662,-0.3570231,-0.17537123,-0.29064447,-0.18413039,0.1844067,-0.15369059,0.12851688,-0.48263568,0.31092614,-0.28161144,0.22116476,0.17679892,0.00085846335,-0.011499468,-0.36981416,-0.18911803,0.21685061,0.34423363,0.109360225,0.0010092854,0.1352073,0.028030526,0.31584555,0.2032767,-0.0035821013,-0.21843866,0.48276,0.33736002,0.12497773,-0.4168829,-0.034464516
2024-07-02 16:00:00,-0.1270127,-0.35280818,-0.17331955,-0.28842968,-0.18172137,0.183362,-0.15258382,0.12687585,-0.4781492,0.30849758,-0.27808756,0.21889612,0.17480825,0.0020165816,-0.011299748,-0.366014,-0.18707696,0.21531099,0.34005678,0.10856055,0.0014540423,0.13567609,0.0274521,0.31365663,0.20199826,-0.0030399337,-0.21693243,0.4787833,0.33442438,0.123886995,-0.41425708,-0.033255957
2024-07-02 17:00:00,-0.12633461,-0.35265064,-0.17249024,-0.2885369,-0.18140195,0.18293118,-0.1532643,0.12641257,-0.47773832,0.30851695,-0.2763536,0.21857812,0.17431636,0.0019624159,-0.010258067,-0.36476386,-0.18753758,0.21500644,0.33925045,0.10780037,0.001796376,0.13619953,0.02633414,0.31310242,0.20223351,-0.0032924563,-0.21659115,0.47827822,0.33374572,0.12402008,-0.41471544,-0.03220646
2024-07-02 18:00:00,-0.12644286,-0.35524642,-0.1730321,-0.29049462,-0.182407,0.18328418,-0.1547368,0.12739593,-0.4800614,0.31024382,-0.27628765,0.21969685,0.17523244,0.0013104454,-0.008951403,-0.3656537,-0.18935564,0.21604861,0.34083593,0.107020654,0.0017809309,0.13694866,0.025629725,0.31410858,0.20342305,-0.0039356686,-0.21772985,0.48030198,0.33490205,0.1244429,-0.4172191,-0.03184537
2024-07-02 19:00:00,-0.1260004,-0.3607134,-0.17516166,-0.29376435,-0.18313573,0.18667676,-0.15654473,0.12742817,-0.48447016,0.31478548,-0.2822731,0.22247915,0.17937787,-6.958097e-05,-0.007949144,-0.37123424,-0.19183072,0.21731547,0.34468317,0.107155435,0.0012304541,0.13845654,0.02750377,0.31766883,0.20660369,-0.0030554123,-0.2188587,0.48434478,0.33698836,0.12724105,-0.42019928,-0.030233942
2024-07-03 13:00:00,-0.12677675,-0.36740753,-0.17820817,-0.2968045,-0.1844228,0.18811125,-0.15821078,0.1281215,-0.48994717,0.3183207,-0.29012296,0.2252798,0.18423553,-0.001796551,-0.007871769,-0.37735665,-0.19335827,0.21833189,0.3495618,0.10860512,0.00016519986,0.13932149,0.030661564,0.32135206,0.2092637,-0.0020633303,-0.21965516,0.489227,0.34045705,0.13023052,-0.42242602,-0.029197589
2024-07-03 14:00:00,-0.12776004,-0.37150815,-0.18091536,-0.29877138,-0.1853797,0.1896334,-0.1582114,0.12949842,-0.49339062,0.3205513,-0.29521033,0.22683832,0.18773429,-0.002638042,-0.008300897,-0.38176,-0.19371,0.21985912,0.3526131,0.10992744,-9.185076e-05,0.14034419,0.033555496,0.32376772,0.21143678,-0.0012873635,-0.22063231,0.4923554,0.34317803,0.13210043,-0.42381978,-0.029275902
2024-07-03 15:00:00,-0.12795089,-0.37231445,-0.18167838,-0.29906738,-0.18562566,0.19023508,-0.1575002,0.13009256,-0.49404162,0.32100043,-0.29537636,0.22697532,0.18866216,-0.0026752427,-0.008289088,-0.3824777,-0.19335854,0.22098924,0.3526997,0.11049655,0.0005275365,0.1411834,0.03417098,0.32366025,0.21238872,-0.0011823326,-0.22103599,0.49264926,0.34406623,0.13287082,-0.4243347,-0.029445164
2024-07-05 13:00:00,-0.12797406,-0.37328523,-0.18223938,-0.29918915,-0.18579052,0.19018799,-0.1570901,0.13016793,-0.4945712,0.32110512,-0.2960047,0.22733493,0.18959446,-0.0028414205,-0.008427363,-0.3830285,-0.19300857,0.22181898,0.3527758,0.11114431,0.0005215239,0.14144418,0.03443886,0.32336998,0.21271911,-0.001057744,-0.22130486,0.4930396,0.34508726,0.13356316,-0.42451334,-0.029604957
2024-07-05 14:00:00,-0.12835039,-0.3728251,-0.18279833,-0.2984749,-0.1857187,0.18943352,-0.15604094,0.13054353,-0.49384785,0.3199486,-0.2964784,0.22699282,0.1898679,-0.0025104657,-0.009453069,-0.38292307,-0.1918365,0.22214964,0.3522917,0.11195328,0.0002701152,0.14118409,0.035077456,0.32294667,0.21212576,-0.00090322644,-0.22144696,0.49276787,0.34575832,0.13309002,-0.4234217,-0.030624993
2024-07-05 15:00:00,-0.12819564,-0.37207377,-0.18262696,-0.29816872,-0.18576337,0.18989542,-0.15536757,0.13070986,-0.4934096,0.31985596,-0.29478833,0.22682035,0.18942368,-0.0021558776,-0.009363346,-0.3823142,-0.19179186,0.22286998,0.3515556,0.111985885,0.0010147076,0.14155594,0.034327168,0.32231092,0.21225172,-0.0014149025,-0.22186786,0.4921446,0.34570402,0.1327561,-0.42366326,-0.031169653
2024-07-05 16:00:00,-0.12789099,-0.37358186,-0.18278512,-0.30055583,-0.18690558,0.19289087,-0.15648359,0.13144165,-0.4956637,0.32298717,-0.29317445,0.22790506,0.18976933,-0.0025162399,-0.0074600577,-0.38359392,-0.19476771,0.22461334,0.35287058,0.110775225,0.002196772,0.14339957,0.032780167,0.32342365,0.2145998,-0.0028430447,-0.22331874,0.49360257,0.34597573,0.13321258,-0.42732227,-0.031049438
2024-07-05 17:00:00,-0.12834196,-0.3773709,-0.18427554,-0.30506182,-0.18920659,0.19712284,-0.15903522,0.1333617,-0.5001664,0.32805705,-0.2944285,0.22989371,0.19166557,-0.003489159,-0.0053140186,-0.3875643,-0.19961411,0.2266593,0.35677248,0.109186,0.0027288403,0.14579354,0.032234225,0.32689017,0.2184047,-0.0043093525,-0.22545016,0.49777716,0.34736735,0.13403174,-0.43268305,-0.031072766
2024-07-05 18:00:00,-0.12882227,-0.3822087,-0.18611813,-0.30974025,-0.19148256,0.20136286,-0.16204862,0.13503891,-0.5053878,0.33356974,-0.29767653,0.23223487,0.19433191,-0.0048387423,-0.0032751337,-0.39266056,-0.20455724,0.22823723,0.36152673,0.10786433,0.002931511,0.14801437,0.03247885,0.33108494,0.22252518,-0.005161334,-0.22722846,0.5027006,0.3490216,0.13563181,-0.43792823,-0.030413426
2024-07-05 19:00:00,-0.12898067,-0.38567436,-0.18734759,-0.3120494,-0.19235827,0.20304881,-0.16410092,0.13537881,-0.5085659,0.33641636,-0.30195266,0.23356313,0.1965666,-0.005984701,-0.0025424436,-0.39634794,-0.2068474,0.22816104,0.36466998,0.10761564,0.0023613367,0.1488352,0.03377175,0.33391726,0.22467214,-0.004752245,-0.22737633,0.5058775,0.35006863,0.13732478,-0.43994355,-0.029138312
2024-07-08 13:00:00,-0.12927951,-0.38927963,-0.18892762,-0.31338757,-0.19266723,0.2039501,-0.16511051,0.1352728,-0.5114392,0.3383684,-0.3079119,0.23488149,0.19939376,-0.0071500763,-0.0027893037,-0.40035993,-0.20745608,0.22790994,0.36750078,0.10850247,0.0014088843,0.14901698,0.03638513,0.3363828,0.22620752,-0.0034431852,-0.2269439,0.5085645,0.35153568,0.13960198,-0.4404648,-0.027820818
2024-07-08 14:00:00,-0.13025631,-0.39245534,-0.19088683,-0.31546545,-0.193774,0.20589933,-0.16560896,0.13669568,-0.5146384,0.3408533,-0.31159043,0.2360777,0.20185457,-0.007939465,-0.0025988407,-0.40408093,-0.20854631,0.22904056,0.3702842,0.1089886,0.001588203,0.15015475,0.0385898,0.33870715,0.22862765,-0.003023766,-0.22766533,0.5112684,0.35320088,0.14129998,-0.44236988,-0.027669527
2024-07-08 15:00:00,-0.1309228,-0.39605695,-0.19266215,-0.31944537,-0.19579999,0.2104975,-0.16691135,0.13879693,-0.51893306,0.34582266,-0.31261882,0.23788577,0.20407394,-0.008784413,-0.0005720742,-0.40808183,-0.21209478,0.23173216,0.37350738,0.108006105,0.002943894,0.15294945,0.03896751,0.34146,0.23306058,-0.0038016625,-0.2295862,0.51461375,0.35455883,0.14312336,-0.4473917,-0.027508803
2024-07-08 16:00:00,-0.13259822,-0.39867985,-0.19471484,-0.3238744,-0.19876407,0.21453032,-0.16872136,0.14230052,-0.52279925,0.35011032,-0.31351623,0.23914632,0.20568277,-0.009294368,0.0008686967,-0.41183978,-0.21635082,0.23410791,0.3771078,0.106376685,0.003619805,0.15538535,0.039303686,0.3448489,0.2371215,-0.0051619224,-0.23177473,0.5186708,0.35602987,0.14329869,-0.45242593,-0.028923444
2024-07-08 17:00:00,-0.13431184,-0.4069135,-0.19771576,-0.3317802,-0.20368911,0.22089475,-0.17306614,0.14625645,-0.53206617,0.3590725,-0.31568348,0.24358699,0.20933433,-0.011307649,0.004698042,-0.41886258,-0.22438717,0.23846957,0.38466197,0.10403204,0.00475117,0.1587942,0.038204875,0.35040212,0.24389029,-0.0075326376,-0.23573521,0.5265604,0.35957363,0.1456866,-0.46247327,-0.029162839
2024-07-08 18:00:00,-0.1370154,-0.4200404,-0.20301026,-0.3432749,-0.21050031,0.22905275,-0.17927982,0.15219063,-0.54585654,0.3714314,-0.32158512,0.25033012,0.2159424,-0.0141832605,0.009342682,-0.4300031,-0.23507416,0.24447733,0.3962993,0.10138523,0.0051506143,0.16325961,0.038399946,0.35910162,0.2528147,-0.010312628,-0.24182118,0.53884965,0.36574894,0.1490421,-0.4760446,-0.02968435
2024-07-08 19:00:00,-0.13868976,-0.4250685,-0.20568198,-0.34857094,-0.21373115,0.23219895,-0.18248399,0.15587759,-0.55140275,0.37623703,-0.32503298,0.25273934,0.21883105,-0.015182428,0.010827895,-0.434937,-0.23996618,0.2463953,0.40172237,0.09951937,0.004557371,0.16493605,0.039477628,0.3638819,0.25652924,-0.011192311,-0.2444878,0.5448686,0.36832735,0.14930572,-0.48144674,-0.030546226
2024-07-09 13:00:00,-0.14120246,-0.4344085,-0.21013528,-0.35322815,-0.21720348,0.233637,-0.1857041,0.1587286,-0.5599857,0.38086218,-0.3356492,0.25741342,0.22536667,-0.017284326,0.01012015,-0.44346696,-0.24339542,0.24837705,0.40987813,0.10054842,0.0024722833,0.16438067,0.043163214,0.36978763,0.25959632,-0.010152418,-0.24638133,0.5531179,0.37381044,0.1521245,-0.48546273,-0.03125129
2024-07-09 14:00:00,-0.1438157,-0.44191712,-0.2146194,-0.357674,-0.22013064,0.2371288,-0.1869027,0.16229698,-0.56748813,0.38581297,-0.3437779,0.26157776,0.23109306,-0.01844249,0.009756859,-0.45146203,-0.24601716,0.25160706,0.4166305,0.10169841,0.0021881908,0.16543001,0.047233235,0.37506098,0.2634629,-0.009695526,-0.2492338,0.5595422,0.37830964,0.15444602,-0.4897103,-0.032717794
2024-07-09 15:00:00,-0.1454122,-0.4455164,-0.21683404,-0.36035752,-0.22213794,0.239597,-0.18732494,0.1647394,-0.5714355,0.3888088,-0.3460759,0.26378444,0.23365463,-0.018814683,0.010064814,-0.45504856,-0.24770597,0.25412172,0.41981298,0.10197433,0.0028882548,0.16661602,0.048681457,0.37729353,0.26609114,-0.010050025,-0.25109026,0.5625153,0.3805101,0.15560806,-0.49288797,-0.03390246
2024-07-09 16:00:00,-0.14772168,-0.453655,-0.2204411,-0.3671558,-0.22650485,0.24487454,-0.18994702,0.16881835,-0.57998526,0.39631417,-0.34884393,0.26838288,0.23802327,-0.020125084,0.012569603,-0.46173882,-0.2535573,0.2591134,0.4265951,0.10111824,0.004032349,0.16960324,0.048789572,0.38176984,0.27176753,-0.012021657,-0.25539634,0.5695167,0.3848092,0.15801954,-0.5013258,-0.0351493
2024-07-09 17:00:00,-0.15274996,-0.46745813,-0.22859544,-0.3785895,-0.23391564,0.2539353,-0.19407618,0.17669177,-0.59431756,0.40815556,-0.3598891,0.27597484,0.24748729,-0.021987706,0.014137607,-0.4763465,-0.26305872,0.26657864,0.43982774,0.10063177,0.0039215814,0.17374712,0.052610632,0.39186597,0.2809678,-0.0139584355,-0.26250747,0.5833575,0.3932569,0.16136819,-0.51351017,-0.03867711
2024-07-09 18:00:00,-0.15406626,-0.47361672,-0.2315408,-0.38355565,-0.23680274,0.25912592,-0.19624256,0.17902032,-0.6006858,0.41454098,-0.36402363,0.27974364,0.25145805,-0.022952795,0.01571868,-0.4828369,-0.26787734,0.26988533,0.4454407,0.100148,0.0046474356,0.17605335,0.05321208,0.39623713,0.285728,-0.014730062,-0.2653972,0.5889147,0.39616078,0.16369738,-0.5195057,-0.039035745
2024-07-09 19:00:00,-0.15556994,-0.48109543,-0.2347039,-0.38932294,-0.24003397,0.2637894,-0.19925815,0.1815049,-0.6081717,0.4212548,-0.36900187,0.28366908,0.25591487,-0.024286456,0.017777812,-0.48980463,-0.2731441,0.27293417,0.4519065,0.09961851,0.0049646813,0.17858657,0.054150235,0.40104157,0.2905775,-0.01569214,-0.26840135,0.59538966,0.39952993,0.16648623,-0.52618206,-0.03894504
2024-07-10 13:00:00,-0.15724128,-0.4905153,-0.23887113,-0.39546007,-0.24320464,0.26863068,-0.20226644,0.18388426,-0.61688197,0.42846087,-0.37766692,0.28836367,0.2623734,-0.026029564,0.019150507,-0.49894416,-0.27819693,0.27609083,0.45963746,0.099906325,0.0044269953,0.18085171,0.056750957,0.4069057,0.29573548,-0.015567359,-0.27132398,0.6031717,0.4039954,0.17046273,-0.5326622,-0.038498126
2024-07-10 14:00:00,-0.15943001,-0.49825102,-0.24279153,-0.4001907,-0.24591617,0.27187786,-0.20414862,0.18652186,-0.6241336,0.4335905,-0.38560224,0.2919826,0.2679084,-0.027302213,0.0195896,-0.5066018,-0.2816099,0.27858075,0.46615684,0.10072023,0.00393234,0.18250474,0.05997805,0.4118278,0.29970315,-0.0153867565,-0.2736989,0.6096017,0.40810305,0.17345643,-0.53730106,-0.038817845
2024-07-10 15:00:00,-0.16082355,-0.5028091,-0.24494767,-0.4036321,-0.2478842,0.27465418,-0.20517889,0.18869588,-0.6286616,0.43760738,-0.3874956,0.29414037,0.27053714,-0.027908199,0.02109028,-0.5102972,-0.28431797,0.28112257,0.4697109,0.100537784,0.00498344,0.18468973,0.06066287,0.4141801,0.30301854,-0.016231995,-0.27599755,0.6131303,0.41040885,0.17520249,-0.5414569,-0.039026476
2024-07-10 16:00:00,-0.16308296,-0.5086437,-0.24765724,-0.4071861,-0.25066,0.2753091,-0.20674795,0.19136044,-0.6341245,0.44049516,-0.39136165,0.29682052,0.27405354,-0.028820477,0.02134623,-0.51431555,-0.28684384,0.28343558,0.47430158,0.10086228,0.0045386683,0.18516842,0.061741773,0.41670102,0.30514386,-0.016874608,-0.27822745,0.6180546,0.414344,0.17666161,-0.54517186,-0.04029482
2024-07-10 17:00:00,-0.16515182,-0.51527786,-0.25127673,-0.41178948,-0.25337946,0.2791452,-0.20773305,0.19439384,-0.64041334,0.4457224,-0.39610553,0.30061024,0.2787525,-0.029454112,0.022051435,-0.52050346,-0.29030985,0.2873483,0.47970152,0.10106808,0.004972538,0.18708289,0.06332737,0.42048377,0.30905706,-0.017489787,-0.28184682,0.6236554,0.41847506,0.17864633,-0.5502711,-0.041616
2024-07-10 18:00:00,-0.16623601,-0.52093416,-0.25415397,-0.41615802,-0.25557274,0.2837433,-0.208956,0.19637045,-0.6456526,0.4512582,-0.39986092,0.30394748,0.28282243,-0.02993314,0.023349043,-0.526158,-0.29398033,0.29076895,0.48423654,0.10089959,0.005806273,0.18968904,0.06424697,0.4239644,0.31320247,-0.01811057,-0.28485414,0.6281958,0.42141938,0.18087158,-0.55531126,-0.041987486
2024-07-10 19:00:00,-0.16723964,-0.5261467,-0.2565204,-0.41973388,-0.25746548,0.2866393,-0.21051392,0.19770208,-0.65034604,0.45540288,-0.404325,0.3066318,0.28652084,-0.030611701,0.024136659,-0.5311401,-0.29699898,0.2927951,0.48842973,0.10107463,0.0058330204,0.19132718,0.06538899,0.42709935,0.31621414,-0.018340852,-0.2867459,0.6323926,0.4240448,0.18301454,-0.5591432,-0.042005256
2024-07-11 13:00:00,-0.16964084,-0.52983004,-0.25869116,-0.4208758,-0.2591375,0.28498998,-0.21100709,0.19949493,-0.65386933,0.45522863,-0.40984392,0.30809158,0.28925616,-0.0312194,0.022331994,-0.5342367,-0.29729307,0.2929351,0.491935,0.10262494,0.004328916,0.18988702,0.067864284,0.4291672,0.3160639,-0.018052619,-0.28719652,0.63574046,0.4271545,0.18337491,-0.5595419,-0.043712236
2024-07-11 14:00:00,-0.17246273,-0.524087,-0.26015383,-0.41645336,-0.25826657,0.28236043,-0.20600647,0.20184922,-0.64913553,0.44858927,-0.41284347,0.30541578,0.28770608,-0.028755188,0.01595657,-0.5337975,-0.2921373,0.2913402,0.4899493,0.105114855,0.002686318,0.1866702,0.07331006,0.4289727,0.31242168,-0.016951796,-0.2854137,0.6332516,0.42681623,0.1790492,-0.55295813,-0.04866319
2024-07-11 15:00:00,-0.17553979,-0.51686305,-0.26105195,-0.4112867,-0.25889027,0.28094068,-0.20141321,0.20510364,-0.6445692,0.44322774,-0.41125548,0.30275413,0.28463417,-0.025593698,0.010549579,-0.53195184,-0.28836933,0.29095054,0.48739266,0.107426845,0.0031942353,0.18392462,0.07577501,0.4274885,0.3102143,-0.017284866,-0.28384954,0.6300592,0.42643094,0.17455634,-0.54815334,-0.05457621
2024-07-11 16:00:00,-0.17579931,-0.5149986,-0.26039067,-0.4084257,-0.25928015,0.28130043,-0.19997603,0.20428458,-0.64375454,0.44234222,-0.41005474,0.30322114,0.28339797,-0.025288105,0.00886618,-0.5314913,-0.2875199,0.2914836,0.4863991,0.10915932,0.0039930213,0.18176587,0.074012116,0.4254887,0.30950665,-0.017470095,-0.28263423,0.6282049,0.42639053,0.17498258,-0.54731804,-0.055871285
2024-07-11 17:00:00,-0.17600703,-0.5126416,-0.25914955,-0.40670532,-0.25933373,0.2801814,-0.19953986,0.20389459,-0.6428835,0.44095308,-0.40627217,0.30278096,0.28090918,-0.025173284,0.008804571,-0.5290581,-0.28689435,0.2913517,0.48487335,0.10973755,0.0046891216,0.18052414,0.07152432,0.42309228,0.307873,-0.018994506,-0.282664,0.62645864,0.42566413,0.17400965,-0.5470336,-0.05697397
2024-07-11 18:00:00,-0.17519805,-0.5119487,-0.2585482,-0.40700728,-0.2590769,0.2821558,-0.19974072,0.203154,-0.64276516,0.44240987,-0.40375084,0.30330005,0.2799566,-0.025323428,0.009994779,-0.5288274,-0.28803593,0.292321,0.48435116,0.109246485,0.005525006,0.18124466,0.06921652,0.42240828,0.30836007,-0.019987445,-0.28364265,0.6261262,0.42492273,0.17426857,-0.5483915,-0.056614958
2024-07-11 19:00:00,-0.17490327,-0.51379126,-0.25832194,-0.40833932,-0.25961506,0.2824656,-0.20130455,0.2024456,-0.6444873,0.44391114,-0.4037311,0.30426067,0.28026983,-0.026245378,0.01108719,-0.5293784,-0.2897114,0.29242268,0.4855821,0.1090336,0.0052911546,0.18138139,0.06752005,0.4225937,0.30859515,-0.020800475,-0.28432158,0.627473,0.42542422,0.17512578,-0.55008423,-0.05581581
2024-07-12 13:00:00,-0.17350377,-0.51347023,-0.25729942,-0.4068036,-0.25785434,0.280701,-0.20079789,0.19978598,-0.64302266,0.44216198,-0.40612024,0.30379322,0.28027344,-0.026940227,0.00988302,-0.5289333,-0.2878371,0.2904496,0.48453414,0.11009626,0.003421219,0.1797287,0.06802501,0.4219293,0.30634263,-0.019284215,-0.2827084,0.6262755,0.4246443,0.17561278,-0.54740566,-0.05436615
2024-07-12 14:00:00,-0.17517999,-0.51383084,-0.25686377,-0.4052238,-0.25835276,0.2741286,-0.20073074,0.20046979,-0.6433966,0.4380284,-0.40518746,0.30274168,0.27912387,-0.027603,0.008664247,-0.52558583,-0.28534257,0.28845412,0.4844327,0.11161314,0.0024461206,0.17675807,0.06755474,0.41981277,0.30247083,-0.01992866,-0.28233135,0.62587637,0.4263462,0.1738002,-0.545298,-0.055857465
2024-07-12 15:00:00,-0.17467359,-0.5128424,-0.25610626,-0.40275842,-0.2570129,0.27062055,-0.19867145,0.19989368,-0.6415789,0.43492478,-0.40250406,0.302294,0.27832037,-0.027492248,0.007654328,-0.5222368,-0.28196695,0.28866115,0.48201138,0.11265071,0.0023416132,0.17493862,0.06637652,0.41670722,0.29926637,-0.01964235,-0.2827701,0.6237342,0.42714292,0.17246392,-0.5429323,-0.05653695
2024-07-12 16:00:00,-0.17250362,-0.5069298,-0.25468034,-0.3995642,-0.2540794,0.27139127,-0.19537652,0.19849712,-0.63542706,0.43244198,-0.39731115,0.30026814,0.27574903,-0.025503926,0.0069428124,-0.518527,-0.2786961,0.28896737,0.47671902,0.112238795,0.0033714902,0.17578402,0.06567061,0.41408992,0.29742533,-0.019445475,-0.28282437,0.61882794,0.42452148,0.16995615,-0.5395462,-0.05696308
2024-07-12 17:00:00,-0.17288975,-0.5067838,-0.25421995,-0.39968467,-0.25503266,0.2698723,-0.19621584,0.19885018,-0.635409,0.43190315,-0.39430285,0.30012843,0.27487874,-0.0252859,0.0073674135,-0.516528,-0.2793346,0.28908858,0.47652924,0.11196707,0.0039559435,0.17580584,0.06343335,0.41299593,0.296761,-0.021116171,-0.28322458,0.6187309,0.4251569,0.16891038,-0.540108,-0.05786047
2024-07-12 18:00:00,-0.17160274,-0.50544006,-0.25331432,-0.39854056,-0.25376296,0.26963034,-0.195696,0.19739035,-0.6335214,0.43113068,-0.39312375,0.29986045,0.27419567,-0.025063768,0.0071815588,-0.5152323,-0.27858266,0.288848,0.47499037,0.111874446,0.00372966,0.17549397,0.062346864,0.4120574,0.2956696,-0.020955969,-0.28307718,0.61739576,0.42436108,0.16842757,-0.5389034,-0.05739809
2024-07-12 19:00:00,-0.16889495,-0.5030026,-0.25150084,-0.39726657,-0.25146526,0.27100232,-0.19527939,0.19453308,-0.6305308,0.43121403,-0.39127094,0.29894465,0.27284968,-0.024763577,0.008028042,-0.51381457,-0.27806452,0.2879254,0.47243142,0.11133666,0.0042817034,0.17642444,0.06118534,0.4110912,0.29536012,-0.020302873,-0.2821193,0.614688,0.42167246,0.16882816,-0.5375878,-0.055127747
2024-07-15 13:00:00,-0.1708602,-0.49355966,-0.25077507,-0.3915912,-0.24998407,0.26484954,-0.19181423,0.19555178,-0.622109,0.42146567,-0.39096242,0.29310638,0.26799092,-0.021835707,0.002069328,-0.5088896,-0.27205998,0.2829037,0.4680326,0.112623915,0.0015758593,0.17280816,0.065423876,0.40948045,0.28950992,-0.019734863,-0.2780184,0.60967207,0.41876084,0.16246435,-0.52845305,-0.05948434
2024-07-15 14:00:00,-0.16995749,-0.49088293,-0.24862432,-0.38744283,-0.24883758,0.26225373,-0.19040126,0.19290632,-0.6195934,0.4186511,-0.38938618,0.29191992,0.26582476,-0.022096962,0.00089468434,-0.50594795,-0.2695023,0.28103185,0.46546513,0.114156015,0.0018864032,0.1696333,0.06367087,0.40618855,0.28723675,-0.018505756,-0.27498955,0.6062593,0.41772804,0.16309683,-0.52518135,-0.058585264
2024-07-15 15:00:00,-0.169795,-0.4886725,-0.24709815,-0.3854643,-0.24828355,0.25978476,-0.18976344,0.19249508,-0.6182185,0.4163728,-0.38525212,0.29083157,0.26342672,-0.02200137,0.0012214668,-0.5024382,-0.267776,0.28048196,0.46326655,0.11437315,0.002494529,0.16853988,0.061881017,0.4033885,0.28500953,-0.019298013,-0.2747337,0.6038558,0.41690505,0.16206622,-0.52417785,-0.05894483
2024-07-15 16:00:00,-0.1684407,-0.4828316,-0.24504411,-0.3824463,-0.2462445,0.2590011,-0.18787509,0.1912865,-0.61293864,0.41327143,-0.3798681,0.2884439,0.25994068,-0.020677157,0.0009029396,-0.49799109,-0.265288,0.27968696,0.45862925,0.11366942,0.0029104743,0.16819677,0.060429092,0.40048733,0.2827274,-0.01941688,-0.27392513,0.59953135,0.41402245,0.15976551,-0.52110815,-0.05933159
2024-07-15 17:00:00,-0.16697517,-0.47627515,-0.24252373,-0.37966406,-0.24448459,0.2586279,-0.18683778,0.18974409,-0.60734314,0.41055655,-0.37413442,0.2856948,0.25586098,-0.019296803,0.0009499453,-0.49337375,-0.26384985,0.27810866,0.45408106,0.112461224,0.0035656076,0.16807626,0.058372404,0.39795852,0.28098696,-0.019753661,-0.27243108,0.5951471,0.4103153,0.15744385,-0.51816314,-0.05935342
2024-07-15 18:00:00,-0.16610265,-0.477055,-0.24155462,-0.38138396,-0.24503557,0.26063958,-0.18900387,0.18892002,-0.60863376,0.4132768,-0.37215096,0.28643134,0.2552633,-0.019993417,0.0033821054,-0.49351668,-0.2668556,0.2784018,0.45485002,0.110898905,0.00450672,0.16927391,0.055755425,0.3983435,0.2826917,-0.020740535,-0.27273574,0.5959459,0.40939432,0.15857068,-0.52083707,-0.057681926
2024-07-15 19:00:00,-0.16514656,-0.48053926,-0.24140227,-0.38453496,-0.24564384,0.26289666,-0.1918587,0.18822378,-0.6118421,0.41719943,-0.37304276,0.2880468,0.25646767,-0.021408983,0.0061243586,-0.49561363,-0.27036119,0.2788811,0.45723838,0.10946784,0.0046154205,0.1708201,0.054445695,0.40007213,0.28496596,-0.021123614,-0.27364072,0.59851617,0.4094297,0.16077068,-0.5244883,-0.05518549
2024-07-16 13:00:00,-0.16595341,-0.47823745,-0.2410931,-0.38263255,-0.2449194,0.25852004,-0.19134861,0.18837473,-0.60921496,0.4127232,-0.37490228,0.28583053,0.25529307,-0.021099716,0.0035991557,-0.4937101,-0.2676918,0.27589604,0.45636153,0.11000493,0.0021391008,0.1683162,0.056728225,0.39976883,0.28180933,-0.020136718,-0.27178967,0.5975482,0.40872824,0.15855101,-0.5203023,-0.056194566
2024-07-16 14:00:00,-0.16565873,-0.48014134,-0.24096832,-0.38189733,-0.24453412,0.25701103,-0.1911832,0.1873214,-0.61033416,0.41244075,-0.37697548,0.28661022,0.25641257,-0.022024043,0.0031915568,-0.49406767,-0.26662278,0.27545938,0.45683378,0.11111946,0.0017264243,0.16681357,0.05707323,0.39930934,0.28119138,-0.018777441,-0.27103755,0.59770906,0.4095879,0.1599851,-0.51958627,-0.05504992
2024-07-16 15:00:00,-0.16612709,-0.48161477,-0.2414372,-0.38263226,-0.24498959,0.25659564,-0.19111922,0.18841818,-0.61182684,0.41291454,-0.37608612,0.2872538,0.25700697,-0.02218797,0.0038689636,-0.49397767,-0.26650262,0.27655616,0.45731878,0.11114214,0.0022999085,0.16725546,0.057042744,0.3990992,0.2813606,-0.019211274,-0.2722908,0.59829086,0.4106493,0.16001913,-0.5208206,-0.05537481
2024-07-16 16:00:00,-0.16457221,-0.47869092,-0.24039602,-0.38222355,-0.24365221,0.25875148,-0.19011334,0.18771988,-0.6090737,0.41330063,-0.3722285,0.28641772,0.2556218,-0.0212894,0.004983615,-0.4922517,-0.26624516,0.27730805,0.45462912,0.10977137,0.0034985673,0.16896029,0.055956308,0.39811307,0.2819182,-0.019261282,-0.27262217,0.59597445,0.4086263,0.15935606,-0.5206561,-0.054788306
2024-07-16 17:00:00,-0.16374373,-0.47811288,-0.23947772,-0.38319725,-0.24375157,0.25983784,-0.19131173,0.18715763,-0.6085973,0.41443366,-0.36982042,0.286148,0.25478533,-0.021263123,0.006622795,-0.4912989,-0.267841,0.27727467,0.45411372,0.10833499,0.004143631,0.17023009,0.054242615,0.3979965,0.2828227,-0.019980397,-0.27262843,0.5957023,0.40749308,0.15943474,-0.52187514,-0.053823143
2024-07-16 18:00:00,-0.16296577,-0.4797508,-0.23893017,-0.38492936,-0.24404423,0.26061925,-0.19324142,0.18653855,-0.60995543,0.41640303,-0.36920604,0.28674695,0.25498062,-0.022010356,0.008580852,-0.49153298,-0.26997897,0.2773117,0.45499623,0.10710453,0.004324509,0.17118241,0.05277011,0.39858258,0.2839431,-0.020402636,-0.2729861,0.59685916,0.40720302,0.16044961,-0.52392226,-0.052156508
2024-07-16 19:00:00,-0.16251612,-0.48210633,-0.23890346,-0.3858887,-0.24398448,0.25959334,-0.19467536,0.18588364,-0.61142117,0.41692832,-0.37122905,0.2873496,0.25615713,-0.022948302,0.009160291,-0.49218535,-0.27056724,0.2766862,0.4562084,0.10694795,0.0033256859,0.17089678,0.052977536,0.39929253,0.2838703,-0.019786533,-0.27289426,0.59824574,0.40771943,0.16144824,-0.5243861,-0.05076196
2024-07-17 13:00:00,-0.16180952,-0.48427647,-0.23948973,-0.38592345,-0.24298628,0.25927657,-0.19457036,0.18474424,-0.61217946,0.41711456,-0.3759662,0.2880166,0.25843287,-0.02361837,0.008465301,-0.4942345,-0.26959825,0.27602276,0.4570709,0.107892655,0.0020223036,0.17050496,0.05525962,0.4004212,0.2838119,-0.017803635,-0.27222148,0.5989887,0.40822813,0.16298312,-0.52334446,-0.049280196
2024-07-17 14:00:00,-0.16315255,-0.48233575,-0.24008799,-0.38296902,-0.24206679,0.2548725,-0.19221525,0.18509367,-0.609629,0.41207674,-0.3792916,0.286079,0.2583049,-0.022942089,0.0048190467,-0.49316907,-0.26513872,0.27372146,0.4559307,0.110021465,0.00011125952,0.16799429,0.05899414,0.3998191,0.2806118,-0.016204339,-0.27014905,0.59728616,0.40854752,0.16125584,-0.5182927,-0.05098521
2024-07-17 15:00:00,-0.16257629,-0.4812773,-0.24025041,-0.38139915,-0.24093677,0.2562671,-0.18997422,0.1844877,-0.6083335,0.4119456,-0.37953854,0.28588662,0.25867385,-0.022347085,0.0040756874,-0.49360657,-0.26336148,0.27438933,0.45446497,0.11112294,0.0012151729,0.16833398,0.06003396,0.39897427,0.2810872,-0.015059952,-0.26960537,0.59554905,0.40811458,0.1622583,-0.5171257,-0.050654955
2024-07-17 16:00:00,-0.16236326,-0.4794492,-0.24040252,-0.38140398,-0.24066697,0.2590855,-0.18904227,0.18473637,-0.60714006,0.41285005,-0.3784591,0.28526333,0.25832516,-0.021498963,0.004401829,-0.4941663,-0.26358935,0.2751682,0.45337296,0.11088928,0.0025160946,0.17026715,0.060527917,0.39906183,0.2826273,-0.015241053,-0.26963583,0.5944306,0.40692955,0.16250187,-0.51754415,-0.050850056
2024-07-17 17:00:00,-0.16273642,-0.47954112,-0.240354,-0.38212174,-0.24151774,0.26008257,-0.18976183,0.18492454,-0.60771453,0.41378555,-0.3779896,0.2851951,0.25811312,-0.02159907,0.005066421,-0.49457234,-0.26498455,0.27535483,0.45380998,0.110603414,0.0030440837,0.17104375,0.059806924,0.39918542,0.28373742,-0.015952062,-0.26949972,0.5949313,0.40681553,0.16313663,-0.5187357,-0.05081188
2024-07-17 18:00:00,-0.16322334,-0.48234874,-0.24092233,-0.38420767,-0.2428665,0.26122054,-0.19130309,0.18548945,-0.61071163,0.41622534,-0.37860942,0.28650442,0.25913447,-0.022491448,0.006469678,-0.49625486,-0.26738024,0.27640614,0.4559391,0.11023099,0.0034105722,0.17182627,0.05882183,0.40011245,0.28540462,-0.01680315,-0.27055645,0.5972979,0.4080399,0.16450715,-0.5215925,-0.05037407
2024-07-17 19:00:00,-0.16285002,-0.48262298,-0.24077165,-0.38452077,-0.24270298,0.26133668,-0.1915895,0.18515992,-0.61083394,0.4165154,-0.37867972,0.28653982,0.25916538,-0.022770137,0.006887134,-0.49628133,-0.26767492,0.27639014,0.45594501,0.10994765,0.0032216553,0.17200115,0.058525685,0.4001386,0.28544077,-0.016805436,-0.27076834,0.5975647,0.4079854,0.16473484,-0.5218097,-0.04989382
2024-07-18 13:00:00,-0.16249008,-0.4821006,-0.24114299,-0.3835498,-0.24170314,0.26138848,-0.19055733,0.18418461,-0.60951626,0.41547325,-0.3826089,0.28608233,0.2599272,-0.022633739,0.0050370507,-0.4977275,-0.26625973,0.2751886,0.45567232,0.11085233,0.0018086098,0.17134216,0.06099541,0.40101936,0.28481758,-0.015226226,-0.26936886,0.59714395,0.40751678,0.16507292,-0.5194996,-0.049602427
2024-07-18 14:00:00,-0.16269651,-0.47782844,-0.24104267,-0.38092637,-0.24036144,0.26139873,-0.18829161,0.18390545,-0.60576344,0.41280454,-0.38382903,0.2836999,0.25848484,-0.02128999,0.0026302598,-0.49742842,-0.263779,0.2732999,0.4534791,0.11178203,0.0016375463,0.17096634,0.06379117,0.40097314,0.28390628,-0.014045719,-0.26720288,0.5945037,0.4054055,0.16401109,-0.5157502,-0.05034501
2024-07-18 15:00:00,-0.16726014,-0.4670334,-0.24072188,-0.3744213,-0.24154948,0.25378934,-0.18441582,0.18831027,-0.59840447,0.40239596,-0.37929243,0.27748615,0.25209004,-0.017360985,-0.0036916025,-0.49024367,-0.25782537,0.26993233,0.44906425,0.113448866,0.00052844174,0.16658959,0.06631249,0.39755484,0.27793172,-0.0151737295,-0.26443353,0.58956975,0.40434894,0.15594709,-0.50782335,-0.058224775
2024-07-18 16:00:00,-0.16654493,-0.4594342,-0.23781598,-0.36771727,-0.24004684,0.25094578,-0.18093424,0.18610632,-0.59187907,0.39676017,-0.37349215,0.27509356,0.2471913,-0.015968002,-0.00630622,-0.48444718,-0.25338042,0.2685268,0.44347113,0.11457268,0.0011945907,0.16235352,0.06350762,0.3923189,0.27390727,-0.014432024,-0.26148328,0.5833422,0.40188542,0.15396851,-0.50244546,-0.059899636
2024-07-18 17:00:00,-0.16673116,-0.45776027,-0.23539263,-0.3659764,-0.24074842,0.24737415,-0.18134089,0.18541276,-0.5916193,0.3945685,-0.36654347,0.27512148,0.24382176,-0.016381703,-0.005080905,-0.4793191,-0.25272954,0.26847222,0.44157392,0.114385344,0.0022376124,0.15994254,0.058538828,0.3880688,0.2709107,-0.016749408,-0.26177758,0.5812009,0.40169215,0.15275902,-0.50282377,-0.060883664
2024-07-18 18:00:00,-0.16584426,-0.45402747,-0.23414862,-0.3648216,-0.23958136,0.24755967,-0.18045975,0.1850403,-0.58869904,0.39319533,-0.36190528,0.27459022,0.24142392,-0.015493095,-0.0049297847,-0.47642493,-0.25188017,0.2688785,0.43883795,0.11328984,0.002356546,0.15962082,0.05660602,0.38645795,0.26929054,-0.017644104,-0.26270702,0.57898784,0.39994735,0.15037245,-0.5019052,-0.061986245
2024-07-18 19:00:00,-0.16510263,-0.44905937,-0.23208117,-0.36103117,-0.23774393,0.24386415,-0.17913902,0.18281937,-0.5833208,0.38804492,-0.3600655,0.2722944,0.23844405,-0.014510468,-0.0074033625,-0.4720534,-0.2485049,0.2657815,0.43529028,0.11386546,0.0007989593,0.15683343,0.056127306,0.38390636,0.2649604,-0.01710252,-0.26046225,0.5750549,0.39747757,0.1478171,-0.4966647,-0.06267821
2024-07-19 13:00:00,-0.16493712,-0.44591194,-0.2296907,-0.3563053,-0.23604225,0.23675844,-0.17755999,0.1801317,-0.5793494,0.38163432,-0.3583852,0.2701907,0.23562811,-0.014516033,-0.009821866,-0.46637797,-0.2436291,0.26214972,0.43204123,0.11574624,-0.00092981756,0.15233871,0.055061612,0.3797317,0.2589038,-0.016381811,-0.2578692,0.5709386,0.39653677,0.14586303,-0.49097347,-0.06293785
2024-07-19 14:00:00,-0.1636534,-0.43678004,-0.22707939,-0.34924644,-0.23190026,0.23201177,-0.17276755,0.17762876,-0.5699958,0.3735143,-0.35418656,0.26576474,0.2309257,-0.011952944,-0.013565216,-0.4595551,-0.23610505,0.25885564,0.424649,0.11715259,-0.001799183,0.14943339,0.055905383,0.37503487,0.25263444,-0.014709178,-0.25496724,0.56309336,0.39263868,0.14182442,-0.48232788,-0.06418774
2024-07-19 15:00:00,-0.16242892,-0.43003353,-0.22466362,-0.34505445,-0.22973238,0.23096293,-0.17032884,0.1757321,-0.56407857,0.36984557,-0.34879798,0.2630035,0.227196,-0.010074377,-0.014458444,-0.4547528,-0.23290431,0.25731948,0.4195075,0.1172669,-0.0007238705,0.14872976,0.054580864,0.371526,0.2500718,-0.014370833,-0.2530723,0.55757964,0.3893448,0.13989288,-0.47828707,-0.06458516
2024-07-19 16:00:00,-0.16242746,-0.43072617,-0.22390622,-0.34370744,-0.22941749,0.22870663,-0.17004934,0.17367592,-0.563621,0.36814657,-0.35054687,0.2629478,0.22714813,-0.010654718,-0.0156006105,-0.45403808,-0.23147929,0.25574583,0.4193058,0.11869634,-0.0020356718,0.14698817,0.05455209,0.37024152,0.24800211,-0.013974544,-0.2515239,0.55659896,0.3894685,0.14077103,-0.4765575,-0.06407898
2024-07-19 17:00:00,-0.16105777,-0.42624804,-0.22206229,-0.3410021,-0.2270091,0.2282699,-0.16818957,0.17182669,-0.5595936,0.36598945,-0.34690765,0.26090413,0.22452869,-0.009658083,-0.015632492,-0.450902,-0.22918016,0.2545761,0.41546214,0.11869211,-0.0011248495,0.14703386,0.05380545,0.3678391,0.2462405,-0.013605978,-0.250531,0.55268675,0.3866691,0.13986543,-0.47387296,-0.063367315
2024-07-19 18:00:00,-0.15962076,-0.42607394,-0.22044757,-0.34143865,-0.2264648,0.22930944,-0.16910484,0.17019925,-0.5595662,0.36728805,-0.3435992,0.2609236,0.22347073,-0.010133259,-0.013203803,-0.4494704,-0.23050648,0.25472093,0.414541,0.117666565,0.00019603036,0.14822331,0.05109979,0.36649832,0.2467238,-0.014366392,-0.25055605,0.55182016,0.38544005,0.14101687,-0.47524387,-0.06138263
2024-07-19 19:00:00,-0.15889543,-0.42480814,-0.21838716,-0.33953702,-0.22523491,0.22448811,-0.16920249,0.16834423,-0.5571994,0.36372545,-0.34090835,0.25940484,0.22144209,-0.0105295405,-0.013046101,-0.444916,-0.22839403,0.2526577,0.4122728,0.11776155,-0.00088005885,0.1464808,0.04913726,0.3633728,0.24307781,-0.014608528,-0.24952018,0.5496443,0.38468447,0.14012498,-0.4727099,-0.06050857
2024-07-22 13:00:00,-0.15684469,-0.4217086,-0.21703237,-0.33649153,-0.22194038,0.22296682,-0.16689247,0.16553229,-0.55241466,0.3606935,-0.34117195,0.25763944,0.22033663,-0.009826355,-0.014523488,-0.44278228,-0.22475526,0.25075254,0.4086467,0.118367575,-0.0019115191,0.1456668,0.050119672,0.3617544,0.24046531,-0.012730103,-0.24791223,0.5461036,0.3825333,0.13959232,-0.46810788,-0.059120543
2024-07-22 14:00:00,-0.15681121,-0.41571522,-0.21610898,-0.33253634,-0.22003625,0.22010443,-0.16417083,0.16490242,-0.5464638,0.35561806,-0.33967805,0.2540416,0.21770667,-0.0077863485,-0.01725274,-0.43915653,-0.2205014,0.24825542,0.40460342,0.119225405,-0.0023923237,0.14463393,0.0518342,0.35980216,0.2374843,-0.011783648,-0.24565418,0.54172975,0.38030094,0.13680306,-0.4625107,-0.06045329
2024-07-22 15:00:00,-0.1555236,-0.40516233,-0.21228442,-0.32590806,-0.21698098,0.21644601,-0.16079545,0.16256171,-0.5370506,0.34866214,-0.33188474,0.24884158,0.21158691,-0.005088836,-0.018917296,-0.43085152,-0.21540004,0.2450585,0.3967777,0.1191659,-0.0013852809,0.14281885,0.05008438,0.354321,0.23307368,-0.011150893,-0.24222144,0.5336102,0.3754251,0.13337532,-0.45555907,-0.061206885
2024-07-22 16:00:00,-0.15307212,-0.40119463,-0.20814547,-0.32350636,-0.21513169,0.21556541,-0.16085087,0.15905526,-0.5336871,0.34723213,-0.3247521,0.24740356,0.2076206,-0.005043015,-0.016548257,-0.42545217,-0.2150493,0.24374947,0.3926146,0.11779254,0.000397671,0.14241752,0.045409944,0.35014236,0.23139553,-0.011737507,-0.24061182,0.5291897,0.37192315,0.13375606,-0.45462227,-0.0587805
2024-07-22 17:00:00,-0.15244219,-0.3995925,-0.20506182,-0.32254618,-0.21493427,0.21077356,-0.16212656,0.1585261,-0.53224754,0.3444138,-0.31686372,0.24621853,0.20375879,-0.0054135993,-0.014246117,-0.41883457,-0.2148616,0.2428766,0.39010197,0.11614801,0.00066866726,0.14111124,0.04042397,0.34620005,0.22800697,-0.013981398,-0.24092394,0.5271708,0.37087756,0.13186444,-0.45478386,-0.058313318
2024-07-22 18:00:00,-0.14929324,-0.40071738,-0.20327729,-0.32350397,-0.21313722,0.21214175,-0.1633697,0.15607587,-0.5321913,0.3464025,-0.31454808,0.24745938,0.20371126,-0.0062038824,-0.011538185,-0.41775715,-0.21626705,0.24339192,0.38901854,0.114247486,0.0008547064,0.14209165,0.03766172,0.34568366,0.2281782,-0.01387402,-0.24200018,0.5267779,0.36970228,0.13286757,-0.45627892,-0.055130243
2024-07-22 19:00:00,-0.14667207,-0.4012947,-0.20199376,-0.32476473,-0.21142407,0.21339968,-0.16496019,0.15407598,-0.5317966,0.34815282,-0.3138448,0.2475931,0.2039602,-0.0066537187,-0.00927465,-0.41735387,-0.217684,0.24257787,0.3883648,0.11257363,0.0009836536,0.14386742,0.036730845,0.3463471,0.2289935,-0.013557505,-0.24208403,0.52649045,0.36794767,0.13350877,-0.45702916,-0.051877223
2024-07-23 13:00:00,-0.14440396,-0.40373817,-0.20165351,-0.32598025,-0.2097222,0.21454856,-0.16655397,0.15166378,-0.5324896,0.35023257,-0.3175487,0.24808058,0.20600305,-0.007721707,-0.007999856,-0.41929305,-0.21867734,0.24118672,0.3890701,0.11214971,0.00034724548,0.14527395,0.03781348,0.34800088,0.23040122,-0.011888202,-0.24105565,0.52738255,0.3670296,0.1359079,-0.4571284,-0.04782345
2024-07-23 14:00:00,-0.14459212,-0.40391222,-0.20168257,-0.32545817,-0.2090707,0.21156158,-0.16685225,0.15189669,-0.53186244,0.34841937,-0.31836075,0.24681973,0.20614086,-0.007970475,-0.008272875,-0.4181224,-0.21740294,0.23972361,0.3888237,0.11235139,-0.0003326442,0.14507008,0.038961228,0.34786046,0.22955465,-0.01119348,-0.24019808,0.5273076,0.3671155,0.13552797,-0.45545584,-0.046939947
2024-07-23 15:00:00,-0.1443778,-0.39981627,-0.20049122,-0.32245165,-0.20763238,0.20826301,-0.16496898,0.15207773,-0.5275527,0.3442954,-0.31470025,0.24425948,0.20387127,-0.0068005696,-0.009300988,-0.41369945,-0.21418363,0.23873988,0.3851866,0.11219658,-0.00027570687,0.14405511,0.03868706,0.3452441,0.22712351,-0.010570001,-0.23917986,0.5240357,0.36585978,0.13335562,-0.45194554,-0.04755369
2024-07-23 16:00:00,-0.14338672,-0.39210463,-0.19824022,-0.31888604,-0.20553954,0.20749664,-0.1624983,0.15157238,-0.5208269,0.34046152,-0.30893353,0.24091008,0.20006032,-0.004572019,-0.010252517,-0.4085616,-0.21140912,0.23757441,0.37966907,0.11107158,0.0005692877,0.14370708,0.037755545,0.34252203,0.22528139,-0.010112178,-0.23768765,0.5187076,0.36221987,0.13024989,-0.4480654,-0.048603542
2024-07-23 17:00:00,-0.14183542,-0.3902008,-0.1963554,-0.3179552,-0.20442317,0.20842376,-0.16289704,0.1492281,-0.51895225,0.34050187,-0.30789024,0.24036172,0.19891877,-0.0044867173,-0.009582426,-0.40749395,-0.21167386,0.23621762,0.37801057,0.11034595,0.0011465922,0.14372694,0.0366338,0.34177023,0.22544421,-0.00952084,-0.23603381,0.51670665,0.3597909,0.13116196,-0.4473701,-0.04681778
2024-07-23 18:00:00,-0.14124288,-0.3910194,-0.19528046,-0.31983465,-0.20492588,0.2098706,-0.16490191,0.14895046,-0.52068466,0.34287518,-0.3058108,0.24071991,0.1981649,-0.0052487776,-0.0069267713,-0.40737844,-0.21441522,0.23620683,0.3787356,0.10866395,0.0022115968,0.14510226,0.034852233,0.34231883,0.22719301,-0.010599036,-0.23618293,0.5173643,0.35867518,0.13200004,-0.45029765,-0.04510034
2024-07-23 19:00:00,-0.14024109,-0.39575544,-0.19544998,-0.32436454,-0.20619993,0.21357033,-0.16831987,0.14901632,-0.5254841,0.3484995,-0.306188,0.24291053,0.19975814,-0.0070136636,-0.0030711256,-0.41033536,-0.21932301,0.2375624,0.38197827,0.1064509,0.0029293,0.1477044,0.03338821,0.3448481,0.23108512,-0.0114922635,-0.23753288,0.5209322,0.35906744,0.13456279,-0.45609307,-0.042246044
2024-07-24 13:00:00,-0.14091888,-0.3967484,-0.19709575,-0.3255939,-0.20635305,0.21364489,-0.16922475,0.1501089,-0.525846,0.34865418,-0.31153107,0.24250212,0.20163418,-0.0072897077,-0.0043972954,-0.4131089,-0.21968374,0.23642404,0.3839031,0.10637588,0.0011091717,0.14776367,0.036704313,0.34752157,0.23192021,-0.010165941,-0.23699048,0.5231961,0.35949102,0.13457116,-0.4552136,-0.042239875
2024-07-24 14:00:00,-0.14381178,-0.39195114,-0.19810578,-0.3208896,-0.20601948,0.20719407,-0.16621791,0.15181282,-0.52088195,0.34111747,-0.31459337,0.23901159,0.20009637,-0.0055377707,-0.01043158,-0.4105596,-0.21390358,0.2334641,0.38227385,0.10894472,-0.0013616364,0.14353858,0.040944625,0.3463135,0.22752231,-0.008272674,-0.23417202,0.52083445,0.3597479,0.13095257,-0.44755274,-0.046269916
2024-07-24 15:00:00,-0.14441586,-0.38918126,-0.19824591,-0.317607,-0.20535289,0.20702888,-0.16312356,0.15136832,-0.5185677,0.33888605,-0.3158548,0.23842382,0.19971739,-0.0045113266,-0.013260376,-0.410559,-0.21049643,0.23324496,0.38053423,0.11095438,-0.0009940565,0.14147972,0.04289731,0.3451238,0.22646526,-0.0063886754,-0.23258801,0.5183153,0.35935333,0.1311189,-0.4442627,-0.047779202
2024-07-24 16:00:00,-0.14343879,-0.38616687,-0.19612774,-0.3149776,-0.20388816,0.20684072,-0.16158193,0.14882427,-0.5161644,0.3373273,-0.3133871,0.23757565,0.19788902,-0.0040633455,-0.013197582,-0.40816653,-0.20841077,0.23232526,0.377442,0.11165457,0.00017006882,0.14082004,0.04206216,0.3422557,0.2251812,-0.00582264,-0.23084758,0.5145039,0.35700902,0.13211861,-0.4424281,-0.046893694
2024-07-24 17:00:00,-0.1429544,-0.387314,-0.19542575,-0.3153981,-0.20374574,0.20724893,-0.16197212,0.14747852,-0.5172867,0.3382016,-0.31299266,0.23823759,0.19801725,-0.004808925,-0.011928029,-0.4081856,-0.20882982,0.23247327,0.37737834,0.111885175,0.0005596522,0.14120243,0.04119074,0.34132624,0.22537133,-0.006130766,-0.23076177,0.5143941,0.35670158,0.13385084,-0.44351822,-0.045569517
2024-07-24 18:00:00,-0.14212474,-0.38441926,-0.1940893,-0.31405377,-0.2023267,0.20659357,-0.16108887,0.14635673,-0.51454955,0.33659142,-0.3103951,0.23660618,0.19625339,-0.004327394,-0.011650138,-0.40564555,-0.20762375,0.23157373,0.37472695,0.1115487,0.00083016604,0.14153777,0.040450286,0.33953542,0.22426282,-0.006187957,-0.23015426,0.5120757,0.35477072,0.1331949,-0.44190505,-0.044995435
2024-07-24 19:00:00,-0.1416147,-0.3793671,-0.1928378,-0.3102364,-0.20004936,0.20396462,-0.15878911,0.14446065,-0.50880444,0.33193463,-0.3104689,0.23352966,0.19409053,-0.0030293763,-0.014362633,-0.4026627,-0.2038573,0.22868115,0.37094986,0.112465486,-0.0002904646,0.14010572,0.04175971,0.33747864,0.22126842,-0.004832145,-0.22748277,0.50821143,0.35229495,0.13179262,-0.4362125,-0.045203432
2024-07-25 13:00:00,-0.14201309,-0.3748802,-0.19159108,-0.30473888,-0.1980957,0.1983571,-0.15556598,0.14214191,-0.5033083,0.3253111,-0.31128436,0.2304208,0.19173525,-0.0019547716,-0.0182936,-0.39864767,-0.19813088,0.2252172,0.36728287,0.11500673,-0.0019621477,0.13662334,0.043367278,0.33406258,0.2163899,-0.00320673,-0.22400308,0.5037108,0.3511739,0.13046026,-0.42894584,-0.045996837
2024-07-25 14:00:00,-0.1436769,-0.36770254,-0.18952832,-0.295874,-0.19645058,0.18632126,-0.15038133,0.14162377,-0.49506876,0.31304792,-0.3054688,0.22569369,0.18648124,0.00022477657,-0.023003623,-0.38820076,-0.18843555,0.2220107,0.36060917,0.118336275,-0.003614055,0.1304523,0.04249474,0.32599318,0.2065592,-0.0026138984,-0.22156917,0.49639022,0.35132045,0.1255735,-0.4194871,-0.049895495
2024-07-25 15:00:00,-0.14495021,-0.3593431,-0.18767086,-0.28597623,-0.19465737,0.17452063,-0.14362805,0.14278647,-0.48531625,0.29970908,-0.2953145,0.22163343,0.18085393,0.003904663,-0.027675483,-0.37627578,-0.1775713,0.22134143,0.3519833,0.12132738,-0.0048344973,0.1242117,0.03973874,0.31674615,0.19538426,-0.0027426109,-0.22150086,0.48810422,0.35203776,0.118379325,-0.4105843,-0.056053914
2024-07-25 16:00:00,-0.14351717,-0.34677696,-0.18286106,-0.27362084,-0.18999036,0.1634256,-0.13602701,0.14076525,-0.4712329,0.28496674,-0.28046075,0.21687123,0.17302714,0.009035923,-0.03150949,-0.36088192,-0.16572744,0.21986449,0.33888185,0.12332538,-0.005289465,0.1182823,0.034418862,0.30514133,0.18282335,-0.003175199,-0.22050726,0.4754839,0.34911165,0.11036507,-0.39983335,-0.0607175
2024-07-25 17:00:00,-0.14037637,-0.3315595,-0.17747238,-0.26312834,-0.18332149,0.15976065,-0.12937766,0.13601086,-0.45583838,0.2743827,-0.2691935,0.21176668,0.16570617,0.014995776,-0.035115335,-0.3491906,-0.15687355,0.21675634,0.32586926,0.123782806,-0.0050524585,0.11560793,0.031630967,0.29745793,0.17447366,-0.0029008798,-0.21779767,0.46218202,0.34162855,0.10343465,-0.3888716,-0.063168444
2024-07-25 18:00:00,-0.13811389,-0.31885785,-0.17195383,-0.2563992,-0.17858057,0.15894544,-0.12643598,0.13111672,-0.44471264,0.26825705,-0.26078624,0.20704079,0.15882362,0.019086454,-0.03664472,-0.3406518,-0.15331215,0.21215746,0.31698006,0.12311621,-0.0036379974,0.114512995,0.02885751,0.2926353,0.17005843,-0.0033375882,-0.21381061,0.45205486,0.3334213,0.09937547,-0.3814487,-0.06342859
2024-07-25 19:00:00,-0.13633315,-0.30647796,-0.16516209,-0.24711995,-0.17311226,0.15185237,-0.123455584,0.12499193,-0.43223858,0.25817934,-0.25257513,0.20070228,0.1503772,0.022006381,-0.03890596,-0.32856447,-0.14722234,0.20521042,0.30754256,0.12353413,-0.003652472,0.11073333,0.025626417,0.28472507,0.16229591,-0.003073819,-0.20783052,0.44082958,0.32531247,0.095887065,-0.37106818,-0.0620464
2024-07-26 13:00:00,-0.136246,-0.28927606,-0.16051236,-0.23488261,-0.16717735,0.14273405,-0.11699225,0.12209425,-0.41491666,0.24391282,-0.24451637,0.1913195,0.14114101,0.02768813,-0.045473866,-0.31508178,-0.13657692,0.19877958,0.29608977,0.12519002,-0.005141558,0.10562208,0.025676634,0.27657208,0.15276772,-0.001058232,-0.20156248,0.42757112,0.31742734,0.088255085,-0.35618654,-0.0649982
2024-07-26 14:00:00,-0.13452172,-0.2780687,-0.15446556,-0.22472261,-0.16199426,0.13662806,-0.112261586,0.1158765,-0.40305048,0.23430836,-0.23823547,0.18585613,0.13375674,0.030455455,-0.04850231,-0.30506653,-0.1290977,0.19267946,0.2867387,0.12653357,-0.0049302354,0.10086213,0.02373666,0.26856032,0.14555497,0.0009981208,-0.19560465,0.41636416,0.31060004,0.08666445,-0.34575847,-0.06364029
2024-07-26 15:00:00,-0.13232532,-0.27343774,-0.14974192,-0.22118373,-0.15884353,0.13573228,-0.111202,0.11098433,-0.3993032,0.23211578,-0.23373032,0.18422419,0.12958677,0.030911133,-0.047337543,-0.30041182,-0.12759969,0.18948308,0.28215492,0.12588255,-0.0033009835,0.09992544,0.021502707,0.2644402,0.14298418,0.0012657456,-0.19268735,0.4107308,0.305592,0.087973475,-0.343072,-0.060384087
2024-07-26 16:00:00,-0.13059714,-0.2713896,-0.14567718,-0.21697433,-0.15581547,0.1292671,-0.11040963,0.10692609,-0.39567345,0.22703815,-0.22869948,0.18259677,0.12588935,0.030536998,-0.046319675,-0.29327774,-0.12424963,0.1865665,0.27779853,0.1261355,-0.0035408027,0.097667456,0.018450852,0.2582964,0.13774359,0.0011430345,-0.19054206,0.4059885,0.30310172,0.08841479,-0.33949786,-0.05698327
2024-07-26 17:00:00,-0.12552047,-0.267286,-0.14002916,-0.21323766,-0.15052225,0.12674785,-0.10946979,0.10141618,-0.39093453,0.22418219,-0.2203204,0.18094286,0.121655956,0.030958917,-0.043238934,-0.28585207,-0.12228993,0.18450946,0.2706899,0.12421464,-0.002037136,0.0979428,0.013922732,0.25251222,0.13418986,0.0012127832,-0.18895237,0.39968723,0.29823917,0.08908367,-0.33702332,-0.051348843
2024-07-26 18:00:00,-0.12213284,-0.25679547,-0.13667172,-0.20793058,-0.14428224,0.12494816,-0.10667675,0.098072745,-0.37973022,0.21852502,-0.21574116,0.17511477,0.11774807,0.03405982,-0.044921234,-0.27907175,-0.117899604,0.18053837,0.26210862,0.12291893,-0.0021632854,0.09871033,0.014159199,0.24928787,0.13141263,0.003091853,-0.18535492,0.39186043,0.29133287,0.0857752,-0.32890472,-0.049462594
2024-07-26 19:00:00,-0.11921045,-0.24224734,-0.11584667,-0.22594036,-0.15115376,0.13525008,-0.10726146,0.10405166,-0.38550174,0.23944283,-0.15917578,0.17162316,0.07800192,0.03313236,-0.021285187,-0.25929958,-0.14281905,0.18642704,0.25078052,0.09306557,-0.0031687245,0.103092074,-0.017151516,0.25773975,0.14426003,-0.02020925,-0.1705286,0.37530044,0.2772496,0.0644075,-0.35983998,-0.056632258
2024-07-29 13:00:00,-0.117434025,-0.23722386,-0.11896723,-0.22186933,-0.14003448,0.12970191,-0.1148556,0.09616733,-0.37623322,0.2315732,-0.16558948,0.1598155,0.08336201,0.030110411,-0.02587315,-0.25204432,-0.14562494,0.17742567,0.25554347,0.09174904,-0.0040561147,0.0973913,-0.015103828,0.25030434,0.1390472,-0.012730692,-0.16299242,0.382149,0.27404824,0.066443875,-0.34736055,-0.04387389
2024-07-29 14:00:00,-0.11500186,-0.23060298,-0.11550034,-0.21258195,-0.13191767,0.12369844,-0.11884065,0.08903322,-0.36770654,0.222895,-0.17620829,0.15636702,0.08605532,0.030935332,-0.028607778,-0.24862446,-0.13907373,0.166801,0.25081962,0.095526,-0.0014706515,0.09578957,-0.009374153,0.24539138,0.13350652,-0.004217293,-0.1586569,0.376358,0.26792037,0.06962797,-0.33061647,-0.035635047
2024-07-29 15:00:00,-0.11245886,-0.22649115,-0.112737216,-0.2052445,-0.12702994,0.11878523,-0.12005992,0.08332286,-0.36137998,0.21632102,-0.18402702,0.15526062,0.08899194,0.03206627,-0.031069767,-0.24679007,-0.13114622,0.15986824,0.24592192,0.09913024,0.0010402929,0.09563912,-0.0036308952,0.24087971,0.12998681,0.0030564144,-0.15622431,0.37015188,0.26263106,0.0748193,-0.32018277,-0.02915328
2024-07-29 16:00:00,-0.1108249,-0.22150236,-0.1101763,-0.19546868,-0.12344973,0.10750188,-0.11686915,0.080839284,-0.35194302,0.20469566,-0.18279067,0.15323734,0.088361576,0.03445944,-0.034445778,-0.23901533,-0.11973437,0.15686694,0.23745857,0.103098206,0.0012646597,0.09268105,-0.0023638792,0.23201081,0.12260412,0.00786582,-0.15591058,0.3625911,0.25980574,0.07680482,-0.31071657,-0.026887737
2024-07-29 17:00:00,-0.10722816,-0.21791208,-0.107895024,-0.1909435,-0.12030266,0.1063776,-0.11389004,0.077522285,-0.34642696,0.20091224,-0.18207446,0.15348679,0.089359,0.036423236,-0.035160806,-0.236694,-0.11390332,0.15605792,0.23068942,0.104762584,0.0027221236,0.09344655,-0.0014831498,0.22773643,0.12097654,0.011001561,-0.15713462,0.35698745,0.25613192,0.079565935,-0.30710784,-0.024352185
2024-07-29 18:00:00,-0.105550304,-0.22170225,-0.10876458,-0.19366755,-0.12130539,0.109874785,-0.11492449,0.07692451,-0.34934956,0.20447797,-0.18515515,0.15628095,0.09315102,0.035796855,-0.033267602,-0.24093534,-0.115187354,0.15716152,0.23157538,0.1051638,0.0036905129,0.096702844,-0.00046543404,0.22946139,0.124331236,0.011103708,-0.16007273,0.35923612,0.25630808,0.08332468,-0.31084168,-0.02231007
2024-07-29 19:00:00,-0.10251575,-0.22366211,-0.1081387,-0.19372328,-0.11988798,0.110278845,-0.115562454,0.074216686,-0.3497406,0.20559761,-0.18640205,0.15706629,0.09496476,0.03496599,-0.031510863,-0.24189351,-0.11525547,0.15646964,0.23013948,0.10546905,0.0042504948,0.099302694,-0.0006974526,0.22900714,0.12598869,0.011273164,-0.16051306,0.35965225,0.25541136,0.086828515,-0.31178224,-0.017893627
2024-07-30 13:00:00,-0.098472044,-0.2194457,-0.106446855,-0.18808545,-0.11447322,0.10703409,-0.11304552,0.06943662,-0.34292784,0.20107421,-0.18786788,0.1538838,0.09487569,0.03564587,-0.033259448,-0.23902313,-0.110310115,0.15282083,0.22389157,0.10722131,0.004014885,0.1002385,0.0006963387,0.22573812,0.124617934,0.013720114,-0.15732417,0.35534292,0.25213876,0.088697076,-0.30486286,-0.0130106285
2024-07-30 14:00:00,-0.09746112,-0.21466976,-0.107141085,-0.18390764,-0.11171171,0.10608165,-0.109363854,0.068405755,-0.33687362,0.19738302,-0.19116354,0.15005776,0.09525013,0.036939833,-0.03730439,-0.23878075,-0.10582376,0.15075058,0.22018321,0.10959793,0.0038492344,0.10087018,0.0044133477,0.22508068,0.12460843,0.016253341,-0.15483093,0.35273355,0.25047657,0.08887182,-0.29853,-0.012768246
2024-07-30 15:00:00,-0.09654393,-0.20100158,-0.104520984,-0.17302117,-0.107091814,0.10008417,-0.101774685,0.06690012,-0.32298,0.18630612,-0.1866132,0.14201552,0.08998278,0.040975302,-0.04405946,-0.2302096,-0.096709155,0.14761345,0.20993234,0.1127197,0.0042092036,0.09815617,0.0055503435,0.21832518,0.11983234,0.019078303,-0.14976063,0.34307885,0.24549355,0.085475944,-0.28674304,-0.015156902
2024-07-30 16:00:00,-0.095150866,-0.19214487,-0.10062624,-0.16538073,-0.10386993,0.09708142,-0.09672373,0.06384068,-0.31498793,0.17961669,-0.18133155,0.13785104,0.08535235,0.042978615,-0.046802435,-0.22397478,-0.09158253,0.14553936,0.20251726,0.11448055,0.005668802,0.09576686,0.004144825,0.21247353,0.11654912,0.020192575,-0.14606416,0.33561593,0.24111083,0.08495573,-0.2803758,-0.015476935
2024-07-30 17:00:00,-0.094652414,-0.18828428,-0.09816047,-0.16110404,-0.10260309,0.09393321,-0.09401057,0.06254175,-0.31163186,0.17528039,-0.17696664,0.1362136,0.08226074,0.043725558,-0.047871802,-0.21958734,-0.08885635,0.14520107,0.1987196,0.11557856,0.0061744284,0.09381744,0.0021876357,0.2081574,0.113520905,0.019734673,-0.1449391,0.33196568,0.23940474,0.084360376,-0.277767,-0.016007282
2024-07-30 18:00:00,-0.092697546,-0.1855562,-0.0949075,-0.15616228,-0.10011181,0.08832757,-0.09170639,0.06025517,-0.30826297,0.1698876,-0.17044532,0.13535695,0.07890202,0.044281825,-0.047966342,-0.21317632,-0.08548735,0.14503297,0.193659,0.1162748,0.0062326007,0.091567114,-0.0015213154,0.20216326,0.108798325,0.019007865,-0.14439048,0.32779104,0.23814704,0.08357738,-0.27505237,-0.01470463
2024-07-30 19:00:00,-0.08894609,-0.18183124,-0.09157444,-0.15216334,-0.095666215,0.086108536,-0.09004742,0.056276023,-0.3041348,0.1666809,-0.16600016,0.134179,0.07689397,0.045244627,-0.047612246,-0.20843379,-0.083052464,0.14342448,0.18790357,0.11602801,0.0066585634,0.09157081,-0.0037320852,0.19813181,0.1061621,0.019077633,-0.14299797,0.32299876,0.23494571,0.0832226,-0.27168173,-0.011422299
2024-07-31 13:00:00,-0.08631976,-0.17786604,-0.08988214,-0.14623375,-0.09081711,0.08092022,-0.08752507,0.052714765,-0.29795903,0.16089262,-0.16490251,0.13189813,0.07568507,0.046500713,-0.0498851,-0.20388268,-0.07795526,0.14078702,0.1824043,0.11778668,0.0057254247,0.0904329,-0.0036014095,0.19395353,0.102408916,0.02055988,-0.14041272,0.31836426,0.2329054,0.08237174,-0.26462004,-0.008789465
2024-07-31 14:00:00,-0.084396146,-0.17410678,-0.08883036,-0.13913792,-0.086433336,0.074390694,-0.08349775,0.04997369,-0.2915302,0.1537162,-0.16339889,0.12975475,0.07451281,0.04805652,-0.053164203,-0.19900806,-0.07096359,0.13919403,0.17669863,0.120728955,0.0045599695,0.088166654,-0.0031410418,0.18889573,0.09764441,0.02273776,-0.13825135,0.3134247,0.23232763,0.08133162,-0.25691167,-0.007323511
2024-07-31 15:00:00,-0.08105405,-0.17078662,-0.08625514,-0.13481642,-0.08240776,0.072525024,-0.08083172,0.046514653,-0.288012,0.15056193,-0.15929058,0.12865445,0.073395744,0.049315687,-0.053470455,-0.1952099,-0.06748662,0.13842544,0.17101778,0.12175655,0.005546203,0.08820023,-0.004243072,0.18480529,0.095730685,0.023522109,-0.13661171,0.30871677,0.23026055,0.08172525,-0.25352404,-0.004560925
2024-07-31 16:00:00,-0.07798434,-0.16623408,-0.083582334,-0.13286845,-0.07898153,0.07366456,-0.07983389,0.04398658,-0.28476378,0.14982538,-0.15494338,0.1264834,0.07207698,0.05040735,-0.052710935,-0.19231202,-0.0671707,0.13727269,0.16625644,0.12092103,0.00712174,0.09028576,-0.005687449,0.18294196,0.0963727,0.023241643,-0.13469586,0.30483815,0.22651297,0.08139166,-0.25213483,-0.0022027567
2024-07-31 17:00:00,-0.07534737,-0.16375431,-0.08126638,-0.1321858,-0.076398715,0.07460296,-0.08081037,0.04122313,-0.28332,0.1504521,-0.15274984,0.12493573,0.0711108,0.050219603,-0.05116655,-0.19076891,-0.06854699,0.13538015,0.1636649,0.11981154,0.008452078,0.092474416,-0.0071876086,0.18209215,0.097930185,0.022705708,-0.13248824,0.3029585,0.22348815,0.082322724,-0.25175938,0.00130786
2024-07-31 18:00:00,-0.074613266,-0.16146335,-0.08068747,-0.12996422,-0.07498263,0.071391374,-0.08053196,0.04118865,-0.28039074,0.14775667,-0.15096879,0.12300366,0.069826156,0.050370574,-0.05211466,-0.18806218,-0.06728532,0.13474546,0.16157317,0.11992009,0.008134214,0.092345715,-0.00825588,0.18030109,0.09686698,0.022960596,-0.1314925,0.3017744,0.22292054,0.08133757,-0.24954763,0.0020388588
2024-07-31 19:00:00,-0.074312925,-0.1507974,-0.07990036,-0.12016523,-0.0705484,0.064087614,-0.07409184,0.041090928,-0.26720643,0.136904,-0.14849769,0.11675778,0.0659772,0.054100294,-0.059136752,-0.18096206,-0.058281533,0.13265231,0.15366855,0.12274494,0.00652151,0.08849797,-0.007198192,0.17485584,0.09113522,0.026349477,-0.12793644,0.29409885,0.21981934,0.076580524,-0.23802912,-0.0007863566
2024-08-01 13:00:00,-0.07373834,-0.1448141,-0.07793545,-0.111139104,-0.06695704,0.057616044,-0.06832699,0.038121462,-0.259195,0.12818807,-0.14730859,0.11420739,0.0631758,0.05627744,-0.06392376,-0.17586832,-0.05003105,0.1303103,0.14742208,0.12668957,0.0056020394,0.08374205,-0.0062779374,0.16890821,0.08560152,0.029241329,-0.12451348,0.2872728,0.2182104,0.075606525,-0.22890067,-0.0011350587
2024-08-01 14:00:00,-0.0726044,-0.12815577,-0.074703194,-0.09668921,-0.060433343,0.050368305,-0.05790443,0.03677427,-0.24182577,0.11372616,-0.13997269,0.10573839,0.056902345,0.062945805,-0.072573446,-0.1651104,-0.03766965,0.12770735,0.13427857,0.13092369,0.0052237473,0.07900098,-0.0052003153,0.16005717,0.07804006,0.033089697,-0.11863817,0.27376974,0.21135136,0.069225244,-0.21451488,-0.0051096454
2024-08-01 15:00:00,-0.0702642,-0.10878808,-0.06825849,-0.081082955,-0.052876994,0.04406782,-0.047896072,0.033270814,-0.2238297,0.09935067,-0.12910375,0.096650995,0.04848117,0.06958937,-0.079804,-0.15226541,-0.027276162,0.12380071,0.118958145,0.13429372,0.006478071,0.07413968,-0.007051103,0.14946613,0.07128694,0.03586316,-0.11093869,0.25818858,0.20130838,0.063808784,-0.20075679,-0.007587008
2024-08-01 16:00:00,-0.06793928,-0.09834752,-0.061247982,-0.072293505,-0.0473838,0.04094914,-0.043676116,0.027806424,-0.21587123,0.09228452,-0.12215519,0.092775375,0.04211035,0.07195309,-0.08185445,-0.14438306,-0.023635924,0.119449824,0.11016369,0.13550165,0.008705169,0.07138202,-0.009865329,0.14216433,0.067490265,0.035877805,-0.105068296,0.248561,0.19312063,0.063362636,-0.1940059,-0.0055998117
2024-08-01 17:00:00,-0.0689982,-0.08711324,-0.04616739,-0.101146266,-0.057294443,0.053782064,-0.046707436,0.038804494,-0.23296666,0.11802172,-0.07679165,0.09045823,0.012138851,0.06752063,-0.059124965,-0.13153599,-0.055162005,0.128202,0.1079302,0.10234936,0.0013551619,0.0730389,-0.03862745,0.1571674,0.08093464,0.013298016,-0.09260271,0.24324107,0.1848245,0.042127706,-0.234577,-0.018859647
2024-08-01 18:00:00,-0.07108252,-0.0831288,-0.05008199,-0.098029375,-0.048026875,0.04981756,-0.054157577,0.032199763,-0.22278368,0.1113575,-0.081607446,0.08151695,0.014708441,0.065452345,-0.062003925,-0.12350592,-0.05933001,0.121409975,0.11392306,0.101486534,0.0060122516,0.07070647,-0.039649665,0.1487204,0.07747707,0.01600751,-0.08924914,0.24908054,0.18203825,0.04329615,-0.22150224,-0.008853495
2024-08-01 19:00:00,-0.070507176,-0.08771742,-0.048678197,-0.09307489,-0.044751324,0.043018747,-0.062021725,0.025291838,-0.22310343,0.10703591,-0.0914612,0.084888004,0.017947566,0.06368751,-0.061115146,-0.12274648,-0.055890664,0.114817366,0.11590172,0.104474954,0.009392908,0.06929296,-0.037424453,0.14433366,0.071684,0.020216934,-0.08979592,0.24929622,0.18228656,0.049173836,-0.21207696,0.0008711964
2024-08-02 13:00:00,-0.06737808,-0.094354846,-0.048802763,-0.08715449,-0.04114954,0.035334203,-0.065140605,0.018761896,-0.22326645,0.10197451,-0.102815576,0.09024334,0.024339627,0.06298503,-0.06242013,-0.124834076,-0.047003977,0.11052133,0.11506322,0.110177055,0.009824678,0.06825406,-0.03116818,0.13998203,0.06649099,0.026674025,-0.09126568,0.24790773,0.18392323,0.056704186,-0.20332903,0.009983338
2024-08-02 14:00:00,-0.06284487,-0.079360016,-0.04999716,-0.06634532,-0.031622276,0.022113096,-0.051366545,0.018111356,-0.19822252,0.08092559,-0.10222424,0.08217457,0.023998562,0.07197389,-0.07607235,-0.115899235,-0.023943186,0.10969947,0.09872998,0.11999814,0.007527048,0.06347244,-0.024719592,0.12815896,0.05606676,0.037645884,-0.08862639,0.23267573,0.1797899,0.05234833,-0.18096243,0.007953875
2024-08-02 15:00:00,-0.058704898,-0.07036277,-0.046767533,-0.053431302,-0.02629742,0.018009897,-0.042165823,0.013939649,-0.18670812,0.07022945,-0.101077765,0.07984525,0.023728888,0.0769276,-0.08269779,-0.11269979,-0.011546131,0.107119635,0.086410135,0.12733708,0.0085799005,0.06057185,-0.021256186,0.12044871,0.052194387,0.042968564,-0.08590352,0.2219347,0.17471674,0.05408162,-0.16997826,0.008557983
2024-08-02 16:00:00,-0.055479437,-0.065852605,-0.043769225,-0.041944787,-0.022189863,0.010274496,-0.034361124,0.01144021,-0.17982864,0.059903868,-0.096372075,0.07941345,0.022795584,0.07974118,-0.08706582,-0.107639894,-0.0012134537,0.107719585,0.07664977,0.13396496,0.008413145,0.05767163,-0.021668624,0.111401156,0.04656329,0.045310974,-0.085546374,0.21453056,0.17297904,0.054859355,-0.16348329,0.009659536
2024-08-02 17:00:00,-0.051569894,-0.057324655,-0.04011462,-0.03450477,-0.016917393,0.010323681,-0.028514775,0.009176619,-0.17274383,0.054585755,-0.09121741,0.07622863,0.021384057,0.08346819,-0.09055159,-0.10379328,0.0035115667,0.10679202,0.06702177,0.13689639,0.009764311,0.058690403,-0.021866318,0.107177265,0.045317344,0.04579942,-0.08374001,0.20750774,0.16683531,0.05363199,-0.15854725,0.009809889
2024-08-02 18:00:00,-0.049599845,-0.057714753,-0.03761567,-0.033483237,-0.015596658,0.010628868,-0.028320158,0.006937422,-0.17488325,0.055027045,-0.08893963,0.07748872,0.021210235,0.08299124,-0.08960408,-0.10327284,0.0024380777,0.106679186,0.065367356,0.1379003,0.011055935,0.060224786,-0.023798302,0.10546801,0.04557537,0.04358345,-0.08428472,0.20732372,0.16565523,0.05552472,-0.16004801,0.012183931
2024-08-02 19:00:00,-0.046715874,-0.05833318,-0.03560604,-0.033127747,-0.013163842,0.0107175745,-0.029251082,0.004215561,-0.17660351,0.0561995,-0.08781621,0.0783555,0.021370787,0.08195138,-0.08848521,-0.10281961,0.0010241382,0.10590388,0.063957855,0.1379058,0.0119566955,0.06256513,-0.02523952,0.10454694,0.046289653,0.0419283,-0.084467195,0.20770037,0.16461179,0.0574987,-0.16077441,0.016241297
2024-08-05 13:00:00,-0.04363226,-0.057011634,-0.03458131,-0.029691339,-0.009281844,0.0079332255,-0.028251106,0.001460433,-0.17427301,0.054109044,-0.087673925,0.07758655,0.021429311,0.08153125,-0.089817606,-0.10112563,0.0032134373,0.10463218,0.060782075,0.13919061,0.011820302,0.063615695,-0.025345488,0.10227129,0.045690257,0.042499002,-0.08335664,0.2064448,0.16397151,0.05851657,-0.15727523,0.020330355
2024-08-05 14:00:00,-0.040054604,-0.039422534,-0.038662165,-0.0018998533,0.0014726222,-0.012335636,-0.0076191146,0.007299766,-0.14218216,0.026293477,-0.07599468,0.06607042,0.016391654,0.09114693,-0.10661049,-0.086255014,0.03072362,0.11076273,0.043434866,0.14895429,0.0036288071,0.05454634,-0.02793483,0.08844734,0.029465362,0.05376099,-0.08144043,0.19045489,0.16356458,0.044429354,-0.13466784,0.01316157
2024-08-05 15:00:00,-0.03447556,-0.019400842,-0.03594075,0.025392532,0.013300978,-0.026761884,0.012422593,0.009346336,-0.11534643,0.0012478065,-0.05923268,0.05752971,0.011877779,0.10189022,-0.11906481,-0.07257878,0.05397404,0.11479741,0.020330511,0.15845522,-0.00120469,0.044531815,-0.034041725,0.072885364,0.016920354,0.062381584,-0.07861955,0.17234515,0.15963188,0.03401058,-0.116963215,0.008909091
2024-08-05 16:00:00,-0.030364271,-0.0060712844,-0.029843725,0.043131568,0.023064382,-0.03501031,0.024451235,0.0074934885,-0.1008611,-0.014156692,-0.046912886,0.054022767,0.00935052,0.10939967,-0.12583928,-0.06288242,0.06699778,0.11574079,0.0032266602,0.16496369,-0.0026154593,0.039212435,-0.039509058,0.06095828,0.009433645,0.06495072,-0.0750625,0.15872948,0.15378931,0.028358739,-0.10661313,0.008463595
2024-08-05 17:00:00,-0.027920417,0.0100007355,-0.024779946,0.055850394,0.031917986,-0.035354044,0.03329604,0.0057697445,-0.0868588,-0.023813305,-0.0380609,0.046904147,0.0069338903,0.11732102,-0.13232708,-0.054840595,0.073731914,0.114659205,-0.010139216,0.16870108,-0.0024213027,0.03841686,-0.041814655,0.054941714,0.006917565,0.06546847,-0.06771279,0.14667323,0.14363289,0.021313287,-0.09654876,0.0058760718
2024-08-05 18:00:00,-0.027430251,0.017043259,-0.017892197,0.05873658,0.035977036,-0.03309641,0.033418447,0.0011209659,-0.08568206,-0.024363138,-0.03534139,0.044821493,0.0032342896,0.11858002,-0.13322343,-0.05113174,0.07015203,0.10990974,-0.014075942,0.16875273,0.00087971985,0.03907743,-0.04397261,0.052774377,0.00824345,0.06213411,-0.06148076,0.14176297,0.13530748,0.021827653,-0.09418568,0.0076222196
2024-08-05 19:00:00,-0.025231145,0.026660725,-0.011569731,0.063064754,0.041535657,-0.032384515,0.03393791,-0.004149236,-0.080908775,-0.026160277,-0.033247,0.039989285,-0.0016494729,0.11919754,-0.13569553,-0.045679457,0.06793775,0.10458603,-0.0190911,0.16837281,0.0043848027,0.040233053,-0.044741973,0.049852334,0.010114471,0.06069102,-0.05327121,0.13587809,0.12589386,0.02253077,-0.08891672,0.011261694
2024-08-06 13:00:00,-0.023114495,0.027539942,-0.005799845,0.06463414,0.045061603,-0.035087015,0.031697385,-0.011697598,-0.083487615,-0.025983384,-0.035604265,0.04047663,-0.005873572,0.115302816,-0.1355988,-0.0430682,0.06587369,0.09846635,-0.019491866,0.1681864,0.0073387343,0.04030012,-0.043919146,0.046216644,0.010568789,0.059813306,-0.048044093,0.13417055,0.12204665,0.028061096,-0.08603213,0.020063106
2024-08-06 14:00:00,-0.017304443,0.040601753,-0.003039673,0.07701768,0.053172067,-0.041245904,0.038912237,-0.014489543,-0.06973726,-0.035769522,-0.02915562,0.032806695,-0.010178737,0.11817156,-0.14236085,-0.034378126,0.074296616,0.098116115,-0.030506805,0.1705586,0.008287456,0.03891152,-0.044888303,0.03803236,0.008308963,0.06465532,-0.04110715,0.12444781,0.11598915,0.025830207,-0.07553064,0.023393936
2024-08-06 15:00:00,-0.012042102,0.050930724,0.0018251464,0.085075736,0.059191905,-0.045009315,0.043279953,-0.017665673,-0.061588805,-0.042119354,-0.022128852,0.028124198,-0.014316693,0.11967181,-0.14548108,-0.028123066,0.07780893,0.09716848,-0.040123798,0.17150706,0.010412112,0.037538245,-0.048311103,0.0312857,0.007662707,0.067013845,-0.036473755,0.11721784,0.11008021,0.025905263,-0.07019678,0.02679751
2024-08-06 16:00:00,-0.0068955915,0.057263456,0.0064762086,0.092054956,0.064564735,-0.051492926,0.046711646,-0.019642219,-0.05596983,-0.04851702,-0.013757827,0.026596911,-0.017378805,0.12026833,-0.14678465,-0.021873944,0.08140382,0.09888819,-0.048552327,0.1720045,0.011471676,0.035844896,-0.054612633,0.023514783,0.0049837334,0.068241954,-0.03567148,0.11188951,0.10701467,0.026060276,-0.067830786,0.03095831
2024-08-06 17:00:00,-0.002637403,0.057729103,0.0110691935,0.09121516,0.06806629,-0.05428232,0.043917067,-0.023245974,-0.058140043,-0.048252285,-0.00978829,0.02891504,-0.018460082,0.11902609,-0.14415728,-0.019481465,0.079044975,0.098056026,-0.05219921,0.16971287,0.01301956,0.03717117,-0.059122507,0.02036236,0.004604914,0.06634411,-0.03687644,0.111130685,0.10484421,0.028555179,-0.06969623,0.037059665
2024-08-06 18:00:00,0.0009512473,0.0559164,0.01408777,0.08677671,0.07073182,-0.054507766,0.038131714,-0.02780797,-0.0628439,-0.044115093,-0.010416732,0.031787,-0.017873943,0.11657897,-0.14042434,-0.019442782,0.074213125,0.09478612,-0.052696347,0.16647966,0.01484723,0.040685117,-0.06041273,0.020666003,0.006653064,0.06380422,-0.037426658,0.112898365,0.103100374,0.032113172,-0.071794935,0.044103995
2024-08-06 19:00:00,0.0056569222,0.066358946,0.015261248,0.09209471,0.07761274,-0.05584427,0.040932857,-0.02962054,-0.05175176,-0.048074447,-0.007974997,0.02550121,-0.018649796,0.11833477,-0.1440389,-0.015183911,0.07716155,0.092981994,-0.06098488,0.16619529,0.015580764,0.042475976,-0.060863562,0.018479658,0.008375944,0.06631544,-0.032678593,0.10748957,0.09712188,0.030062709,-0.06439256,0.04661868
2024-08-07 13:00:00,0.009323193,0.0789822,0.01687625,0.10126832,0.0840181,-0.05835031,0.046913177,-0.031803228,-0.037918646,-0.055375457,-0.0057828985,0.017738491,-0.021287091,0.12068382,-0.14992633,-0.010391787,0.08285023,0.09099425,-0.07033621,0.16863443,0.016167901,0.041432954,-0.060269456,0.014196064,0.009474152,0.070517704,-0.025412342,0.09951386,0.09076232,0.028172137,-0.054154385,0.047737684
2024-08-07 14:00:00,0.012383995,0.08337076,0.020546218,0.10718967,0.08771467,-0.06347261,0.049544543,-0.035620794,-0.03470551,-0.060350843,-0.00363536,0.016797394,-0.024051871,0.11960782,-0.15195374,-0.007149875,0.08656647,0.08946724,-0.07556998,0.17081153,0.017371684,0.039226227,-0.061244898,0.008512793,0.008529509,0.07275008,-0.02197891,0.09536367,0.08873801,0.03055301,-0.050002765,0.052456684
2024-08-07 15:00:00,0.015932428,0.084647745,0.024513988,0.10728209,0.09005321,-0.06532383,0.048183918,-0.039076816,-0.03736236,-0.06034492,-0.0008334704,0.017807603,-0.025335565,0.118137375,-0.1508056,-0.0053720884,0.08546594,0.08812788,-0.07867426,0.17005908,0.019529035,0.04007957,-0.06297882,0.0057224017,0.009076753,0.072134286,-0.020581389,0.094416514,0.08659743,0.03363516,-0.051236227,0.057390492
2024-08-07 16:00:00,0.019791223,0.09278628,0.026906475,0.110547416,0.09440322,-0.06566488,0.050104596,-0.039808024,-0.031247659,-0.062668905,0.0037672855,0.013253074,-0.026575912,0.1193731,-0.15260305,-0.0016482808,0.08605887,0.08800728,-0.08549817,0.16941021,0.020910466,0.041694824,-0.065216176,0.0035114307,0.0106361965,0.07282609,-0.017391212,0.09049377,0.08135691,0.032457054,-0.048675273,0.058563378
2024-08-07 17:00:00,0.023203224,0.105188504,0.028291741,0.11914444,0.099972665,-0.067530945,0.056360997,-0.03918699,-0.017808575,-0.06949484,0.009148307,0.00561966,-0.02899094,0.12250775,-0.1575085,0.0037859157,0.09053641,0.089359894,-0.094828494,0.17114437,0.020985795,0.04078506,-0.06792101,-0.0006452296,0.010831255,0.07576846,-0.012925046,0.08328443,0.07533324,0.02877541,-0.0415742,0.057208583
2024-08-07 18:00:00,0.026073009,0.11757815,0.030426648,0.12978801,0.10562596,-0.07064171,0.06379409,-0.039211057,-0.0039152987,-0.078213476,0.014031678,-0.0015359707,-0.03220528,0.12584206,-0.16318348,0.009256382,0.09635895,0.09034334,-0.10425399,0.17437162,0.020743757,0.038007222,-0.07037783,-0.006126711,0.010122069,0.07923776,-0.007644262,0.07485363,0.069372825,0.025446841,-0.033094645,0.056061942
2024-08-07 19:00:00,0.027564973,0.12018284,0.034640133,0.13358201,0.10825568,-0.07466602,0.064713456,-0.04223553,-0.003398586,-0.081717916,0.015353408,-0.00095900334,-0.034953337,0.1248278,-0.1642254,0.011339441,0.09755539,0.088478595,-0.10722497,0.17561665,0.021954328,0.03592246,-0.07213741,-0.010364236,0.009098495,0.079299204,-0.0053442214,0.07198267,0.066867545,0.027535105,-0.030877044,0.059937295
2024-08-08 13:00:00,0.029409021,0.12371808,0.03756067,0.13573483,0.11095903,-0.075858474,0.06486505,-0.044844016,-0.0021113195,-0.083218895,0.015289698,-0.002368264,-0.036519207,0.12472379,-0.16575524,0.012933139,0.09780433,0.085410595,-0.11027458,0.17595927,0.02352376,0.036281727,-0.071429156,-0.012307098,0.009882848,0.07927844,-0.0014715623,0.06964721,0.06312923,0.028757513,-0.028231133,0.06291561
2024-08-08 14:00:00,0.033406712,0.13063905,0.038408656,0.14696388,0.116446376,-0.08242798,0.07227268,-0.045549095,0.008282755,-0.09256128,0.01993616,-0.0058326423,-0.038172975,0.12701441,-0.17112459,0.018009074,0.10720065,0.0880559,-0.11849302,0.17990872,0.022307565,0.033759873,-0.07298261,-0.019836443,0.006244193,0.08393048,0.0011762921,0.06288648,0.061540887,0.02680178,-0.020719655,0.064929776
2024-08-08 15:00:00,0.03575298,0.12988728,0.042439938,0.14501184,0.11805425,-0.08357942,0.0695683,-0.04942664,0.0025829934,-0.09113865,0.020836834,-0.0030572433,-0.038995013,0.12534928,-0.16956726,0.018045094,0.10475469,0.08511302,-0.11983377,0.17907074,0.024326967,0.034766227,-0.073927306,-0.021085287,0.006923533,0.08232641,0.0019512065,0.06338434,0.05976899,0.030372672,-0.022828974,0.069916755
2024-08-08 16:00:00,0.038299914,0.12717287,0.04539056,0.13966556,0.11898443,-0.083882354,0.0640996,-0.053071417,-0.005424138,-0.08653712,0.021745846,0.00038408488,-0.038640104,0.122587964,-0.16589856,0.01802845,0.09969627,0.08294494,-0.11913016,0.17612642,0.026611572,0.038128253,-0.075417064,-0.02090464,0.008985513,0.07916574,0.001443766,0.066307,0.0590953,0.034372937,-0.027599275,0.075709805
2024-08-08 17:00:00,0.041732196,0.12650728,0.046176728,0.13851169,0.12140214,-0.08719292,0.0617697,-0.05495715,-0.006839659,-0.08607634,0.024290863,0.0020393375,-0.037874617,0.121106975,-0.16455467,0.019614384,0.09922192,0.08358427,-0.12127577,0.17440303,0.027013145,0.040525444,-0.07781413,-0.022758583,0.009213147,0.078744926,-0.00028133206,0.067382075,0.059832603,0.0362764,-0.028966676,0.08070655
2024-08-08 18:00:00,0.044178497,0.124061085,0.046985272,0.13328202,0.122397006,-0.08730358,0.056232095,-0.058134183,-0.011927269,-0.08155585,0.023344368,0.0045204908,-0.0364734,0.11865138,-0.16125473,0.018698785,0.09506979,0.08098216,-0.12081881,0.171581,0.028239917,0.044157322,-0.078054674,-0.021250749,0.011937032,0.07672406,-0.001387978,0.07017681,0.06001822,0.039597847,-0.03173165,0.0860575
2024-08-08 19:00:00,0.045884512,0.12340894,0.047014534,0.12826921,0.122960284,-0.08542296,0.05137319,-0.060458213,-0.014745768,-0.07665751,0.02105337,0.0046004225,-0.035153247,0.11634317,-0.15875854,0.017420106,0.09071056,0.077555604,-0.12016229,0.16882044,0.0298874,0.048167054,-0.076959446,-0.018338347,0.016184445,0.07509934,-0.0005477816,0.072584465,0.059055284,0.04222393,-0.033386767,0.089749604
2024-08-09 13:00:00,0.047817774,0.122442126,0.046335656,0.12814845,0.124191165,-0.08819544,0.0496749,-0.06279558,-0.014793392,-0.076645605,0.019426242,0.005358074,-0.034625947,0.11417342,-0.15826558,0.017378774,0.09197094,0.07649057,-0.120995075,0.16890362,0.030435989,0.049434982,-0.075631015,-0.019486083,0.017082438,0.07641536,-0.0004676599,0.073397554,0.060864527,0.044870023,-0.031959843,0.09408678
2024-08-09 14:00:00,0.050617166,0.12448374,0.046052076,0.13121845,0.12639078,-0.091101825,0.051513307,-0.064027384,-0.0109813325,-0.07965284,0.020121507,0.004247088,-0.03425678,0.114064865,-0.15985282,0.018408109,0.096046545,0.07666486,-0.12517303,0.17021355,0.030437043,0.049574714,-0.07467744,-0.021984367,0.0168362,0.079277605,0.00040448643,0.07150475,0.06128599,0.045729697,-0.028771833,0.09649276
2024-08-09 15:00:00,0.053838838,0.12920162,0.047031656,0.134716,0.12892869,-0.09261048,0.054765753,-0.064124055,-0.0059581213,-0.083126865,0.023943603,0.0017527267,-0.034282465,0.11530219,-0.16182892,0.02055245,0.099189125,0.0780719,-0.13122985,0.17119648,0.030607017,0.0497404,-0.07588087,-0.024540653,0.016995527,0.08135794,0.0017145369,0.06827582,0.059354484,0.04509474,-0.026773103,0.09685319
2024-08-09 16:00:00,0.05511667,0.13177902,0.048658192,0.13311556,0.12969384,-0.091100976,0.053983428,-0.06467591,-0.0061893575,-0.08176014,0.025811661,0.00052616,-0.03437594,0.11516364,-0.16105959,0.021019582,0.09671046,0.07748471,-0.13314262,0.17009544,0.0317721,0.051320963,-0.07719214,-0.023886165,0.01966355,0.08012426,0.0030118097,0.06769455,0.056575313,0.04547267,-0.028292015,0.0971701
2024-08-09 17:00:00,0.057810225,0.13516907,0.049554504,0.13692287,0.13207033,-0.095328376,0.05682519,-0.063692786,-0.0013282411,-0.08628796,0.031381533,-0.0005730372,-0.035324678,0.11603665,-0.16256835,0.02437146,0.09952065,0.08125223,-0.138163,0.1703674,0.030771568,0.050734032,-0.08162421,-0.027598409,0.017765537,0.08139526,0.0019414183,0.06538674,0.05589363,0.04425832,-0.027718946,0.09766751
2024-08-09 18:00:00,0.05865386,0.14139514,0.05069895,0.1387741,0.13459682,-0.09439566,0.058234327,-0.06343928,0.0044439994,-0.08763219,0.032479547,-0.004328808,-0.0360305,0.11743264,-0.16402866,0.025879312,0.099035375,0.08018661,-0.14192599,0.17004088,0.030931175,0.051184602,-0.083052605,-0.027343811,0.019265726,0.08151746,0.0042027235,0.062522285,0.051436722,0.042154767,-0.025078006,0.09657408
2024-08-09 19:00:00,0.05836496,0.13990983,0.05205603,0.13593046,0.13424772,-0.09429419,0.054740243,-0.065390274,0.00022657216,-0.085033976,0.030870207,-0.002593793,-0.036634043,0.11558596,-0.16193832,0.025317162,0.0956253,0.07793013,-0.13975206,0.16874579,0.032130554,0.05193283,-0.083226085,-0.02644449,0.020803154,0.07928066,0.004714757,0.064016834,0.050745077,0.044333324,-0.02693813,0.09893842
2024-08-12 13:00:00,0.057699483,0.13531473,0.052128747,0.13103327,0.13280258,-0.09353721,0.049221843,-0.06775648,-0.006771814,-0.08013967,0.026699085,0.00028280355,-0.036194302,0.11266958,-0.15876958,0.02318222,0.09172207,0.07452179,-0.13530298,0.16710702,0.0334908,0.05377648,-0.08112258,-0.024286514,0.022929668,0.07711235,0.0048521105,0.06759319,0.052007858,0.047854017,-0.029510602,0.10258806
2024-08-12 14:00:00,0.058582615,0.13932873,0.05140228,0.1339164,0.1341736,-0.093422964,0.05136615,-0.06742093,-0.0009031631,-0.08215922,0.025569208,-0.0036099162,-0.036855534,0.11314365,-0.16134882,0.0241616,0.094239615,0.073599435,-0.13787504,0.16792956,0.033932462,0.054077473,-0.07927882,-0.024924988,0.023606896,0.079293095,0.007812651,0.06554707,0.05034419,0.047138415,-0.025413625,0.10226986
2024-08-12 15:00:00,0.059905536,0.14537105,0.05204142,0.13879704,0.13575584,-0.093887344,0.055910043,-0.0665991,0.0062069707,-0.08640734,0.027763955,-0.007856125,-0.03862302,0.114542425,-0.16458592,0.026589254,0.09761772,0.074676074,-0.14244851,0.16948333,0.034154437,0.05276789,-0.0794482,-0.027202005,0.023285002,0.0817682,0.010598373,0.061717644,0.047754675,0.045746602,-0.021674767,0.100547805
2024-08-12 16:00:00,0.06097547,0.14680952,0.053639136,0.14133945,0.13646859,-0.09647506,0.057959646,-0.06677696,0.0071999766,-0.08946211,0.030942984,-0.007615174,-0.040065087,0.114681035,-0.16534,0.02840927,0.09954601,0.07661556,-0.14484371,0.17030673,0.034112442,0.05108403,-0.0813227,-0.030241372,0.021774761,0.08252488,0.010411555,0.06001631,0.047487114,0.046100475,-0.021569274,0.10115363
2024-08-12 17:00:00,0.061284352,0.14758414,0.05482413,0.14005508,0.13648975,-0.09590244,0.05740811,-0.066583194,0.006024871,-0.08875084,0.03278915,-0.0076154135,-0.04035517,0.11482751,-0.16464953,0.029017877,0.097654454,0.07693605,-0.14529613,0.16912106,0.03422273,0.051414557,-0.08297727,-0.030001907,0.022351597,0.081280075,0.01028581,0.05996483,0.04600909,0.045830775,-0.023525275,0.10099438
2024-08-12 18:00:00,0.060958568,0.14729057,0.055430643,0.13692209,0.13603596,-0.09460859,0.054821655,-0.06684455,0.003450822,-0.086039424,0.032729216,-0.007288737,-0.040413827,0.113999546,-0.1630466,0.028851707,0.09396019,0.07581006,-0.14383423,0.1670332,0.034746133,0.052738063,-0.08405026,-0.028352851,0.02407848,0.07911605,0.01025762,0.061297927,0.04471297,0.04625423,-0.025987685,0.10155998
2024-08-12 19:00:00,0.059668504,0.14152446,0.05510725,0.13001597,0.13372523,-0.0931319,0.04793021,-0.06881031,-0.00535902,-0.07955651,0.0288807,-0.003652338,-0.039697006,0.11083729,-0.15873319,0.02615964,0.08814758,0.07246626,-0.13791226,0.16417024,0.035975125,0.05514458,-0.08284263,-0.024976613,0.026697803,0.07574129,0.009253621,0.066028796,0.046216156,0.049706157,-0.03054678,0.10490429
2024-08-13 13:00:00,0.059203908,0.13500756,0.053452216,0.1252001,0.1318422,-0.093416385,0.042369273,-0.0707039,-0.012288336,-0.074935585,0.024590109,-6.3147396e-05,-0.03829021,0.10779028,-0.15542483,0.02359313,0.085665695,0.07020323,-0.13317168,0.1627152,0.03655923,0.05718144,-0.08036936,-0.02308852,0.028062463,0.074527934,0.007807847,0.07046408,0.049868904,0.05333446,-0.03320919,0.10894288
2024-08-13 14:00:00,0.05974788,0.13014016,0.05134513,0.12413019,0.13118929,-0.09540139,0.040204372,-0.072352424,-0.015195627,-0.07393357,0.021077465,0.0025271736,-0.03657753,0.10597986,-0.154253,0.021762295,0.08758773,0.06936585,-0.13162191,0.16340744,0.036392827,0.057965476,-0.07713295,-0.023367086,0.02775224,0.07604193,0.006522039,0.07264534,0.054190785,0.056090355,-0.032664888,0.11240826
2024-08-13 15:00:00,0.06163107,0.1285727,0.050114866,0.124638125,0.13115636,-0.096787035,0.04136406,-0.072134376,-0.01476717,-0.07523,0.022356603,0.0031693038,-0.03493654,0.10628882,-0.1546277,0.021782974,0.09052357,0.07122569,-0.13375321,0.16407195,0.03577896,0.058465507,-0.07629111,-0.024606207,0.027068883,0.07801318,0.0051350947,0.07252617,0.056497145,0.05663286,-0.032813646,0.11324955
2024-08-13 16:00:00,0.062286675,0.1261524,0.049281873,0.12203746,0.13018826,-0.09599882,0.040345855,-0.07200545,-0.01732174,-0.073430784,0.023060344,0.004591435,-0.03298968,0.10626493,-0.15310279,0.020687293,0.08990442,0.072222464,-0.13375184,0.1635857,0.035634518,0.059862353,-0.0759995,-0.023791308,0.028264828,0.077799395,0.0035136174,0.07367405,0.057989217,0.05724985,-0.0353551,0.11352886
2024-08-13 17:00:00,0.06248405,0.12421307,0.048354678,0.11939098,0.12927423,-0.09522019,0.03898119,-0.071483195,-0.019260097,-0.07148449,0.023644,0.005598534,-0.03139949,0.10615063,-0.15159619,0.019774746,0.08851789,0.07316998,-0.13323739,0.16273017,0.03534876,0.061434638,-0.07643273,-0.022584515,0.029530298,0.07710582,0.0019615255,0.07508422,0.059089083,0.057342924,-0.037899304,0.11340167
2024-08-13 18:00:00,0.06190098,0.12271193,0.047390692,0.11591074,0.12799479,-0.0931438,0.03680273,-0.070899114,-0.021230124,-0.068354785,0.022911243,0.0058921166,-0.030152295,0.10566753,-0.14983416,0.018406592,0.08561769,0.07286389,-0.13149081,0.16124642,0.035362057,0.0633173,-0.07659985,-0.020012075,0.03164752,0.07573273,0.0012229774,0.07689136,0.059308186,0.05736439,-0.04045982,0.112873994
2024-08-13 19:00:00,0.06042398,0.11898987,0.046068877,0.11129893,0.12583128,-0.09085695,0.03281825,-0.07113004,-0.025671791,-0.06371599,0.019569177,0.007361505,-0.028896939,0.10398355,-0.14704022,0.015752807,0.081893615,0.07116238,-0.12729363,0.15978786,0.035853073,0.06524246,-0.07536086,-0.0166371,0.03408771,0.07397002,0.00059066154,0.08015484,0.060659472,0.058863744,-0.043253046,0.11341425
2024-08-14 13:00:00,0.058812957,0.11374943,0.04414626,0.10843879,0.12383591,-0.09017061,0.029353684,-0.07221566,-0.030134212,-0.060343318,0.013853878,0.009703539,-0.027528988,0.101756305,-0.14479625,0.012405455,0.080832504,0.06914057,-0.122789375,0.16010392,0.036142316,0.06615048,-0.071999714,-0.014390932,0.03505004,0.07386844,2.0254403e-05,0.08353785,0.06407236,0.061433047,-0.043747343,0.11507732
2024-08-14 14:00:00,0.058563046,0.11052132,0.042434245,0.10865708,0.122573294,-0.09105304,0.029645735,-0.07189211,-0.030895524,-0.060899824,0.011867031,0.010834202,-0.026468309,0.101179406,-0.14487787,0.011107001,0.08329379,0.07002758,-0.1217539,0.16141234,0.035642058,0.065784596,-0.0697092,-0.014633974,0.033894066,0.075686306,-0.0010843985,0.084632255,0.06744172,0.062427074,-0.04318441,0.115260094
2024-08-14 15:00:00,0.059303068,0.11135921,0.041715953,0.11050699,0.12203932,-0.09145096,0.033192888,-0.06936196,-0.027702097,-0.063803464,0.015017554,0.009797599,-0.026119854,0.10284183,-0.14660305,0.012127832,0.08627079,0.073577814,-0.12433988,0.16217527,0.034595083,0.06494494,-0.070533454,-0.015816713,0.032098234,0.077557154,-0.0025410103,0.083253965,0.06816623,0.060535487,-0.043282952,0.11248355
2024-08-14 16:00:00,0.05909922,0.11602301,0.04187221,0.11330742,0.12279152,-0.090335846,0.037167065,-0.06722365,-0.021908473,-0.066589825,0.017219257,0.0067599528,-0.026534354,0.10525032,-0.14887881,0.013345718,0.08809328,0.07525812,-0.12753183,0.1630896,0.03406611,0.063935764,-0.07159752,-0.016239734,0.031478927,0.07875855,-0.0020146063,0.08034641,0.06572049,0.057187393,-0.04120032,0.10852902
2024-08-14 17:00:00,0.0577722,0.11615963,0.04272771,0.1113044,0.121490456,-0.08824465,0.036774762,-0.066137195,-0.023528095,-0.06510153,0.018484369,0.0068456084,-0.027060816,0.105592266,-0.1479655,0.013193004,0.0851729,0.07592042,-0.12602657,0.16202247,0.03417042,0.063730225,-0.0733117,-0.014775651,0.03218943,0.07670443,-0.00239004,0.080787584,0.06437802,0.056187727,-0.043901414,0.10624427
2024-08-14 18:00:00,0.05562084,0.11294834,0.04284785,0.10518746,0.11875213,-0.08485174,0.03234105,-0.065678254,-0.029673744,-0.059521385,0.017580792,0.008430611,-0.027046222,0.10419606,-0.1445597,0.011497833,0.0786912,0.0748764,-0.12067468,0.15889888,0.034616362,0.06519884,-0.074414566,-0.010974204,0.034581564,0.072847724,-0.0031895684,0.084221244,0.06409663,0.05675563,-0.04941099,0.10568896
2024-08-14 19:00:00,0.05329381,0.109632984,0.04154674,0.10037361,0.116149105,-0.082338236,0.028052945,-0.065119624,-0.03374684,-0.054789037,0.014344804,0.009364905,-0.026766315,0.10242535,-0.14196415,0.009440444,0.07391257,0.073166214,-0.115223356,0.15640807,0.034882918,0.06657778,-0.074074924,-0.0072918665,0.03642765,0.07056389,-0.0038903728,0.08789252,0.06494829,0.057486713,-0.052590623,0.10556753
2024-08-15 13:00:00,0.0515379,0.10564003,0.03973267,0.09887573,0.11440515,-0.082603306,0.025512725,-0.06557566,-0.036203578,-0.053065352,0.009600088,0.01101863,-0.026393369,0.100648284,-0.14074989,0.007339254,0.07345909,0.07176689,-0.111131236,0.15638298,0.034746837,0.06633518,-0.07182084,-0.005877884,0.03606748,0.07078548,-0.0046758205,0.09054163,0.06780932,0.059124388,-0.052302267,0.106579706
2024-08-15 14:00:00,0.05017156,0.10078144,0.038033154,0.09808893,0.11275193,-0.08267732,0.024168931,-0.06664469,-0.039315283,-0.05183526,0.0041299425,0.013241261,-0.025252935,0.09919566,-0.13988641,0.004493743,0.0748554,0.07031916,-0.107756235,0.15773141,0.034566045,0.06563227,-0.06770904,-0.00497522,0.035283208,0.07199535,-0.0051282886,0.092601076,0.07140222,0.06139797,-0.05113233,0.10786761
2024-08-15 15:00:00,0.04976791,0.09600237,0.037033536,0.09558409,0.110756665,-0.08122532,0.022971027,-0.06693255,-0.04401091,-0.04954339,0.0021521766,0.015414152,-0.02351038,0.09832987,-0.13833885,0.0022683516,0.07483347,0.07042843,-0.10530294,0.15812904,0.03481806,0.06607583,-0.06501289,-0.003972614,0.035710633,0.07216911,-0.0061392495,0.094677076,0.07420452,0.06337066,-0.053090163,0.10856195
2024-08-15 16:00:00,0.049543608,0.09189793,0.036031,0.09190107,0.10868298,-0.07937598,0.021294164,-0.06637447,-0.04867911,-0.046501998,0.0022277404,0.017274447,-0.02173663,0.097677864,-0.13628255,0.00054100156,0.073236555,0.07157463,-0.10313357,0.15741313,0.03496237,0.067469314,-0.06415128,-0.0025799815,0.03707154,0.0714201,-0.00785621,0.09704846,0.07643001,0.064530216,-0.056837343,0.10865112
2024-08-15 17:00:00,0.04828459,0.089919046,0.034628175,0.087355375,0.10627394,-0.075370565,0.019350972,-0.064693995,-0.051376127,-0.042299516,0.0015637465,0.017123662,-0.020304184,0.09726192,-0.13437754,-0.0015085787,0.06963007,0.07179101,-0.10036881,0.15554133,0.03516274,0.06961857,-0.063805796,0.0009463988,0.039820574,0.06993538,-0.008826757,0.099422425,0.0767858,0.06422348,-0.06052454,0.106905945
2024-08-15 18:00:00,0.0464446,0.084975384,0.03292162,0.08149159,0.10290108,-0.07238664,0.015201821,-0.06384526,-0.05715568,-0.036877133,-0.00049458817,0.019074876,-0.018974734,0.09552845,-0.13098675,-0.004487306,0.06491064,0.0716638,-0.09508866,0.15339161,0.03534245,0.07159685,-0.06348746,0.004715167,0.042391308,0.06767357,-0.010663144,0.103689216,0.07895717,0.06552457,-0.06554452,0.10661677
2024-08-15 19:00:00,0.044518676,0.07931228,0.030700097,0.07614683,0.09973138,-0.06974891,0.010687001,-0.06362757,-0.062832594,-0.0314281,-0.004885491,0.021257248,-0.017245077,0.09340539,-0.12768091,-0.0082959235,0.060976118,0.07046811,-0.08935737,0.15186441,0.03544505,0.07346189,-0.061782394,0.008677103,0.044728234,0.06612895,-0.012101416,0.108225375,0.08179687,0.06750639,-0.06914373,0.107196994
2024-08-16 13:00:00,0.042171545,0.07399087,0.027794719,0.073474765,0.096914515,-0.06808306,0.008301671,-0.06346862,-0.06603263,-0.028341707,-0.01180193,0.022841051,-0.015541619,0.091586225,-0.12623638,-0.012612745,0.06042365,0.06911671,-0.08431101,0.15244874,0.0350445,0.07390177,-0.057829022,0.011839023,0.045327872,0.06670909,-0.012828894,0.11187619,0.08562301,0.06942412,-0.069120556,0.10713786
2024-08-16 14:00:00,0.041069772,0.07373145,0.026409071,0.07365726,0.095204554,-0.06643379,0.010018578,-0.061593145,-0.06448671,-0.028837502,-0.013374644,0.021465585,-0.015185917,0.091949396,-0.12744439,-0.01367861,0.06188796,0.069880135,-0.08375194,0.15323456,0.035010427,0.07358093,-0.055683233,0.012806392,0.045130283,0.06807834,-0.012717368,0.11199924,0.086491056,0.068994254,-0.06832714,0.104613155
2024-08-16 15:00:00,0.03938148,0.07208586,0.025734548,0.072278544,0.093020335,-0.06416612,0.010318265,-0.060609788,-0.06604599,-0.027596347,-0.015193727,0.021668833,-0.014868893,0.09172183,-0.12714137,-0.015507929,0.061503574,0.07018014,-0.08164138,0.15374802,0.035326198,0.073160455,-0.053912025,0.014202137,0.04559257,0.06819096,-0.012975343,0.113017544,0.0873815,0.0694302,-0.069187865,0.102702305
2024-08-16 16:00:00,0.038167033,0.068854645,0.025349762,0.069156535,0.09011765,-0.06270849,0.009614617,-0.058673583,-0.069989845,-0.025731076,-0.013480799,0.023255568,-0.014601819,0.0913227,-0.12560047,-0.016223252,0.05942271,0.07274207,-0.07898,0.1527226,0.035194594,0.07311903,-0.05488258,0.015163035,0.045747716,0.066904694,-0.015291791,0.11511469,0.08904591,0.0693782,-0.073802486,0.10084853
2024-08-16 17:00:00,0.036701355,0.065104246,0.02421997,0.065141395,0.0874518,-0.060989317,0.007383384,-0.05719504,-0.07414374,-0.022581475,-0.013498199,0.025246024,-0.013624173,0.09075871,-0.1233449,-0.017793328,0.056305163,0.07419388,-0.07542006,0.15110406,0.0346988,0.07368781,-0.0557245,0.017255973,0.046415456,0.06531879,-0.017937072,0.117951825,0.09088047,0.06915066,-0.07810971,0.09959291
2024-08-16 18:00:00,0.034957137,0.061928928,0.022743259,0.060564406,0.08483173,-0.057942316,0.004556602,-0.05572696,-0.0776581,-0.018432138,-0.0150422,0.026348487,-0.012383897,0.09007527,-0.12105057,-0.020004988,0.05226046,0.07422283,-0.07131851,0.14893842,0.034357615,0.07500855,-0.055955827,0.020845609,0.048085734,0.06346486,-0.019709231,0.12094964,0.091814324,0.068743154,-0.081971884,0.09823814
2024-08-16 19:00:00,0.03279853,0.057463076,0.021002121,0.054308526,0.081220485,-0.05408918,0.00048323814,-0.054006774,-0.08275893,-0.012800381,-0.016865745,0.027779873,-0.01112055,0.08866792,-0.11776247,-0.022782497,0.04674707,0.07407595,-0.06564419,0.14580242,0.03413388,0.07690714,-0.056291614,0.025518963,0.050589144,0.060911044,-0.02153897,0.12513651,0.093122326,0.068940595,-0.08757948,0.097115315
2024-08-19 13:00:00,0.029905528,0.050616805,0.018053971,0.048626058,0.07717644,-0.051321752,-0.004274728,-0.052965418,-0.08858636,-0.007292798,-0.022331774,0.030450396,-0.009170633,0.08651686,-0.114386395,-0.02722042,0.04268436,0.073335394,-0.058455925,0.14405718,0.03358683,0.07807272,-0.05466721,0.030254895,0.052168325,0.059571043,-0.023781078,0.13054293,0.09681234,0.070463784,-0.09148237,0.09676595
2024-08-19 14:00:00,0.028110068,0.044721235,0.015406597,0.045891818,0.07408087,-0.051383354,-0.0063523985,-0.05159147,-0.092016116,-0.005482495,-0.025557032,0.03297747,-0.0076567903,0.08527716,-0.11289568,-0.029798105,0.04224673,0.074603714,-0.054088093,0.14377843,0.03242342,0.0778094,-0.05333843,0.032221615,0.051413305,0.05990167,-0.026528353,0.13417295,0.101218626,0.07142223,-0.09361981,0.096137
2024-08-19 15:00:00,0.026734438,0.0394513,0.013355561,0.04200032,0.070727095,-0.049868308,-0.007826803,-0.04948578,-0.09589136,-0.0029426087,-0.02635008,0.03533733,-0.0059016086,0.08485961,-0.111015305,-0.03189171,0.040803395,0.0768259,-0.050551876,0.14261024,0.031430773,0.07805295,-0.052989922,0.034487944,0.05145234,0.05941734,-0.02969747,0.13718376,0.10444887,0.07153076,-0.09770632,0.09452377
2024-08-19 16:00:00,0.025099086,0.03578742,0.011579733,0.03761376,0.06774426,-0.046888787,-0.009683713,-0.04744321,-0.09909694,0.00057751685,-0.027467381,0.036712594,-0.0041855685,0.0846199,-0.10892917,-0.03416437,0.037999757,0.07799638,-0.04706079,0.14089163,0.030809566,0.079027936,-0.052877307,0.03774615,0.05275224,0.058316622,-0.03201755,0.13989063,0.10607439,0.0709709,-0.101722136,0.09250374
2024-08-19 17:00:00,0.022821534,0.031065486,0.0096565,0.0317649,0.06394539,-0.043162398,-0.012895331,-0.045275226,-0.10386719,0.00558131,-0.0291735,0.03842064,-0.0025837272,0.083713286,-0.10592522,-0.037139706,0.033473972,0.078742355,-0.0418432,0.1384432,0.030325957,0.08049819,-0.05298326,0.04210644,0.054830514,0.056305572,-0.034345612,0.14380841,0.10784997,0.07079713,-0.107156634,0.09061956
2024-08-19 18:00:00,0.020192029,0.02485893,0.007207047,0.025533084,0.05975804,-0.039812498,-0.01713491,-0.043416917,-0.109703705,0.011147218,-0.032409675,0.040842295,-0.00072138384,0.082158804,-0.10244478,-0.040939137,0.028756958,0.07907661,-0.03533939,0.13612902,0.029752292,0.08193827,-0.052552734,0.046820447,0.056864366,0.054406803,-0.036871947,0.1487988,0.11068039,0.07142344,-0.1126185,0.08944545
2024-08-19 19:00:00,0.017337028,0.017386358,0.004160829,0.019307934,0.05533686,-0.036383092,-0.0216603,-0.04184459,-0.11617037,0.017011499,-0.037566192,0.043768436,0.0018037669,0.08023968,-0.09890479,-0.04580781,0.024576912,0.07905709,-0.028003953,0.13444218,0.029114027,0.08327903,-0.050879512,0.051923584,0.058838896,0.05307603,-0.039439686,0.154412,0.114487454,0.07278853,-0.11745781,0.088659525
2024-08-20 13:00:00,0.0149250915,0.010513801,0.0008400306,0.016856655,0.052306514,-0.036143247,-0.023849403,-0.040980186,-0.12003173,0.01911191,-0.043902438,0.04675202,0.0042832755,0.07873603,-0.09755765,-0.05007799,0.02480898,0.07961588,-0.022605821,0.13549674,0.027782273,0.08266002,-0.047871325,0.054674067,0.058184385,0.054159455,-0.04184822,0.15870349,0.119698256,0.07428965,-0.11806703,0.08795091
2024-08-20 14:00:00,0.012320886,0.009343427,-0.0015219785,0.01607924,0.049994417,-0.032710195,-0.022182623,-0.038708318,-0.11898034,0.01974989,-0.04888914,0.045860037,0.0058100075,0.07936899,-0.09888239,-0.0532991,0.026068108,0.079721116,-0.020117506,0.13676992,0.027352108,0.08206081,-0.04400817,0.057735085,0.05814825,0.055723727,-0.04215561,0.15962045,0.12090884,0.07339756,-0.11647517,0.08400569
2024-08-20 15:00:00,0.009777773,0.008412857,-0.0020510964,0.013918862,0.04730613,-0.02810583,-0.021573922,-0.03699125,-0.12061,0.021996127,-0.05117196,0.045399338,0.0062544458,0.0794294,-0.09869383,-0.055857807,0.024698708,0.079814404,-0.017215144,0.13703662,0.028125592,0.082007416,-0.04192037,0.060583465,0.059519283,0.055372074,-0.042003185,0.16065805,0.1206848,0.07336059,-0.117871165,0.08063855
2024-08-20 16:00:00,0.0073511275,0.005213622,-0.002410315,0.010258421,0.04366131,-0.02537986,-0.022498714,-0.034629393,-0.124994814,0.024758304,-0.050517913,0.04670226,0.006020546,0.07867048,-0.09701835,-0.0574044,0.021719534,0.081948794,-0.013163306,0.1360273,0.028334681,0.08191357,-0.04247807,0.062494367,0.060196348,0.053648524,-0.043862827,0.1633558,0.122031525,0.073404044,-0.12273076,0.07794294
2024-08-20 17:00:00,0.0047613727,0.0023972169,-0.003309466,0.0052557364,0.039762024,-0.021753453,-0.024350876,-0.03158437,-0.12907502,0.028696677,-0.04985042,0.04763797,0.005973909,0.078051366,-0.0948879,-0.05903414,0.017106675,0.08380084,-0.008578476,0.13349946,0.02806368,0.08247325,-0.04382307,0.06567737,0.061458267,0.051386997,-0.04628993,0.16652954,0.122918814,0.07227465,-0.12850566,0.07480708
2024-08-20 18:00:00,0.002412415,-0.0016972721,-0.0049719512,0.0019740537,0.03626164,-0.021610767,-0.026207494,-0.028783442,-0.1322778,0.030459916,-0.049756847,0.049692065,0.005980719,0.07746934,-0.093456745,-0.060119413,0.014532707,0.086205244,-0.0043411106,0.1318817,0.026761789,0.08173841,-0.04546074,0.06745718,0.06041237,0.050032984,-0.04985045,0.17000337,0.12574802,0.07116224,-0.13262856,0.07229865
2024-08-20 19:00:00,-4.4203363e-05,-0.006152481,-0.0068157725,-0.0031636655,0.032829534,-0.017844295,-0.02943298,-0.027217926,-0.13689664,0.03530649,-0.05294884,0.051791877,0.0075326636,0.07664508,-0.09091809,-0.06358383,0.0101943035,0.08610399,0.00128638,0.12969926,0.026203118,0.082423516,-0.045091204,0.07189676,0.061775103,0.048358545,-0.052209638,0.17370312,0.12740737,0.07088533,-0.13681924,0.070613086
2024-08-21 13:00:00,-0.0026072469,-0.013321422,-0.009444464,-0.00833948,0.029329553,-0.014548661,-0.033693366,-0.026763417,-0.1433407,0.040781043,-0.059375748,0.05504088,0.010244366,0.07476852,-0.08797508,-0.06893924,0.006563559,0.085153624,0.0084296465,0.128836,0.025723973,0.08327542,-0.042730767,0.07671911,0.063416556,0.047294047,-0.05410181,0.17891625,0.13080435,0.072705396,-0.14020962,0.07061848
2024-08-21 14:00:00,-0.004760091,-0.018547796,-0.0121402815,-0.010985583,0.026655551,-0.013016395,-0.035304874,-0.025589336,-0.14668566,0.04321844,-0.06456369,0.05693975,0.012406517,0.0736697,-0.08717656,-0.072762236,0.005982738,0.08543302,0.0132311955,0.12929396,0.024917746,0.08325367,-0.039987646,0.07969317,0.063646376,0.0477419,-0.055663012,0.18257298,0.13433334,0.073812366,-0.14127818,0.06968948
2024-08-21 15:00:00,-0.0070518544,-0.0187689,-0.014595211,-0.009557292,0.024575498,-0.013590276,-0.03205719,-0.021907892,-0.14373411,0.040481366,-0.0657188,0.05618549,0.012558054,0.075003475,-0.09000173,-0.07317755,0.009279493,0.08825816,0.014049478,0.13096154,0.023424204,0.08102999,-0.0384659,0.080002576,0.060878247,0.049794015,-0.057630204,0.1828309,0.13677394,0.07146032,-0.13947354,0.064606525
2024-08-21 16:00:00,-0.008714822,-0.01752691,-0.01463192,-0.009140924,0.023091428,-0.012045672,-0.029512556,-0.019851768,-0.14256306,0.03945876,-0.06450779,0.055828556,0.011994708,0.07647812,-0.0911689,-0.07308887,0.0100738555,0.0900689,0.014028132,0.13154209,0.023220673,0.07926655,-0.03856957,0.08025996,0.059697703,0.049985252,-0.05869831,0.18184195,0.13651414,0.069558665,-0.139612,0.060382992
2024-08-21 17:00:00,-0.010591977,-0.02158703,-0.014424086,-0.014089972,0.019800574,-0.008620717,-0.03177037,-0.0186475,-0.14877824,0.043760344,-0.06345984,0.05856882,0.012275908,0.075815976,-0.08805974,-0.07512136,0.0055830516,0.091603756,0.018367425,0.12968136,0.02348683,0.07957713,-0.039992888,0.08271613,0.060862526,0.04709751,-0.060941428,0.18463127,0.13742952,0.06973507,-0.1457614,0.058693588
2024-08-21 18:00:00,-0.012255018,-0.0276184,-0.015656583,-0.019290611,0.016640566,-0.0069721155,-0.03543006,-0.017295297,-0.15517001,0.04811146,-0.06398838,0.061853424,0.01345782,0.07455985,-0.084769115,-0.07756594,0.0012816675,0.09307871,0.023593955,0.12775624,0.02279181,0.080356285,-0.041152716,0.085343175,0.061600283,0.044659957,-0.06409033,0.18911117,0.14022543,0.07011201,-0.151532,0.058274202
2024-08-21 19:00:00,-0.014133521,-0.028188288,-0.01788769,-0.020031892,0.015573174,-0.005939463,-0.03552211,-0.015431255,-0.15390763,0.048494242,-0.06726857,0.061386004,0.01447488,0.07500695,-0.08568612,-0.07918249,0.001092039,0.093005195,0.025839113,0.12773134,0.02162997,0.07999652,-0.03991725,0.08758202,0.061093464,0.04523888,-0.06527903,0.19058698,0.14134341,0.06827083,-0.15041265,0.055718265
2024-08-22 13:00:00,-0.016028013,-0.033699654,-0.019751266,-0.022003181,0.013578877,-0.0046339557,-0.03729797,-0.016019758,-0.15814973,0.051001146,-0.07312111,0.0642884,0.016635224,0.07378263,-0.08464098,-0.083376944,0.00050676055,0.09228893,0.03055571,0.1288943,0.021049501,0.07937433,-0.037178136,0.09013121,0.06110444,0.045443803,-0.06640056,0.19376016,0.14457858,0.07026218,-0.15079802,0.055806503
2024-08-22 14:00:00,-0.01770344,-0.03190743,-0.020998456,-0.02078037,0.013291568,-0.002529066,-0.034953155,-0.01496724,-0.15536435,0.050131284,-0.07669349,0.06224835,0.017074253,0.07494851,-0.08721121,-0.084964305,0.0024469644,0.0913116,0.030945025,0.13052818,0.021017738,0.07882032,-0.03363743,0.09164518,0.061025,0.04700487,-0.06508508,0.19293937,0.14402662,0.069293745,-0.14746442,0.053014517
2024-08-22 15:00:00,-0.019256227,-0.029041871,-0.020357795,-0.02087193,0.012116313,0.0007105656,-0.03328123,-0.013543535,-0.15440041,0.050521225,-0.07568156,0.06019879,0.01584481,0.07574055,-0.088021934,-0.08492954,0.0016546771,0.09138109,0.03114181,0.1304541,0.022163782,0.07863371,-0.033172466,0.09261252,0.06201917,0.046758275,-0.063968234,0.1919119,0.14205888,0.06835424,-0.14783926,0.049878642
2024-08-22 16:00:00,-0.021025795,-0.029514588,-0.020399645,-0.019791812,0.010589138,-0.00061842427,-0.03206464,-0.0122750625,-0.1544618,0.04890216,-0.074830666,0.060528226,0.014395367,0.07572306,-0.0888548,-0.084351465,0.0025084205,0.09296168,0.03228399,0.13145354,0.02174532,0.07646933,-0.03378819,0.09139667,0.060011066,0.046645097,-0.064918436,0.19222647,0.14328758,0.06796301,-0.14795637,0.047692794
2024-08-22 17:00:00,-0.022007525,-0.02485691,-0.019972302,-0.016389504,0.011158444,-0.0010735951,-0.028498283,-0.010878645,-0.14955975,0.04537709,-0.07336366,0.057991557,0.012412235,0.07777974,-0.09188741,-0.08231929,0.00488407,0.09334102,0.030034967,0.13256359,0.021395667,0.07430536,-0.03373705,0.08996863,0.05788146,0.04754108,-0.06427949,0.18932116,0.14140514,0.06521661,-0.14468315,0.044133082
2024-08-22 18:00:00,-0.02269154,-0.023773625,-0.018820472,-0.014889337,0.011092633,-0.0015251562,-0.027276134,-0.011176281,-0.14921865,0.043993816,-0.07218164,0.05816654,0.01098248,0.07831398,-0.0924916,-0.081357256,0.0053473655,0.093340695,0.029776081,0.13311337,0.021537144,0.072513916,-0.034476966,0.088729315,0.056283094,0.047111224,-0.06413873,0.18810609,0.14063694,0.06471546,-0.14403099,0.04306944
2024-08-22 19:00:00,-0.023428004,-0.024745867,-0.01827494,-0.016283207,0.010435246,0.00019852072,-0.02817619,-0.01156887,-0.15150875,0.04567972,-0.072683096,0.05907564,0.010828689,0.078060456,-0.091551825,-0.08229539,0.0035208631,0.09268474,0.031497434,0.13251483,0.02190869,0.07252769,-0.034460448,0.08970739,0.056517266,0.045943603,-0.06428013,0.18880582,0.14012781,0.0650378,-0.14539766,0.042925127
2024-08-23 13:00:00,-0.02382788,-0.02993524,-0.01889512,-0.017389558,0.010089025,-0.00031973422,-0.030160083,-0.013855189,-0.15603477,0.047520563,-0.07698332,0.062139615,0.012159672,0.07630094,-0.09027398,-0.08498727,0.0031882338,0.091461815,0.0347607,0.13361824,0.021410394,0.072285175,-0.032495853,0.090230756,0.056067318,0.04572843,-0.06460749,0.19132137,0.14270204,0.06788666,-0.14550811,0.045772374
2024-08-23 14:00:00,-0.023640588,-0.028136037,-0.020432979,-0.012192808,0.011566021,-0.0046554618,-0.025806533,-0.012729239,-0.15089542,0.041890524,-0.076384366,0.060692318,0.011774469,0.07805885,-0.09427976,-0.082893,0.0094382055,0.09304685,0.03200596,0.13649204,0.019748222,0.07005063,-0.031095345,0.08714723,0.052175656,0.048420798,-0.06481941,0.18902338,0.144342,0.06586565,-0.1404196,0.044188343
2024-08-23 15:00:00,-0.022706285,-0.020203948,-0.020246886,-0.0036278963,0.014506288,-0.0084718,-0.018044697,-0.01108662,-0.14069207,0.033296533,-0.071361005,0.05663237,0.009695362,0.08236776,-0.10002384,-0.07800391,0.017294638,0.09506164,0.024620898,0.13974857,0.018566612,0.066734105,-0.031423435,0.082252994,0.0476896,0.05158744,-0.06379457,0.18257937,0.14264953,0.06131878,-0.13342935,0.040114217
2024-08-23 16:00:00,-0.02161681,-0.007575974,-0.017735265,0.0058710948,0.01856362,-0.010607675,-0.00983553,-0.009713579,-0.1284075,0.024465578,-0.063583806,0.05054593,0.0058917664,0.08779002,-0.10580537,-0.07128829,0.023348486,0.09613794,0.01506862,0.14228985,0.018425377,0.06347669,-0.033707745,0.077129826,0.044225145,0.05359021,-0.060858674,0.17375152,0.13697866,0.05530025,-0.12635031,0.03490509
2024-08-23 17:00:00,-0.021208297,-0.004296504,-0.014252193,0.009901956,0.019932788,-0.014056699,-0.007196041,-0.009873867,-0.12639093,0.02010137,-0.05650154,0.050849713,0.0027185865,0.08925891,-0.10630223,-0.0667862,0.024623992,0.09792721,0.011561781,0.1427988,0.018513564,0.060410675,-0.038966473,0.07257814,0.040595405,0.052153155,-0.0612768,0.17026219,0.1352562,0.053387985,-0.12633452,0.033791326
2024-08-23 18:00:00,-0.019793406,-0.0068793893,-0.010931492,0.006695248,0.020869669,-0.013199024,-0.011258731,-0.013043907,-0.13223927,0.02355043,-0.05448828,0.05438692,0.0021680258,0.08813122,-0.1024153,-0.06659226,0.019906519,0.09650148,0.012811363,0.14032269,0.019571075,0.061640866,-0.042187285,0.072631314,0.040850278,0.048519798,-0.062060773,0.17119116,0.13377638,0.055062827,-0.13043568,0.0375134
2024-08-23 19:00:00,-0.018171933,-0.0098461285,-0.010203186,0.004597962,0.0221847,-0.014626831,-0.014814377,-0.014833234,-0.13552442,0.025514292,-0.053716995,0.056740895,0.0028228946,0.08698388,-0.09997785,-0.066015586,0.017475776,0.0958626,0.013834447,0.1385045,0.019420194,0.06330368,-0.044172384,0.07249633,0.040765323,0.04663168,-0.06324358,0.17300875,0.1343066,0.05596623,-0.13251832,0.041450202
2024-08-26 13:00:00,-0.016646542,-0.011195309,-0.010780267,0.0044716448,0.024424665,-0.015505642,-0.016718095,-0.017231904,-0.13554798,0.026433831,-0.05683233,0.05745045,0.004426509,0.08617292,-0.09958117,-0.06679103,0.017605636,0.09354405,0.01390937,0.13832578,0.01902694,0.06473064,-0.042914573,0.07306983,0.041297562,0.0471652,-0.06272589,0.17377506,0.1346515,0.057200164,-0.13043757,0.045206487
2024-08-26 14:00:00,-0.015747588,-0.009419493,-0.011325091,0.0053100884,0.02624955,-0.01447122,-0.01646796,-0.018623784,-0.13305068,0.026587838,-0.059764564,0.055587284,0.005334776,0.08628128,-0.10078752,-0.067575626,0.01860791,0.090997696,0.012789682,0.13873301,0.019424044,0.066061944,-0.040336467,0.074157655,0.04284559,0.048532926,-0.060402177,0.17298566,0.13341177,0.05782032,-0.12721848,0.04673252
2024-08-26 15:00:00,-0.015098848,-0.008274399,-0.01056112,0.0037223324,0.026421212,-0.011662977,-0.017536422,-0.019667128,-0.13391472,0.028981173,-0.06001742,0.054318696,0.005350072,0.0854887,-0.099805295,-0.06826739,0.016593687,0.089441955,0.012846202,0.13772905,0.021061514,0.06801604,-0.03967221,0.07557156,0.04586155,0.04823649,-0.058420964,0.1730916,0.13173853,0.059420176,-0.12821874,0.04805601
2024-08-26 16:00:00,-0.014437205,-0.010365516,-0.009760935,9.0792775e-05,0.025260542,-0.010266511,-0.020568518,-0.020279298,-0.13827184,0.032555327,-0.058568813,0.05521772,0.005199831,0.0834312,-0.09677519,-0.06884957,0.012873649,0.08965147,0.014675379,0.13563602,0.022290688,0.07003628,-0.041119665,0.0764268,0.04852803,0.046569616,-0.058469966,0.1752611,0.13198225,0.061758097,-0.13279894,0.0503669
2024-08-26 17:00:00,-0.013795183,-0.013813324,-0.009738531,-0.0058431923,0.02343458,-0.007595096,-0.025338875,-0.020454898,-0.14397183,0.038296893,-0.057983525,0.056610353,0.0059300996,0.0809958,-0.09252116,-0.07056555,0.0072147064,0.08955634,0.017811507,0.13214678,0.02315909,0.07322694,-0.042638287,0.07905459,0.052368306,0.044245914,-0.059364736,0.17876148,0.13248852,0.0638919,-0.13911596,0.052966774
2024-08-26 18:00:00,-0.013665252,-0.014679179,-0.01093372,-0.008560374,0.022479221,-0.0072173066,-0.027920673,-0.019377273,-0.14454514,0.040493727,-0.058662318,0.05612611,0.0064978935,0.07970898,-0.09127056,-0.07115272,0.0047751125,0.089434676,0.019093797,0.13002858,0.023035675,0.075015545,-0.043332495,0.080729134,0.0544087,0.0438876,-0.06001538,0.18090346,0.13305986,0.064074084,-0.14124206,0.05380479
2024-08-26 19:00:00,-0.013614784,-0.019090585,-0.012003414,-0.01306691,0.020501561,-0.005966261,-0.03212733,-0.019592766,-0.14920959,0.04481072,-0.06074656,0.05812891,0.007955942,0.07750298,-0.088125385,-0.07361072,0.0012048036,0.088949285,0.022446409,0.12787402,0.023229733,0.076963805,-0.043410443,0.08329158,0.057027273,0.042850625,-0.061089545,0.18436119,0.13477296,0.066319935,-0.14536637,0.056108676
2024-08-27 13:00:00,-0.014239625,-0.026326053,-0.014673263,-0.01721482,0.018367283,-0.005071979,-0.036394954,-0.02028661,-0.15485093,0.049198307,-0.067341454,0.061376065,0.011306342,0.0749021,-0.085416704,-0.078467265,-0.00063025206,0.08806699,0.027371228,0.12772834,0.022719545,0.07843169,-0.040601186,0.086518794,0.059167653,0.043163963,-0.062405005,0.1891905,0.13878518,0.06973475,-0.14760157,0.058779016
2024-08-27 14:00:00,-0.015279871,-0.029055677,-0.017634459,-0.017832018,0.016748026,-0.0054910406,-0.035909317,-0.018321099,-0.15465382,0.048936397,-0.07099281,0.061718665,0.013393581,0.074588284,-0.08645715,-0.08063184,0.0014542695,0.08936451,0.028930567,0.12888601,0.021690076,0.078335114,-0.03784869,0.087865375,0.059042767,0.045151107,-0.063728,0.19104695,0.14194502,0.06991908,-0.14680305,0.057404157
2024-08-27 15:00:00,-0.015754335,-0.031616665,-0.018646412,-0.02021186,0.015018851,-0.0031992346,-0.036298662,-0.017687693,-0.1572158,0.051113702,-0.072548375,0.06285993,0.015142452,0.074111685,-0.08545077,-0.08297838,0.0008908473,0.09020356,0.030425392,0.12898573,0.022015989,0.07910185,-0.036342293,0.08956255,0.060716897,0.045374192,-0.064557634,0.19246364,0.14324896,0.07113129,-0.14883086,0.056858383
2024-08-27 16:00:00,-0.016416907,-0.03446933,-0.019341223,-0.023892567,0.012811661,-0.00070437044,-0.037794277,-0.016433503,-0.16092867,0.054262526,-0.0725328,0.0640904,0.016407605,0.07331096,-0.08347611,-0.084870115,-0.0015985835,0.091526754,0.032663584,0.127962,0.022359528,0.080554664,-0.036330793,0.09153855,0.06286628,0.04431132,-0.06585088,0.19470832,0.14431101,0.07180329,-0.15294865,0.056254726
2024-08-27 17:00:00,-0.017332416,-0.037744217,-0.020722374,-0.02625154,0.010712892,-0.0007917285,-0.039001986,-0.014676608,-0.16345583,0.055575527,-0.07265906,0.06560032,0.017387558,0.07263961,-0.082393736,-0.08603901,-0.002787426,0.09352317,0.034811214,0.12751701,0.021676973,0.0808711,-0.036856756,0.09254121,0.06311661,0.043803114,-0.0680979,0.1972554,0.14672711,0.07178376,-0.15581116,0.05527097
2024-08-27 18:00:00,-0.018277746,-0.04257001,-0.021946914,-0.032256015,0.0075912997,0.003168542,-0.042383365,-0.013332732,-0.16936623,0.061178528,-0.07342636,0.067922994,0.019197952,0.07139222,-0.07895528,-0.08917998,-0.007675126,0.094603196,0.039202847,0.1250762,0.021721495,0.083036914,-0.037324194,0.09634673,0.06606069,0.041677717,-0.070352264,0.20102882,0.14831753,0.07242749,-0.1620604,0.05496504
2024-08-27 19:00:00,-0.019956209,-0.04889877,-0.024365827,-0.039103717,0.0039135814,0.0075217336,-0.04714547,-0.011832759,-0.17596377,0.06788025,-0.07721731,0.07041639,0.021982338,0.069436125,-0.075253904,-0.09404373,-0.013206985,0.094728455,0.045519926,0.12273434,0.021548739,0.085651875,-0.036591046,0.10160412,0.069734775,0.039852176,-0.07248699,0.20654237,0.15088937,0.073658966,-0.16811147,0.055060558
2024-08-28 13:00:00,-0.022085302,-0.057371788,-0.027918987,-0.0453135,9.1739e-05,0.011137314,-0.05203773,-0.010891411,-0.18326716,0.074393265,-0.08467809,0.07378222,0.025908392,0.06682682,-0.07204796,-0.10073443,-0.017305546,0.094465025,0.053129643,0.121987015,0.020970281,0.08764988,-0.033811633,0.10722697,0.07296018,0.039242435,-0.07452539,0.21321733,0.15531132,0.07640234,-0.17251039,0.055788126
2024-08-28 14:00:00,-0.025118727,-0.06169223,-0.031219244,-0.051394,-0.0040730834,0.01741483,-0.054604582,-0.007806033,-0.18738791,0.0803541,-0.09080963,0.07413831,0.028912399,0.0654242,-0.07054573,-0.10669233,-0.021303792,0.09430073,0.05939555,0.12060531,0.021178853,0.09013893,-0.030468147,0.113783576,0.07716632,0.039018035,-0.07570123,0.21804507,0.157284,0.07707922,-0.17641762,0.053523064
2024-08-28 15:00:00,-0.028701529,-0.059074767,-0.033375815,-0.05158712,-0.0072474927,0.01895142,-0.052371413,-0.0028334334,-0.18377407,0.07914162,-0.09266973,0.07112239,0.027918462,0.06640649,-0.07381494,-0.10724075,-0.020671152,0.09575204,0.0609971,0.120990075,0.020743374,0.0888904,-0.028809395,0.11586522,0.07694614,0.04035423,-0.076157875,0.21870264,0.15768118,0.07418738,-0.1754318,0.0469808
2024-08-28 16:00:00,-0.03190625,-0.060995467,-0.03397549,-0.05332762,-0.010887161,0.020742036,-0.05234632,-0.0008791983,-0.1861098,0.0802704,-0.09438791,0.07237382,0.027310658,0.06585838,-0.073692665,-0.10930641,-0.021833397,0.096970156,0.064737275,0.12112736,0.020818405,0.086869664,-0.028364487,0.1175738,0.076708496,0.040040147,-0.07738601,0.22045739,0.15895319,0.07453889,-0.17746589,0.043481432
2024-08-28 17:00:00,-0.03406606,-0.06586056,-0.03420417,-0.057432726,-0.0147649795,0.022156417,-0.054166354,0.0009858683,-0.19222371,0.083247475,-0.09348061,0.075598344,0.027152274,0.06465804,-0.07109749,-0.11095546,-0.024929412,0.099464975,0.06922431,0.11975944,0.020659154,0.08606916,-0.029663578,0.11902117,0.07667363,0.03794386,-0.08016987,0.22368002,0.1610661,0.075051725,-0.18329379,0.041776605
2024-08-28 18:00:00,-0.035969377,-0.063140206,-0.03523601,-0.056181177,-0.0154905915,0.021532375,-0.05199656,0.0038082115,-0.18850057,0.0807083,-0.09353543,0.073945045,0.026166167,0.066275276,-0.07365823,-0.109777406,-0.023444723,0.100474216,0.068914056,0.120100915,0.0194391,0.08406371,-0.029363113,0.11890993,0.07446469,0.03872074,-0.08119009,0.2228859,0.1607892,0.07162745,-0.18120012,0.03732965
2024-08-28 19:00:00,-0.037745558,-0.06599798,-0.036184333,-0.053761885,-0.016995713,0.016374487,-0.05015797,0.005428806,-0.18848214,0.076589145,-0.092322476,0.07639244,0.025398832,0.066832975,-0.074980095,-0.10833806,-0.020078957,0.10348404,0.069617525,0.122085825,0.01733926,0.079772435,-0.03067006,0.11647634,0.069123246,0.03921535,-0.08444568,0.22327754,0.16452916,0.07025827,-0.18026608,0.034649458
2024-08-29 13:00:00,-0.03869362,-0.07085227,-0.03755565,-0.054452017,-0.017509073,0.017343003,-0.05012425,0.00413578,-0.19188914,0.07772457,-0.09725099,0.08020213,0.028197046,0.06698612,-0.07474325,-0.11195864,-0.018910937,0.10349266,0.0722976,0.1239713,0.01617056,0.07842182,-0.027905822,0.11784854,0.0676308,0.039715923,-0.08628669,0.224704,0.16711752,0.07136232,-0.17949986,0.03443165
2024-08-29 14:00:00,-0.039174348,-0.072696604,-0.03886272,-0.05287859,-0.016937613,0.016631257,-0.048246235,0.0035175532,-0.1921415,0.07631116,-0.09994679,0.0814722,0.030062493,0.06787588,-0.0762211,-0.11334489,-0.015835505,0.103776135,0.07267116,0.12666482,0.015214294,0.07744462,-0.025221776,0.11751542,0.065764904,0.040777434,-0.08673399,0.2245977,0.16894211,0.07132409,-0.1768854,0.033807255
2024-08-29 15:00:00,-0.038730115,-0.074109055,-0.038804844,-0.05357413,-0.016860679,0.018381372,-0.047588527,0.002984278,-0.19435148,0.07745468,-0.09895971,0.08260878,0.031227034,0.06829421,-0.07554701,-0.114233464,-0.015907828,0.10481429,0.07279605,0.12732035,0.015701393,0.07823847,-0.02489227,0.11749347,0.06608783,0.040219862,-0.087371536,0.22479442,0.16956589,0.07185726,-0.17811906,0.033852894
2024-08-29 16:00:00,-0.038696267,-0.077706136,-0.039193444,-0.057173267,-0.018452495,0.020683426,-0.049237847,0.003761828,-0.1990108,0.08086242,-0.09706172,0.084588036,0.03245489,0.06772381,-0.07305985,-0.11574067,-0.019010257,0.10695125,0.07506356,0.12625119,0.015983298,0.08005937,-0.02631623,0.11878347,0.067584656,0.038173378,-0.089490004,0.22738491,0.17126133,0.07231788,-0.18297637,0.03376411
2024-08-29 17:00:00,-0.038474113,-0.07739071,-0.03926993,-0.06012924,-0.018971786,0.023977134,-0.05079177,0.004716482,-0.2001297,0.08397416,-0.09539304,0.084043026,0.03279336,0.06770363,-0.07141887,-0.116400495,-0.022666998,0.10737507,0.07593788,0.12405924,0.016386298,0.08247353,-0.027832609,0.12092235,0.069951765,0.036481313,-0.09026567,0.22854474,0.17047067,0.07123779,-0.18611947,0.03328125
2024-08-29 18:00:00,-0.039591365,-0.07400427,-0.03977739,-0.061045244,-0.019586965,0.026004955,-0.05107224,0.0068826787,-0.19741,0.08463908,-0.0949195,0.0813727,0.0319071,0.06836133,-0.07218247,-0.11610149,-0.024827052,0.10689088,0.07623348,0.122460864,0.016438678,0.08334154,-0.028745048,0.12292673,0.0712385,0.035920903,-0.090048335,0.22866824,0.1688453,0.06859686,-0.18627569,0.030687891
2024-08-29 19:00:00,-0.036399275,-0.0587823,-0.035256967,-0.04809068,-0.011723146,0.017902952,-0.044606462,0.0035187341,-0.18126361,0.072536744,-0.08956773,0.073595226,0.025641304,0.07178105,-0.079027995,-0.10603705,-0.016648844,0.102836095,0.064308345,0.12488737,0.016817927,0.07959608,-0.030765291,0.11458114,0.066216804,0.03914981,-0.0833716,0.21779034,0.16120353,0.06525917,-0.17322928,0.031725936
2024-08-30 13:00:00,-0.037876777,-0.059272088,-0.034917384,-0.047289327,-0.012547359,0.01813462,-0.044356436,0.0027622879,-0.18177164,0.07225241,-0.092244454,0.07420999,0.024963263,0.071514755,-0.07965307,-0.10722865,-0.01617587,0.10152574,0.06594275,0.12586656,0.01706535,0.07772193,-0.029485991,0.11495122,0.0653882,0.039503448,-0.08253625,0.21765995,0.16117343,0.06636577,-0.17198029,0.031133957
2024-08-30 14:00:00,-0.038490105,-0.059181392,-0.034237884,-0.046847582,-0.012442037,0.019304134,-0.044194147,0.0014127046,-0.18242295,0.07263749,-0.09474819,0.074197024,0.024655875,0.071289636,-0.079982325,-0.10839738,-0.015901558,0.09963335,0.066712916,0.12662065,0.01778024,0.07724847,-0.027428411,0.115344666,0.06557153,0.039816678,-0.080852084,0.21715754,0.16006699,0.06786423,-0.17078346,0.031683583
2024-08-30 15:00:00,-0.03888715,-0.055080004,-0.033363998,-0.044611327,-0.011906162,0.019204706,-0.04201086,0.002112411,-0.17936283,0.07056923,-0.09293714,0.07164374,0.022749905,0.072368845,-0.08173582,-0.10631116,-0.0145095885,0.09940587,0.06472935,0.12704244,0.018388547,0.07651608,-0.027129602,0.1140055,0.0649956,0.04031698,-0.07931492,0.2148395,0.15795638,0.066673204,-0.1689268,0.03004121
2024-08-30 16:00:00,-0.039837882,-0.05684199,-0.033042736,-0.046547703,-0.013427988,0.021091033,-0.04317393,0.0019134581,-0.18242037,0.072752975,-0.09353048,0.07271319,0.022480737,0.07141341,-0.080313094,-0.107785776,-0.016554322,0.09924273,0.06704737,0.12643239,0.01899957,0.07656787,-0.027106877,0.11499495,0.06588739,0.039372303,-0.079541855,0.21622571,0.15810104,0.06808456,-0.1712248,0.030109987
2024-08-30 17:00:00,-0.03922594,-0.05723965,-0.032121025,-0.045717664,-0.013382785,0.01822291,-0.042967573,0.0021980926,-0.18293586,0.07124772,-0.08981348,0.07333234,0.021009516,0.07111448,-0.07979171,-0.10533044,-0.016105574,0.100816526,0.06613439,0.1260393,0.018714186,0.0756844,-0.029519934,0.11251937,0.06407246,0.03861237,-0.08055342,0.21602698,0.15873082,0.06783824,-0.17242724,0.030751988
2024-08-30 18:00:00,-0.037823044,-0.06013141,-0.031732112,-0.04676398,-0.01303947,0.016935457,-0.044543624,0.0009918883,-0.18565947,0.07213711,-0.08858303,0.07567583,0.021607067,0.07034241,-0.07787983,-0.10512386,-0.016828842,0.10150302,0.0663103,0.12527657,0.018333834,0.07598467,-0.031014137,0.11164238,0.06351952,0.03785416,-0.082072884,0.2170035,0.16004868,0.06887207,-0.17432037,0.033203844
2024-08-30 19:00:00,-0.03646428,-0.06408226,-0.03289374,-0.045430474,-0.011734918,0.012318321,-0.044961005,-0.00028535724,-0.1866735,0.070327975,-0.08954733,0.07834253,0.023449149,0.069878526,-0.077767625,-0.10493554,-0.014069177,0.10241274,0.06592007,0.12682097,0.016597815,0.075152576,-0.0309067,0.10971404,0.06109859,0.0389321,-0.08391091,0.21794066,0.1635312,0.06965539,-0.17287038,0.03576582
2024-09-03 13:00:00,-0.035111558,-0.06544723,-0.034802504,-0.040855892,-0.008997485,0.0069503114,-0.041892,-0.0014294535,-0.18358204,0.06548437,-0.09156586,0.07950087,0.025658946,0.07092704,-0.080465734,-0.1044005,-0.0072656497,0.10317266,0.0632741,0.13042213,0.01416926,0.07322249,-0.028763771,0.106998995,0.0573515,0.04214766,-0.08481999,0.21651673,0.16676474,0.069174804,-0.16721454,0.03678755
2024-09-03 14:00:00,-0.033976343,-0.057505295,-0.03590007,-0.03144163,-0.0046914667,0.002769865,-0.03323149,-0.00048808008,-0.17181411,0.056028567,-0.08949415,0.07513103,0.025279995,0.07575974,-0.08743677,-0.100606635,0.003085861,0.10402572,0.05532065,0.13493675,0.012387237,0.07052158,-0.026367152,0.10277261,0.052634776,0.046559907,-0.083126165,0.20955946,0.16550201,0.06441465,-0.15722525,0.03311771
2024-09-03 15:00:00,-0.033544727,-0.053043395,-0.034355164,-0.028387018,-0.0030602142,0.0048976094,-0.029491542,-0.0015063696,-0.16876186,0.05416601,-0.087751485,0.073531404,0.024835799,0.07819326,-0.08945681,-0.10002093,0.0053039007,0.10336967,0.05165582,0.13701195,0.013506013,0.06998037,-0.02551413,0.101669736,0.052624308,0.04702525,-0.08112481,0.20577016,0.16279115,0.06352783,-0.15457216,0.031158246
2024-09-03 16:00:00,-0.032977223,-0.04945431,-0.031428404,-0.02830322,-0.0020248666,0.007895507,-0.029167378,-0.0027572364,-0.16895153,0.05521732,-0.08437845,0.07218257,0.023302991,0.07881202,-0.08874808,-0.09885435,0.0029707737,0.102531284,0.04997553,0.13658965,0.015688157,0.071290635,-0.027047679,0.10129254,0.054339103,0.04512918,-0.07903634,0.20376116,0.15903616,0.0634611,-0.15573442,0.030973107
2024-09-03 17:00:00,-0.032707263,-0.050503917,-0.029436685,-0.032143086,-0.0027808994,0.011187352,-0.03262552,-0.0037816651,-0.17355452,0.05973711,-0.08253829,0.0728638,0.02242167,0.07720563,-0.08535297,-0.099457815,-0.0028185137,0.10195631,0.052262582,0.13422127,0.01748006,0.07371262,-0.029424805,0.10275682,0.057208106,0.041928824,-0.07866208,0.20558113,0.15746604,0.064950794,-0.16062996,0.032678418
2024-09-03 18:00:00,-0.03296481,-0.046071775,-0.028973833,-0.03158433,-0.0018389821,0.012111265,-0.032837257,-0.0031876266,-0.16984634,0.05948185,-0.08255289,0.06936398,0.020690698,0.07749213,-0.08667618,-0.09822942,-0.0042232554,0.10016042,0.05138257,0.13314052,0.018017543,0.07463166,-0.02968886,0.10344978,0.058397666,0.04164619,-0.07672384,0.20465899,0.15456931,0.06349194,-0.15889388,0.031990025
2024-09-03 19:00:00,-0.032619797,-0.04586733,-0.027732335,-0.031637073,-0.0014554262,0.012170155,-0.034471393,-0.00518132,-0.1705522,0.06042953,-0.083928965,0.06911886,0.019450929,0.076080665,-0.085989535,-0.09831078,-0.005827032,0.097888246,0.052173704,0.13256031,0.01893444,0.07476951,-0.029849168,0.103457175,0.059246503,0.041227914,-0.07499698,0.20485112,0.15346985,0.06547382,-0.1585508,0.034479827
2024-09-04 13:00:00,-0.032846183,-0.04509438,-0.028283902,-0.028374106,-0.0006570071,0.008691177,-0.032872424,-0.0056863204,-0.16768886,0.057118207,-0.08587749,0.06815143,0.018520605,0.07595169,-0.08848696,-0.09728643,-0.0023947544,0.097186044,0.051472045,0.13431494,0.01807042,0.07285664,-0.028237356,0.101502664,0.057175033,0.043038007,-0.073799685,0.20379484,0.15426731,0.06578227,-0.15451339,0.03499633
2024-09-04 14:00:00,-0.03264378,-0.04435303,-0.028379291,-0.025489554,-2.2128224e-06,0.006720517,-0.030470436,-0.006333884,-0.16581438,0.054356255,-0.086496994,0.06779632,0.018175285,0.0764616,-0.09039843,-0.09657784,0.0010926127,0.097068,0.049924046,0.13614579,0.017706664,0.07108905,-0.026661308,0.09951233,0.05540245,0.044796377,-0.07306548,0.20215839,0.15483557,0.06618725,-0.1515123,0.035080254
2024-09-04 15:00:00,-0.03127657,-0.042012647,-0.026977688,-0.022845976,0.0016286075,0.0055270307,-0.028357862,-0.0075003803,-0.16409415,0.05205705,-0.08422578,0.06712441,0.017464798,0.07729449,-0.091341764,-0.094655216,0.003397392,0.097025484,0.046681136,0.13713855,0.018295601,0.0704085,-0.026728593,0.09689623,0.054432668,0.045596305,-0.071988076,0.19954106,0.15356912,0.06631225,-0.14971355,0.035809018
2024-09-04 16:00:00,-0.029498369,-0.041725315,-0.0250244,-0.024078235,0.0024548918,0.0066485405,-0.029362151,-0.008868728,-0.16628484,0.053648055,-0.08095679,0.067729205,0.017219469,0.07690969,-0.089256406,-0.09375827,0.0014069136,0.097185105,0.045458898,0.1359019,0.019624194,0.071831696,-0.028613258,0.0961077,0.055730402,0.044241183,-0.07179044,0.1990794,0.1520657,0.06725143,-0.1522466,0.03780259
2024-09-04 17:00:00,-0.02822356,-0.039199635,-0.02373869,-0.025383353,0.0031877458,0.0076397136,-0.030434517,-0.008268364,-0.16578022,0.054762967,-0.07682811,0.066388845,0.016340423,0.07697479,-0.08797033,-0.09182018,-0.0012436938,0.09760563,0.04382336,0.13346115,0.020358045,0.073753685,-0.03148139,0.09616196,0.05729103,0.0427244,-0.07175653,0.19858924,0.14983751,0.06600282,-0.15456969,0.038193196
2024-09-04 18:00:00,-0.028069321,-0.042723365,-0.023959056,-0.030070975,0.0016525835,0.009443145,-0.03483054,-0.008328237,-0.17035155,0.059327297,-0.07710149,0.0682673,0.017157312,0.075114995,-0.08446338,-0.09355162,-0.006201446,0.097520955,0.047056735,0.13069728,0.020633413,0.07588112,-0.033344004,0.09863101,0.059709087,0.040565185,-0.07320844,0.20198688,0.15067063,0.067268424,-0.1594091,0.04005881
2024-09-04 19:00:00,-0.028829798,-0.044910304,-0.025700249,-0.032751568,0.00019223988,0.009880271,-0.037220567,-0.0067523047,-0.1714743,0.061373673,-0.07900761,0.06873206,0.018173229,0.074207865,-0.08354641,-0.095001474,-0.008296248,0.09774841,0.049613573,0.12916464,0.019911228,0.07685609,-0.03354711,0.10097493,0.06071747,0.040161874,-0.07469079,0.20473729,0.15217422,0.0669495,-0.1612159,0.039846413
2024-09-05 13:00:00,-0.029377926,-0.04832463,-0.027298905,-0.033774957,-0.0006764382,0.009147409,-0.03877393,-0.007003613,-0.17301042,0.06231398,-0.08300483,0.07031712,0.019695092,0.073094204,-0.08315558,-0.09715335,-0.008181021,0.097262956,0.051942416,0.12950698,0.019079387,0.07660338,-0.032119937,0.10229742,0.06073594,0.04089365,-0.07545748,0.20687935,0.15453106,0.06830133,-0.16097602,0.040839802
2024-09-05 14:00:00,-0.030455805,-0.04570686,-0.028763667,-0.03184115,-0.0005490333,0.009362154,-0.03632889,-0.0056389347,-0.16864623,0.060173884,-0.085716054,0.06796321,0.019893508,0.074500576,-0.086191244,-0.09758924,-0.005324971,0.09662794,0.050962903,0.13083711,0.01855117,0.075754836,-0.029231608,0.10302452,0.060315847,0.043006413,-0.07429682,0.20545214,0.15402281,0.066865325,-0.15713903,0.038290028
2024-09-05 15:00:00,-0.031067919,-0.033609465,-0.028526261,-0.022008806,0.0015090406,0.005475428,-0.027421994,-0.001753144,-0.1547031,0.050087236,-0.08007657,0.06090737,0.01559284,0.07969733,-0.0936054,-0.0906858,0.002786804,0.09878292,0.04297202,0.13397206,0.017528018,0.07142107,-0.02969927,0.09818279,0.05555491,0.046593573,-0.072077006,0.19754599,0.15061113,0.0602216,-0.14886066,0.03091579
2024-09-05 16:00:00,-0.031310916,-0.0328879,-0.025332369,-0.019983634,0.0017440766,0.004127182,-0.026343768,-0.0037455857,-0.15558448,0.048129022,-0.07763339,0.062590435,0.013292979,0.079692654,-0.093144804,-0.08929679,0.00339875,0.09835739,0.04184352,0.13475612,0.01841877,0.06849928,-0.03177779,0.09551377,0.053560637,0.04587172,-0.07155625,0.19519122,0.14928108,0.06138711,-0.14884785,0.031260192
2024-09-05 17:00:00,-0.024958134,-0.0214305,-0.017311655,-0.011577301,0.0105867535,-0.0012376569,-0.023301566,-0.009956233,-0.14803523,0.041146375,-0.06795243,0.058849543,0.007977832,0.08141636,-0.09449199,-0.07972112,0.0066272523,0.09494371,0.030012086,0.13452433,0.02079193,0.067994654,-0.036630064,0.08702166,0.051239595,0.04568876,-0.06560822,0.18548653,0.14009355,0.06096414,-0.14314365,0.03754629
2024-09-05 18:00:00,-0.025045384,-0.025019005,-0.01781232,-0.012262218,0.009816967,-0.0047963895,-0.02444557,-0.008683354,-0.1501906,0.040333837,-0.06529272,0.061187267,0.007868469,0.08089186,-0.09334834,-0.078268155,0.0065507274,0.09751116,0.031118892,0.13380815,0.019436674,0.067284524,-0.039416473,0.08554685,0.048680916,0.044543885,-0.068767466,0.18741561,0.14277442,0.060311697,-0.14566132,0.037978925
2024-09-05 19:00:00,-0.024090827,-0.022169985,-0.01791846,-0.010117829,0.011760108,-0.006288288,-0.022846898,-0.007889062,-0.14600004,0.03782174,-0.06290877,0.059983127,0.007687364,0.08263425,-0.09464932,-0.07582325,0.008305205,0.098293215,0.02814021,0.13333562,0.018266544,0.06684925,-0.040991798,0.08439435,0.046794705,0.04511247,-0.069688335,0.18544552,0.14185537,0.05746303,-0.14360215,0.037087508
2024-09-06 13:00:00,-0.023828056,-0.022886202,-0.01814156,-0.008855604,0.013006359,-0.007583473,-0.022902379,-0.009396754,-0.14528188,0.036877885,-0.064877324,0.060929716,0.008628063,0.082883395,-0.09504745,-0.07612115,0.009625018,0.097098745,0.027824461,0.13422066,0.017610926,0.06620133,-0.04034073,0.0840472,0.045778222,0.045658402,-0.06969081,0.18501231,0.14222513,0.05763981,-0.14129737,0.03825693
2024-09-06 14:00:00,-0.024633583,-0.0127557665,-0.021070756,0.0023620948,0.016427577,-0.012046644,-0.01280831,-0.0053372234,-0.12905255,0.025810177,-0.06291072,0.053936973,0.0068044625,0.08895552,-0.10388175,-0.071287274,0.020793382,0.099566266,0.02112677,0.13911693,0.014426116,0.061688848,-0.038399354,0.080204174,0.040000554,0.051026486,-0.06774921,0.1776484,0.14074449,0.0497954,-0.12974927,0.030932952
2024-09-06 15:00:00,-0.024369325,-0.0010334998,-0.018910758,0.014555499,0.021044958,-0.015512109,-0.0033834819,-0.0063665956,-0.11569905,0.014981432,-0.059961822,0.048113465,0.0031620264,0.09407651,-0.11144638,-0.066189185,0.0299345,0.09787932,0.01214122,0.14440203,0.0137912445,0.05646096,-0.037047908,0.074522294,0.036169365,0.05500043,-0.061994806,0.1676841,0.13563411,0.046023216,-0.118381105,0.02732794
2024-09-06 16:00:00,-0.024920572,0.0032795072,-0.0149846,0.017821081,0.022147663,-0.014572499,-0.0010385942,-0.008417647,-0.11512968,0.012949793,-0.057674192,0.047208615,0.0004471168,0.09540508,-0.112576246,-0.06439342,0.03024679,0.09578951,0.0097308755,0.14581995,0.015676524,0.054520193,-0.03738986,0.072354294,0.035491206,0.05429069,-0.05845768,0.16381238,0.13153838,0.046292894,-0.116869405,0.02639496
2024-09-06 17:00:00,-0.024141774,0.0022528619,-0.01099816,0.017706,0.022983816,-0.015573282,-0.0025213864,-0.011324853,-0.119794495,0.013613658,-0.054664906,0.049380317,-0.0016158,0.09399795,-0.11035261,-0.06266536,0.028126687,0.094938084,0.009777673,0.14526391,0.01748527,0.05435764,-0.039889704,0.06966906,0.034604747,0.051738303,-0.057640396,0.16350518,0.13000594,0.04870142,-0.11942163,0.02968236
2024-09-06 18:00:00,-0.022506963,0.00048764795,-0.00848376,0.014006332,0.023847628,-0.013635214,-0.0065686125,-0.013941806,-0.12513018,0.017861748,-0.053615645,0.051010653,-0.0019766875,0.09212497,-0.10690296,-0.062754184,0.023290955,0.09310651,0.010980301,0.14250644,0.019187417,0.057185203,-0.04144794,0.070444666,0.036418475,0.04886275,-0.057490736,0.16515638,0.1282793,0.051059388,-0.12318073,0.033807762
2024-09-06 19:00:00,-0.020719431,-0.0032307804,-0.008191958,0.0124548,0.024965122,-0.015868282,-0.009785267,-0.016267702,-0.12869841,0.019525295,-0.054100093,0.053316683,-0.0013043098,0.089925915,-0.10484193,-0.06267215,0.021997401,0.09247095,0.012080014,0.14159892,0.01929088,0.058723766,-0.04226467,0.06956563,0.036490098,0.047945436,-0.058511294,0.16741984,0.12997629,0.053524986,-0.124439895,0.038836375
2024-09-09 13:00:00,-0.01905828,-0.005197227,-0.009047031,0.012090743,0.026831191,-0.016227415,-0.011197822,-0.01901551,-0.12930709,0.020813717,-0.05856608,0.053944692,0.0005179979,0.08862814,-0.10477704,-0.06454685,0.022702396,0.089891024,0.0121792555,0.14200622,0.019123299,0.060408287,-0.03936446,0.07033147,0.0376048,0.049021073,-0.05758161,0.16844684,0.13081086,0.055926625,-0.122053735,0.043028627
2024-09-09 14:00:00,-0.019648336,-0.010121666,-0.0113204345,0.007159695,0.024775088,-0.011959299,-0.013998147,-0.019592261,-0.13428286,0.026232513,-0.06413934,0.055334523,0.0035891756,0.086826675,-0.10284429,-0.0695667,0.020152705,0.088514954,0.016371213,0.14151502,0.019721847,0.06317759,-0.035476822,0.07467975,0.041152067,0.048986882,-0.057857297,0.17246605,0.13312195,0.058856,-0.12431646,0.044356093
2024-09-09 15:00:00,-0.019149706,-0.011925183,-0.011821747,0.0034122765,0.023355618,-0.00902589,-0.015985275,-0.019344812,-0.13784458,0.030057153,-0.06390633,0.05552368,0.0048381165,0.08537008,-0.10067092,-0.07128616,0.01726595,0.08915246,0.01801154,0.14011875,0.021018967,0.06580659,-0.035266615,0.07660528,0.044494577,0.048280586,-0.058184557,0.17482325,0.13395706,0.060691256,-0.12807801,0.045290917
2024-09-09 16:00:00,-0.018232986,-0.014747091,-0.012351155,0.002162777,0.022158094,-0.011739163,-0.016970973,-0.018081415,-0.14004147,0.029979067,-0.06057711,0.057134345,0.005115524,0.084133,-0.099290445,-0.07044971,0.01699855,0.09245405,0.018186823,0.1394422,0.020620255,0.06614618,-0.037995033,0.0751154,0.04408361,0.047972433,-0.060983814,0.17674187,0.13711034,0.061390594,-0.13151205,0.046164647
2024-09-09 17:00:00,-0.017029397,-0.018917412,-0.012705207,-0.0032080933,0.020724908,-0.009423455,-0.020849327,-0.018233454,-0.1454253,0.034942977,-0.06002874,0.059777394,0.007084869,0.08266569,-0.0954137,-0.07252687,0.012627105,0.09353039,0.020360805,0.13685323,0.02086915,0.068786845,-0.03961547,0.077413626,0.046725865,0.04607764,-0.06360936,0.17984694,0.13865256,0.06278812,-0.13713957,0.047966756
2024-09-09 18:00:00,-0.016706016,-0.015569009,-0.013415977,-0.0047345534,0.021168038,-0.0070790537,-0.021612024,-0.016728252,-0.14235038,0.036308646,-0.060117207,0.057020828,0.0076786242,0.08313096,-0.09560345,-0.07257627,0.010610679,0.09273687,0.01928161,0.13489601,0.021067811,0.070998035,-0.040019818,0.079830505,0.04934095,0.045961365,-0.06310419,0.17967282,0.13651037,0.06069022,-0.1371583,0.046766594
2024-09-09 19:00:00,-0.017113078,-0.018741526,-0.013956405,-0.008077912,0.019516319,-0.0062179714,-0.025039231,-0.017034732,-0.14584537,0.039489612,-0.062048085,0.05861809,0.008481104,0.08122923,-0.09321229,-0.074530944,0.00744926,0.09219698,0.022337884,0.1334554,0.021393795,0.072137974,-0.040521964,0.081892274,0.05128122,0.04485317,-0.063742384,0.18250155,0.13773149,0.06244225,-0.14006825,0.04821489
2024-09-10 13:00:00,-0.017330546,-0.0240229,-0.015275978,-0.011016667,0.01807259,-0.0064704716,-0.028292323,-0.017685808,-0.1502389,0.042296,-0.06561467,0.0613204,0.01033045,0.07912354,-0.091028735,-0.07722856,0.0059245974,0.091939665,0.025792032,0.1330746,0.021047343,0.07293585,-0.039524376,0.083521165,0.052326143,0.04468934,-0.06490795,0.18592066,0.14061211,0.064958826,-0.14219847,0.05052711
2024-09-10 14:00:00,-0.017703526,-0.027085803,-0.017669626,-0.01029025,0.017278537,-0.009493735,-0.027628532,-0.016283195,-0.14995107,0.04049766,-0.0673427,0.06258602,0.011865053,0.07887242,-0.091969326,-0.07790144,0.008977981,0.09382327,0.026526257,0.13444105,0.019413756,0.07187641,-0.038388167,0.08304129,0.050485224,0.04658564,-0.066919975,0.18725051,0.14428955,0.06492773,-0.1412214,0.050062608
2024-09-10 15:00:00,-0.01729111,-0.027720258,-0.018149987,-0.011177897,0.016620614,-0.008597612,-0.026910672,-0.015148349,-0.15036261,0.040838525,-0.06602358,0.06307945,0.012890425,0.07952886,-0.09169386,-0.07814488,0.009339027,0.095482916,0.02585508,0.13417402,0.01925025,0.072205454,-0.038622163,0.08341774,0.050682418,0.04675129,-0.06827665,0.18721585,0.14489965,0.064384356,-0.14270279,0.04895533
2024-09-10 16:00:00,-0.017821021,-0.018405095,-0.018502928,-0.0061734617,0.018337902,-0.008685833,-0.021213932,-0.011653833,-0.1398355,0.035452835,-0.06283972,0.05724588,0.011136856,0.08337188,-0.096481405,-0.07454209,0.013283021,0.09670221,0.02033896,0.1351872,0.018503975,0.07077179,-0.039052248,0.08221679,0.049082875,0.0488614,-0.06686854,0.18225697,0.1412478,0.058517937,-0.13753828,0.04299222
2024-09-10 17:00:00,-0.018351179,-0.016535558,-0.016942032,-0.002811253,0.018537715,-0.012170516,-0.0189943,-0.011207961,-0.13749878,0.03140755,-0.059276406,0.05742842,0.008883964,0.08428635,-0.09752064,-0.0717216,0.015391092,0.09817729,0.01826787,0.13626838,0.018070644,0.06768052,-0.0419842,0.079145044,0.046040278,0.048783828,-0.06735817,0.17994638,0.14095832,0.05731769,-0.13651592,0.041412145
2024-09-10 18:00:00,-0.018127892,-0.01895772,-0.015480675,-0.0035517663,0.018553302,-0.013148734,-0.020378066,-0.012518816,-0.14067945,0.031925067,-0.05839067,0.060204253,0.008691266,0.084024064,-0.095832765,-0.07151931,0.014426468,0.09830631,0.018992856,0.1359388,0.018015966,0.067002065,-0.043502785,0.07833278,0.04479133,0.047336243,-0.068502456,0.18024461,0.14130026,0.058119245,-0.13831168,0.042730086
2024-09-10 19:00:00,-0.017987017,-0.024595715,-0.015634038,-0.007887915,0.017699506,-0.011016348,-0.024508173,-0.014380515,-0.14725807,0.0367286,-0.061468977,0.063779615,0.010816738,0.0825041,-0.0924858,-0.07456283,0.010905003,0.09701188,0.02285847,0.13482258,0.018253922,0.06888288,-0.042615913,0.08076408,0.046368327,0.045491103,-0.069577485,0.18347487,0.14266223,0.060453176,-0.14171636,0.045542814
2024-09-11 13:00:00,-0.018044595,-0.029980749,-0.017042391,-0.012842439,0.01660458,-0.0074681453,-0.028716763,-0.01572065,-0.15310448,0.042511843,-0.06638092,0.066021115,0.013728127,0.08053998,-0.08950156,-0.07885146,0.0071617495,0.0951841,0.02734875,0.13370727,0.018658115,0.07194643,-0.040222682,0.084696375,0.04965906,0.044389755,-0.06981612,0.18752044,0.14421058,0.06312552,-0.14463362,0.048333477
2024-09-11 14:00:00,-0.017634206,-0.019617446,-0.020163782,0.00013770163,0.020994209,-0.016045745,-0.018046366,-0.011307053,-0.13494568,0.028739387,-0.06299477,0.058684275,0.01098226,0.085466556,-0.09943968,-0.07235263,0.020591686,0.09848295,0.019172385,0.13867864,0.015121358,0.06734715,-0.039677903,0.07887169,0.042178564,0.05106747,-0.06845933,0.18020262,0.14364837,0.055738416,-0.13196734,0.04241059
2024-09-11 15:00:00,-0.017020233,-0.014160857,-0.018660828,0.008586548,0.023873284,-0.020384222,-0.011306981,-0.012181092,-0.1277353,0.02082208,-0.060383588,0.057195716,0.0090348795,0.08825202,-0.10395455,-0.06925147,0.028330259,0.09870772,0.012878701,0.14297172,0.014290394,0.062539555,-0.03961777,0.07381278,0.03805256,0.05416848,-0.06697843,0.1742229,0.14256777,0.054341063,-0.12524596,0.040755004
2024-09-11 16:00:00,-0.016024958,-0.008432664,-0.01699616,0.018471405,0.027316578,-0.026779972,-0.0035445672,-0.011480674,-0.1197788,0.010937449,-0.054237805,0.055574648,0.0071862675,0.091970325,-0.108712055,-0.06381239,0.03715494,0.101171464,0.005296394,0.1473126,0.012802421,0.058009878,-0.041517913,0.06691475,0.031896472,0.056850422,-0.06657481,0.16763909,0.14164822,0.050813198,-0.119288385,0.03837977
2024-09-11 17:00:00,-0.014885069,-0.006478928,-0.014345296,0.022430822,0.029781118,-0.028806776,-0.00058121793,-0.012707934,-0.118633285,0.0073431153,-0.050009202,0.05649662,0.006595645,0.09411154,-0.109745786,-0.06115613,0.03999452,0.10199541,0.0010786429,0.14918506,0.012682009,0.056318246,-0.0434051,0.063117005,0.028928861,0.05650508,-0.066760235,0.16419372,0.1403736,0.049629897,-0.117898524,0.03831557
2024-09-11 18:00:00,-0.013822929,-0.006848477,-0.012364022,0.023219675,0.031780403,-0.029314265,-0.0006695241,-0.014709018,-0.12028377,0.0071185734,-0.04833265,0.058148384,0.007013906,0.094807714,-0.10915494,-0.06010939,0.0399198,0.101573564,-0.00036884844,0.14974898,0.012929594,0.056728814,-0.044422932,0.061525546,0.027932715,0.055162597,-0.066853,0.16322279,0.13956827,0.049615514,-0.11790058,0.039931
2024-09-11 19:00:00,-0.012415447,-0.0074351802,-0.011268899,0.024358813,0.03432774,-0.030676736,-0.0010690261,-0.017205667,-0.12113312,0.006788926,-0.048389994,0.0593642,0.0077491216,0.09478538,-0.10900475,-0.05940216,0.040537402,0.1003999,-0.0014650226,0.15053739,0.012891815,0.057491615,-0.044366583,0.06020098,0.027329631,0.054877367,-0.06637672,0.16272713,0.13940871,0.050180353,-0.11643349,0.042785525
2024-09-12 13:00:00,-0.010750978,-0.0037343353,-0.0107682645,0.028232057,0.03785793,-0.03198931,0.0013097879,-0.01855188,-0.116720796,0.0039515775,-0.047569342,0.057349518,0.007692009,0.096063934,-0.11134337,-0.057552084,0.043571744,0.09931497,-0.0050026774,0.15175876,0.012703575,0.05783269,-0.043752935,0.058538344,0.026593316,0.05625558,-0.06438563,0.15997581,0.13767737,0.04904127,-0.11198598,0.04394383
2024-09-12 14:00:00,-0.010073633,0.0024579465,-0.00996425,0.031447127,0.040337026,-0.030285541,0.0040766243,-0.01922075,-0.111249104,0.002099594,-0.046947025,0.053291008,0.0066323653,0.09781811,-0.11410248,-0.05627954,0.045115165,0.09745352,-0.00839664,0.15251209,0.0134966085,0.058311023,-0.042530153,0.058361642,0.027559917,0.057224028,-0.06080042,0.1566278,0.13393036,0.047548242,-0.107742034,0.04300994
2024-09-12 15:00:00,-0.009095111,0.0089921355,-0.007030919,0.03332393,0.04233469,-0.028098373,0.005102521,-0.020942071,-0.10815248,0.0017028749,-0.04485486,0.049508207,0.004004121,0.09837805,-0.115267694,-0.054321535,0.04373482,0.095001,-0.011350252,0.15217963,0.015825018,0.059037812,-0.043075133,0.057714082,0.029744357,0.056691896,-0.056380853,0.15349151,0.12883054,0.047693163,-0.105860546,0.043319583
2024-09-12 16:00:00,-0.008395211,0.009234574,-0.0038867295,0.029609457,0.041878685,-0.025254698,0.0012065042,-0.023429083,-0.11291252,0.0061336104,-0.043734074,0.049584374,0.0019004792,0.096021995,-0.11213725,-0.054396287,0.03759464,0.092850566,-0.009467475,0.14958711,0.01867959,0.06103708,-0.04480278,0.058606032,0.033159893,0.053705376,-0.05427409,0.15468566,0.1261694,0.05079373,-0.10986692,0.04627581
2024-09-12 17:00:00,-0.00751103,0.008265108,-0.0031487383,0.028790578,0.041610382,-0.02808261,-0.000748083,-0.023425188,-0.11435492,0.0061197374,-0.041160107,0.050113276,0.00039181486,0.09431985,-0.11094926,-0.05255127,0.036062676,0.09397019,-0.008976564,0.14809279,0.019012962,0.061243843,-0.047564995,0.056863364,0.03282503,0.0528482,-0.05517734,0.15587735,0.12705891,0.051867604,-0.1120743,0.048428543
2024-09-12 18:00:00,-0.0058792597,0.0066983066,-0.0025253296,0.026979715,0.042071037,-0.028869648,-0.0035383739,-0.025133975,-0.116531074,0.007888025,-0.041360334,0.05136714,0.00045973435,0.09285514,-0.10906516,-0.052556098,0.034096174,0.09313771,-0.008672867,0.14650065,0.019405188,0.06229625,-0.048455037,0.056678757,0.033644058,0.052230954,-0.055819392,0.15694313,0.12736584,0.0537059,-0.11347576,0.051776633
2024-09-12 19:00:00,-0.00446936,0.009809621,-0.0025976002,0.028198961,0.043789126,-0.029401511,-0.003106542,-0.025456026,-0.112820536,0.0068057906,-0.04137148,0.049237557,0.00034629554,0.09319889,-0.11014283,-0.051450185,0.03488464,0.09211178,-0.011101559,0.14589281,0.019529358,0.06296657,-0.048309878,0.056340136,0.034275897,0.053243164,-0.05463002,0.15547214,0.12565343,0.05304247,-0.11114152,0.052665576
2024-09-13 13:00:00,-0.004081757,0.0074402653,-0.0024747476,0.025617868,0.04352574,-0.027713167,-0.006047042,-0.028052408,-0.11616164,0.010211404,-0.045835126,0.05045966,0.0013276078,0.09123351,-0.10832309,-0.05414068,0.032673012,0.089092016,-0.0090926215,0.14544168,0.020533979,0.06436517,-0.04604156,0.058222942,0.03679145,0.052927326,-0.053332515,0.15719412,0.12566665,0.0562865,-0.11158008,0.055863313
2024-09-13 14:00:00,-0.0034413328,0.0072982237,-0.0029685274,0.026158586,0.043732285,-0.028976997,-0.005931942,-0.02833194,-0.11569089,0.009542922,-0.046525054,0.050046608,0.0015567131,0.09051074,-0.10879107,-0.05401483,0.0339211,0.089028925,-0.009588622,0.14588772,0.020712258,0.0646348,-0.045059185,0.05753437,0.037112914,0.054064896,-0.052682213,0.15729147,0.12637293,0.057317097,-0.11076274,0.057141237
2024-09-13 15:00:00,-0.0025473712,0.0068608485,-0.0027221255,0.024835099,0.0433867,-0.028327229,-0.0066265017,-0.028635167,-0.11703998,0.010689007,-0.045765396,0.050150096,0.0018208995,0.08986952,-0.10785839,-0.05419995,0.03309207,0.08930981,-0.00989446,0.1452383,0.021388758,0.06555465,-0.04515377,0.057573687,0.038429696,0.05397112,-0.052640744,0.15770914,0.12640837,0.058523096,-0.11233049,0.05817906
2024-09-13 16:00:00,-0.0019397112,0.0067387596,-0.0021999814,0.021486115,0.042711977,-0.02553603,-0.008862758,-0.028908165,-0.119357415,0.014074737,-0.045276858,0.0498494,0.0021510571,0.08893073,-0.105798036,-0.05502534,0.029574897,0.088729985,-0.00920115,0.14323035,0.022561366,0.06780046,-0.045629933,0.05934517,0.041499905,0.052588593,-0.052196316,0.15879077,0.12516023,0.059544496,-0.11538094,0.059126094
2024-09-13 17:00:00,-0.002182777,0.0030275956,-0.002662018,0.015941974,0.04017148,-0.02352447,-0.013016937,-0.028298348,-0.124652,0.018837715,-0.044972282,0.0513874,0.0028054714,0.08693161,-0.10226606,-0.056630358,0.024533642,0.08934969,-0.0057399645,0.14038336,0.02310524,0.0701093,-0.047008228,0.0617826,0.04435505,0.050292894,-0.05358178,0.16242896,0.12631403,0.061084013,-0.12119073,0.060217496
2024-09-13 18:00:00,-0.0027802605,0.0032193027,-0.0035898462,0.012488872,0.038903147,-0.02081189,-0.015594557,-0.02727884,-0.12508802,0.022121353,-0.04663592,0.050149515,0.003240008,0.085922085,-0.10090032,-0.05798454,0.020916287,0.088238806,-0.003922291,0.13792753,0.02349523,0.07219534,-0.04701035,0.06487579,0.04729701,0.049478766,-0.05337362,0.16423726,0.12546167,0.060999572,-0.12320332,0.060010962
2024-09-13 19:00:00,-0.0035832087,-0.0010864213,-0.004484754,0.0072814077,0.03628159,-0.018527154,-0.020248381,-0.027482953,-0.13038017,0.027199315,-0.04948857,0.05184856,0.004158888,0.08342548,-0.09751335,-0.060857505,0.016269516,0.087145664,0.0006059781,0.13558787,0.02410827,0.0741296,-0.046709415,0.068147145,0.050328195,0.04785715,-0.053904086,0.1681197,0.12670738,0.063465714,-0.12759322,0.06177492
2024-09-16 13:00:00,-0.004406198,-0.0065377653,-0.0062922165,0.0027869493,0.03393448,-0.016926069,-0.024520522,-0.027861062,-0.13552329,0.03176719,-0.05438993,0.053959854,0.0060739852,0.080850214,-0.09468492,-0.06458688,0.013284693,0.085969605,0.0052908063,0.13438806,0.024221098,0.07581168,-0.04476507,0.071286,0.052847996,0.04739063,-0.054547817,0.17235617,0.12921418,0.06642121,-0.13054127,0.06397974
2024-09-16 14:00:00,-0.0056327665,-0.008935057,-0.008558311,0.0006916076,0.0320511,-0.015445348,-0.025659895,-0.026793895,-0.13649747,0.03363336,-0.058900665,0.053862363,0.007601939,0.07974027,-0.094500154,-0.067379795,0.012998429,0.0854629,0.007905774,0.1343272,0.024044542,0.07659359,-0.04192455,0.07379066,0.054384463,0.048412804,-0.054618306,0.17464928,0.13092579,0.06755058,-0.13073036,0.06363785
2024-09-16 15:00:00,-0.006957908,-0.011489846,-0.009977736,-0.0020598471,0.02959368,-0.013011381,-0.02666446,-0.025725812,-0.13893318,0.036133826,-0.06171367,0.05430317,0.008772414,0.07871206,-0.0935843,-0.06999788,0.011848031,0.08561909,0.010612167,0.13403593,0.024376959,0.07728718,-0.03989698,0.076136805,0.056232706,0.048642755,-0.054954194,0.17678724,0.13224487,0.06890999,-0.13261166,0.062856786
2024-09-16 16:00:00,-0.008182478,-0.016987137,-0.011130691,-0.0073904246,0.02606257,-0.010231247,-0.029630547,-0.024649799,-0.1453945,0.040828504,-0.06291525,0.056814708,0.010259453,0.07683999,-0.09037764,-0.0730509,0.008315209,0.08693161,0.015083656,0.13258198,0.02472456,0.07867316,-0.039443333,0.07881304,0.05866635,0.047224633,-0.056802444,0.18072487,0.13464662,0.070979156,-0.13832358,0.06296919
2024-09-16 17:00:00,-0.009289709,-0.022472478,-0.012858197,-0.013006382,0.022732958,-0.00765061,-0.033043966,-0.023124183,-0.15130273,0.04569643,-0.06425498,0.059176147,0.012138549,0.07511218,-0.08718026,-0.076097265,0.0044186153,0.088297114,0.01954928,0.13067217,0.02456719,0.080513574,-0.039329514,0.08188995,0.061164133,0.045755573,-0.0591612,0.18503886,0.13723269,0.07228954,-0.14404327,0.0630303
2024-09-16 18:00:00,-0.010427502,-0.029264115,-0.015236609,-0.018915221,0.01921554,-0.005464293,-0.037076905,-0.021658918,-0.15776047,0.05087042,-0.06656222,0.06223108,0.014647864,0.07320799,-0.08376143,-0.07977177,0.0004670266,0.089672014,0.024711601,0.12885213,0.024005553,0.08239472,-0.039045736,0.085375495,0.06354127,0.04437466,-0.062056407,0.19012812,0.14079328,0.07377397,-0.14980483,0.063413866
2024-09-16 19:00:00,-0.011673485,-0.03476064,-0.017963119,-0.023952477,0.016385302,-0.0024742223,-0.04048799,-0.02045956,-0.16246137,0.05576118,-0.070945024,0.06429137,0.0176293,0.07164117,-0.08126863,-0.08411321,-0.0027348343,0.0898357,0.029461108,0.12759772,0.023513032,0.084383756,-0.037399404,0.08957515,0.06623916,0.043821923,-0.06396106,0.19456795,0.14363657,0.075036176,-0.15349942,0.06354023
2024-09-17 13:00:00,-0.013252954,-0.042087235,-0.021122463,-0.028471783,0.013305798,-0.00033168122,-0.04380274,-0.019765712,-0.16822842,0.060279943,-0.07706321,0.06738164,0.021134112,0.069623284,-0.07896803,-0.08942483,-0.004793722,0.09019562,0.035088725,0.127704,0.022781568,0.085641146,-0.03466086,0.093532905,0.06827033,0.043874882,-0.06592812,0.1997284,0.14803162,0.0774464,-0.15644804,0.064020224
2024-09-17 14:00:00,-0.01510222,-0.044713497,-0.02398657,-0.0298303,0.011156946,0.000978522,-0.043358535,-0.017628862,-0.16870295,0.061011113,-0.081462584,0.06764676,0.023196738,0.06939435,-0.07989429,-0.09254107,-0.0038028173,0.09118322,0.03766506,0.12881003,0.021966351,0.08565259,-0.03163776,0.095959365,0.0686224,0.04527378,-0.067057244,0.20195381,0.15074497,0.07748042,-0.15607613,0.061677665
2024-09-17 15:00:00,-0.017019771,-0.04552702,-0.025487028,-0.03086777,0.008971348,0.0032815747,-0.042056203,-0.0155391805,-0.16891961,0.06159921,-0.083551995,0.06741891,0.024105754,0.06973247,-0.08080419,-0.09463622,-0.003376687,0.09234835,0.03934002,0.12967798,0.021923007,0.08528866,-0.029663142,0.09777051,0.06910992,0.04596387,-0.067783445,0.20288941,0.15182541,0.07710044,-0.15638337,0.05844729
2024-09-17 16:00:00,-0.019026224,-0.043348275,-0.02595935,-0.02995938,0.0076345503,0.0046084635,-0.03952542,-0.013456903,-0.16666195,0.06021533,-0.08411316,0.065805346,0.023375738,0.070854455,-0.08293995,-0.0949045,-0.0022433344,0.09313718,0.039385587,0.130804,0.021970395,0.08404191,-0.028481454,0.098256364,0.068544336,0.0466372,-0.0676042,0.20204651,0.15122245,0.07549757,-0.15512025,0.05434951
2024-09-17 17:00:00,-0.021013513,-0.04020869,-0.025551304,-0.02838511,0.0063274205,0.005024947,-0.036678813,-0.011085939,-0.1641086,0.05796609,-0.082218274,0.06415558,0.021381568,0.072259694,-0.08502342,-0.09353773,-0.0013728868,0.094560415,0.038869545,0.13149694,0.022009522,0.08203534,-0.029042665,0.09764425,0.06698531,0.046676945,-0.067784525,0.20052588,0.15009639,0.07304621,-0.15443067,0.049775988
2024-09-17 18:00:00,-0.022607759,-0.038929068,-0.024633072,-0.027885526,0.0049045235,0.0048677213,-0.035297304,-0.009352773,-0.16381663,0.05666049,-0.07932919,0.064147815,0.019379612,0.073041424,-0.08555254,-0.092021376,-0.0018073544,0.096240714,0.03920328,0.13127565,0.021884449,0.08000682,-0.031082558,0.09680677,0.06511438,0.04566302,-0.06890626,0.19985688,0.14953665,0.07110143,-0.1555945,0.046515595
2024-09-17 19:00:00,-0.02386561,-0.040200926,-0.024199076,-0.02924949,0.0037255362,0.005872667,-0.036196575,-0.009118624,-0.16598709,0.057829015,-0.07935913,0.06551008,0.018886682,0.072924934,-0.08463472,-0.09258376,-0.0037281234,0.09633389,0.041348666,0.13054608,0.021749845,0.07914713,-0.031999707,0.097585745,0.06443457,0.044282623,-0.06999592,0.20074189,0.149468,0.070640095,-0.15732393,0.04546822
2024-09-18 13:00:00,-0.024844024,-0.045519345,-0.025010295,-0.031476207,0.0023213848,0.005792167,-0.03854288,-0.009810418,-0.17087287,0.060034923,-0.08198459,0.06883423,0.02009296,0.07165977,-0.08283917,-0.094850555,-0.0052474476,0.0963859,0.045271523,0.13058105,0.02102992,0.078672685,-0.03156253,0.09871326,0.06372921,0.043323524,-0.07176992,0.20371258,0.15211894,0.07200996,-0.15931782,0.04654745
2024-09-18 14:00:00,-0.025494441,-0.048328727,-0.026357733,-0.03335491,0.0014505982,0.0071968324,-0.03948064,-0.009401422,-0.1731148,0.061918415,-0.08414243,0.07008128,0.021621805,0.0713826,-0.082188174,-0.09686096,-0.0060611926,0.09651773,0.047637664,0.13035311,0.02050994,0.07920271,-0.030319644,0.1005211,0.06397033,0.043120053,-0.072945416,0.20559615,0.15361986,0.07216731,-0.16032544,0.04641751
2024-09-18 15:00:00,-0.026069015,-0.05186475,-0.027245037,-0.03793382,-0.0005917549,0.010919299,-0.041948155,-0.008622311,-0.17775305,0.06652992,-0.084589906,0.071621716,0.023144778,0.07045476,-0.07953395,-0.09940955,-0.009839699,0.097115576,0.051090814,0.12845105,0.020877818,0.081191786,-0.030415535,0.10359711,0.06644016,0.041513126,-0.07435749,0.2085301,0.15467227,0.07289792,-0.16494876,0.04647121
2024-09-18 16:00:00,-0.026996657,-0.055407725,-0.028758727,-0.0414244,-0.0026784986,0.012330268,-0.04429081,-0.0072233267,-0.1810348,0.06953623,-0.085474655,0.07299939,0.024400953,0.069455326,-0.07776555,-0.10140453,-0.012498856,0.09813965,0.054352194,0.12711957,0.02046084,0.08236428,-0.03076674,0.10586157,0.06778519,0.040511105,-0.07617097,0.21178928,0.15676643,0.07322973,-0.16842932,0.046168357
2024-09-18 17:00:00,-0.027489997,-0.061000116,-0.030159377,-0.046337724,-0.0051757395,0.014441147,-0.047877997,-0.006550759,-0.18672235,0.07424963,-0.08670763,0.07575197,0.026261467,0.06783548,-0.07454501,-0.10436396,-0.016330063,0.09914487,0.05860828,0.12531883,0.020242346,0.084038936,-0.031249054,0.10871367,0.06992159,0.03898046,-0.07841372,0.21589929,0.15939647,0.07472092,-0.17361686,0.047106296
2024-09-18 18:00:00,-0.027983326,-0.05456824,-0.033275604,-0.034279957,-0.0021387488,0.0016363598,-0.038753323,-0.0016864315,-0.17131096,0.05916653,-0.08292447,0.07166655,0.023182582,0.07209137,-0.08363561,-0.09722234,-0.0029033683,0.103358164,0.051764563,0.1302009,0.015339772,0.07733181,-0.03236066,0.101995215,0.059065327,0.04487018,-0.08042697,0.2103903,0.16189325,0.06737259,-0.16222066,0.040697284
2024-09-18 19:00:00,-0.02764371,-0.040982828,-0.033162504,-0.0183983,0.0035449266,-0.005972516,-0.025168264,4.4234097e-05,-0.15226069,0.04308773,-0.07782997,0.0655989,0.019743245,0.079818025,-0.09391052,-0.089718804,0.012256617,0.105072,0.03981311,0.13676375,0.012120093,0.069429755,-0.031793505,0.09423607,0.049698874,0.05105256,-0.0785264,0.19854039,0.15890238,0.059174977,-0.14731923,0.033324897
2024-09-19 13:00:00,-0.027897593,-0.0260522,-0.03003826,-0.005084403,0.008461103,-0.00845143,-0.013823835,0.00019292906,-0.13732472,0.031019958,-0.07184482,0.059138373,0.015684284,0.08734122,-0.10217834,-0.08287968,0.022084815,0.10444139,0.028731346,0.1422281,0.011666723,0.06358458,-0.031529948,0.08787966,0.044054635,0.05415223,-0.07358328,0.18648687,0.15211177,0.05223307,-0.13578522,0.026375305
2024-09-19 14:00:00,-0.029043168,-0.020433083,-0.025790669,0.0025652945,0.011369497,-0.010450799,-0.008627927,-0.0032026507,-0.13325855,0.024940344,-0.07077605,0.0579419,0.012586895,0.08974728,-0.106022686,-0.07975246,0.026467497,0.101384535,0.02449961,0.14640488,0.012305988,0.059441052,-0.03064178,0.08314703,0.040454753,0.054325484,-0.068971105,0.17996827,0.14782606,0.05146967,-0.12933686,0.02539659
2024-09-19 15:00:00,-0.02881758,-0.018658482,-0.021508165,0.005056493,0.013643771,-0.00999254,-0.0077381004,-0.0073425397,-0.13517456,0.024234021,-0.07001041,0.05841337,0.010385677,0.08992993,-0.10637388,-0.07817218,0.02627372,0.09825512,0.023170017,0.14777957,0.014263056,0.058667332,-0.030202467,0.08055738,0.03923746,0.052842326,-0.06553746,0.17720693,0.14420415,0.053151164,-0.12773427,0.027693916
2024-09-19 16:00:00,-0.02729557,-0.020109996,-0.017949983,0.0028957874,0.014714539,-0.00845265,-0.010454204,-0.010670707,-0.14113347,0.02747477,-0.06730155,0.060206316,0.009137761,0.08833731,-0.103229985,-0.077192396,0.022202982,0.09705951,0.02403827,0.14623612,0.01667871,0.060458962,-0.03215541,0.07939336,0.040067356,0.049863175,-0.064680286,0.1779044,0.14243346,0.055862594,-0.13131058,0.03174878
2024-09-19 17:00:00,-0.025219217,-0.023826249,-0.016209044,-0.0020926893,0.015455246,-0.0056399126,-0.015780272,-0.014111899,-0.14803262,0.033615544,-0.06769495,0.06248063,0.009699885,0.085617475,-0.098761424,-0.07864274,0.016367424,0.09518283,0.026681237,0.14354345,0.018500237,0.064238995,-0.033061966,0.08086868,0.043115385,0.047014505,-0.064679556,0.18099928,0.14192653,0.059558608,-0.13563037,0.03734948
2024-09-19 18:00:00,-0.023234528,-0.025303401,-0.016191833,-0.004707955,0.016502611,-0.005119968,-0.01913598,-0.01563707,-0.15030839,0.03673487,-0.067886844,0.06270814,0.010388453,0.083770365,-0.09669922,-0.07901794,0.013458824,0.09427314,0.02751489,0.14159442,0.019278139,0.06723769,-0.03370261,0.0816838,0.045471072,0.046005208,-0.06476086,0.18311831,0.14219639,0.06144202,-0.13727579,0.041349445
2024-09-19 19:00:00,-0.02156829,-0.025876753,-0.016585425,-0.0065652654,0.017502889,-0.0039645657,-0.021562824,-0.017346531,-0.15100692,0.039404243,-0.07012305,0.06223596,0.011350308,0.08223056,-0.09555871,-0.08040188,0.011592479,0.09241514,0.027889356,0.14036644,0.019960476,0.06973488,-0.032858454,0.08314271,0.048212342,0.046056066,-0.06392655,0.18454272,0.14209189,0.063583806,-0.13724107,0.04474792
2024-09-20 13:00:00,-0.020537935,-0.028433181,-0.017422788,-0.008220866,0.017813388,-0.0033394583,-0.023753067,-0.019599838,-0.15313712,0.04199615,-0.07461092,0.06286752,0.012853455,0.0801118,-0.09449248,-0.08308761,0.010786142,0.09043153,0.02938576,0.1405003,0.020339945,0.07142121,-0.030459544,0.084519744,0.050559282,0.046731427,-0.062858276,0.18659812,0.14345673,0.06700122,-0.13679704,0.048470713
2024-09-20 14:00:00,-0.0198231,-0.027768113,-0.018136099,-0.008219138,0.018470041,-0.0021888837,-0.023625059,-0.020733727,-0.15216361,0.042770393,-0.078024104,0.06121765,0.01361588,0.07935563,-0.095262066,-0.084849805,0.011601194,0.08855415,0.02885364,0.14118627,0.021050429,0.072825395,-0.027278952,0.08546878,0.052805796,0.048164763,-0.060603976,0.18665427,0.14315379,0.069119215,-0.13470054,0.05019114
2024-09-20 15:00:00,-0.019297957,-0.025174163,-0.018143944,-0.0063691735,0.018980905,-0.0024789646,-0.021838414,-0.021022147,-0.1496721,0.041273825,-0.07835081,0.058909245,0.0130320005,0.07936682,-0.0969668,-0.084438965,0.013622307,0.088076636,0.026851013,0.14236018,0.021866454,0.0729585,-0.025551418,0.08433574,0.053729065,0.049742125,-0.05851969,0.18522069,0.14252171,0.0700676,-0.13239174,0.05039709
2024-09-20 16:00:00,-0.018199265,-0.026022702,-0.017216437,-0.0067112,0.01794687,-0.004279811,-0.021576213,-0.020277241,-0.1517476,0.040644683,-0.07345834,0.059895486,0.012362309,0.07860012,-0.09581647,-0.082631856,0.013503745,0.09105936,0.02593381,0.14204046,0.022637222,0.07257889,-0.02834807,0.08176447,0.0535343,0.049356077,-0.060167037,0.1854744,0.14401975,0.07080063,-0.13567683,0.050798707
2024-09-20 17:00:00,-0.016931746,-0.028765246,-0.016969211,-0.010144994,0.01733154,-0.0029244497,-0.024151137,-0.020681141,-0.1557731,0.043921404,-0.07225737,0.06203013,0.013714071,0.07749982,-0.09286849,-0.083680674,0.010488939,0.09215738,0.026940458,0.14044401,0.02306317,0.07426674,-0.02994314,0.08252829,0.055415645,0.047966953,-0.062052153,0.18733634,0.1447652,0.07191836,-0.1397666,0.05243776
2024-09-20 18:00:00,-0.016551021,-0.026428193,-0.017473944,-0.010457844,0.017900556,-0.0022756457,-0.024366854,-0.019542608,-0.15331301,0.043993652,-0.07195137,0.060309663,0.01403708,0.077990465,-0.09342131,-0.08337416,0.0097939465,0.09189658,0.02569206,0.13942581,0.023051647,0.07556443,-0.030331017,0.0835389,0.056627028,0.047941066,-0.061926715,0.1869736,0.14335285,0.070268914,-0.1393061,0.051614854
2024-09-20 19:00:00,-0.016226243,-0.026492648,-0.017680839,-0.009172842,0.017864075,-0.0055375136,-0.024125477,-0.01883538,-0.15218373,0.041829877,-0.0702319,0.060758755,0.01360406,0.077884704,-0.093958914,-0.08174832,0.010996686,0.09322969,0.024816811,0.13956001,0.022337288,0.07455945,-0.032132138,0.081929706,0.055062592,0.04830229,-0.06310593,0.18686949,0.14468199,0.06953515,-0.13907596,0.05153513
2024-09-23 13:00:00,-0.01585529,-0.02756787,-0.01799804,-0.008979954,0.018411763,-0.0060176887,-0.024443066,-0.019815827,-0.15234895,0.041916527,-0.07234299,0.06177108,0.014545444,0.07769964,-0.09391567,-0.08266735,0.011652145,0.09249586,0.02489043,0.14000922,0.021789577,0.07431534,-0.03128751,0.08225002,0.054752268,0.048832834,-0.06324947,0.18701893,0.14522417,0.07008937,-0.13800913,0.052526053
2024-09-23 14:00:00,-0.015620063,-0.027963579,-0.018238857,-0.009083182,0.018444248,-0.0060363114,-0.024379047,-0.019632986,-0.15251741,0.04189323,-0.072354615,0.062040515,0.015226044,0.07784528,-0.09389223,-0.082766905,0.012005558,0.092751436,0.024717472,0.1400906,0.021745488,0.074537694,-0.03110433,0.082403526,0.054766983,0.048995275,-0.06350968,0.18706527,0.14551066,0.06995615,-0.13813692,0.052538622
2024-09-23 15:00:00,-0.0152222095,-0.028555952,-0.017774396,-0.011849821,0.01769434,-0.0037508905,-0.02591086,-0.019096944,-0.15471898,0.044477716,-0.07038218,0.062377647,0.015621383,0.077533424,-0.09193319,-0.08297522,0.00914952,0.09340467,0.025421485,0.13821831,0.022476489,0.07613915,-0.032583926,0.08373715,0.056668043,0.047526035,-0.06409539,0.18795118,0.1448246,0.069974124,-0.14164495,0.0526153
2024-09-23 16:00:00,-0.015479836,-0.027464591,-0.017529957,-0.014702857,0.0166782,-0.001528766,-0.027646696,-0.017375648,-0.15512235,0.04679852,-0.06802716,0.06135977,0.015194029,0.07736186,-0.09042311,-0.08251551,0.005526414,0.0939207,0.026087232,0.13541427,0.022897933,0.077848986,-0.034874447,0.08561748,0.05871459,0.04584993,-0.064557776,0.18881318,0.14337105,0.06864793,-0.14506102,0.05155786
2024-09-23 17:00:00,-0.016183566,-0.029671177,-0.017859705,-0.018599898,0.0149294585,0.00025987253,-0.03133378,-0.016903035,-0.15815465,0.050503112,-0.06885346,0.062277302,0.015430987,0.07594017,-0.08779238,-0.08394095,0.0011918955,0.09338836,0.029248536,0.13285543,0.023107244,0.07926794,-0.03625414,0.0882325,0.06080486,0.044086773,-0.06533372,0.19151181,0.14353289,0.06928551,-0.14883888,0.05220613
2024-09-23 18:00:00,-0.016888533,-0.03468413,-0.01871118,-0.024555117,0.012001596,0.0023954138,-0.036245443,-0.015959054,-0.16400026,0.055848345,-0.06945839,0.0645344,0.01629445,0.073837906,-0.083785005,-0.08613247,-0.0042476896,0.09367846,0.034025602,0.12946695,0.023118412,0.081287295,-0.037713375,0.09159946,0.06340012,0.041709084,-0.067127,0.1957906,0.14505097,0.07057332,-0.15522632,0.053486783
2024-09-23 19:00:00,-0.017759599,-0.04191699,-0.020982757,-0.030845962,0.009003021,0.004777491,-0.04195986,-0.015623376,-0.17073557,0.062089555,-0.073863946,0.067708485,0.018986385,0.07124476,-0.07962045,-0.09051654,-0.00903964,0.093189105,0.04004308,0.12701322,0.022705307,0.08355472,-0.03702142,0.09597034,0.06641806,0.04039167,-0.06908707,0.2013584,0.14815691,0.073069654,-0.16058579,0.055691317
2024-09-24 13:00:00,-0.01900287,-0.04976973,-0.024208501,-0.03678765,0.0057934597,0.0074189156,-0.046799876,-0.014831219,-0.17716002,0.067985274,-0.07996975,0.07078723,0.0226431,0.06875015,-0.076257676,-0.0959336,-0.012525883,0.0929963,0.04625713,0.12563023,0.022078997,0.085758105,-0.0347185,0.10078304,0.069494545,0.04004,-0.07105897,0.20718716,0.15215509,0.07577425,-0.16493487,0.057308547
2024-09-24 14:00:00,-0.0202946,-0.05432593,-0.027545072,-0.03734821,0.0038800463,0.0048002116,-0.047091447,-0.01280665,-0.17790303,0.06708197,-0.083695434,0.0724227,0.024755325,0.06795908,-0.07701504,-0.09788917,-0.010073762,0.09491689,0.04856749,0.1269279,0.020238744,0.0848163,-0.032712284,0.101629175,0.06817521,0.042126507,-0.0733724,0.21003331,0.1569547,0.07627319,-0.16442451,0.05632569
2024-09-24 15:00:00,-0.02081475,-0.056215994,-0.029172279,-0.036941066,0.0024917722,0.0031256713,-0.045107305,-0.010510821,-0.17740393,0.0651497,-0.083066985,0.07359451,0.025863621,0.06878107,-0.078055725,-0.097847834,-0.007187482,0.09805938,0.04807564,0.12801988,0.019091254,0.083440885,-0.032345884,0.10100001,0.06629549,0.043564893,-0.076035224,0.21026582,0.15977257,0.075415164,-0.1645901,0.053885743
2024-09-24 16:00:00,-0.02146747,-0.05863533,-0.030301921,-0.03818591,0.001409173,0.004546132,-0.044689327,-0.009964988,-0.17901565,0.066173,-0.084892236,0.075378254,0.027942237,0.069218636,-0.07766423,-0.09991868,-0.006678216,0.09932572,0.049085014,0.1289205,0.01863933,0.083191514,-0.031065205,0.10213084,0.06642963,0.043898273,-0.07770723,0.21108326,0.16133094,0.075460814,-0.16535535,0.052397985
2024-09-24 17:00:00,-0.02233665,-0.061028548,-0.030626185,-0.042936347,-0.00089754164,0.009327281,-0.046283193,-0.008484706,-0.18319038,0.07066544,-0.08421921,0.07649653,0.029228125,0.069007054,-0.0751833,-0.10213338,-0.01076486,0.1005534,0.05181332,0.127125,0.019324943,0.08527614,-0.031513795,0.10529566,0.06930232,0.041707326,-0.07910391,0.21308064,0.1612329,0.075185806,-0.17059824,0.050970174
2024-09-24 18:00:00,-0.024187844,-0.06413687,-0.031752363,-0.049252465,-0.004274681,0.014604356,-0.049787745,-0.006240342,-0.18798976,0.07664056,-0.08501524,0.077299476,0.030376289,0.06785213,-0.07204048,-0.10529189,-0.01692821,0.10108988,0.056718737,0.12415929,0.019720895,0.08790283,-0.032270722,0.11002918,0.073083885,0.039127346,-0.08054192,0.21702337,0.16160776,0.07489446,-0.17692828,0.04954799
2024-09-24 19:00:00,-0.026194565,-0.06845958,-0.033728004,-0.053275615,-0.0071044564,0.016515203,-0.05325833,-0.004901048,-0.19193384,0.080440976,-0.0888381,0.078773424,0.031759676,0.06620413,-0.070175074,-0.10872786,-0.020532683,0.100974694,0.06189604,0.12298739,0.019289013,0.08884594,-0.03178521,0.11359511,0.07486439,0.03816572,-0.081855305,0.22145008,0.16381954,0.07570518,-0.18011603,0.04914987
2024-09-25 13:00:00,-0.027962074,-0.07505814,-0.036367603,-0.05612029,-0.009330913,0.017721392,-0.056112327,-0.0052532926,-0.19692019,0.08389463,-0.09653351,0.081698515,0.03460912,0.064098135,-0.06883973,-0.11401956,-0.02173742,0.100275666,0.06759022,0.123958245,0.01839912,0.088868655,-0.028575648,0.116983764,0.075867474,0.03873565,-0.08277444,0.22607487,0.16770315,0.07855322,-0.18100324,0.05009508
2024-09-25 14:00:00,-0.029487494,-0.08027407,-0.038838997,-0.059281453,-0.011504345,0.021024961,-0.05747717,-0.004867658,-0.20126998,0.087630734,-0.10288841,0.08352715,0.037665438,0.062720366,-0.06792412,-0.11925121,-0.022617266,0.10013883,0.07219729,0.12484269,0.018305328,0.08982999,-0.024630077,0.12058148,0.07791156,0.03936445,-0.083385244,0.22965975,0.17047821,0.081054956,-0.18231514,0.05020573
2024-09-25 15:00:00,-0.031250775,-0.085731305,-0.040989943,-0.06495504,-0.015135251,0.026437316,-0.059577316,-0.0029443204,-0.20744987,0.0934061,-0.10590956,0.08533699,0.040398505,0.061168525,-0.06547171,-0.124273464,-0.026206188,0.1015834,0.07750343,0.12403337,0.019015813,0.09210315,-0.02254757,0.12486609,0.08178547,0.03845019,-0.08501432,0.23406923,0.17282,0.083101355,-0.18766692,0.04937363
2024-09-25 16:00:00,-0.033091992,-0.09060747,-0.043085746,-0.07043783,-0.018881425,0.030641455,-0.06202068,-0.00052691996,-0.21291737,0.098561086,-0.10802197,0.086934745,0.042439427,0.059582107,-0.063143715,-0.12848254,-0.030191913,0.103313245,0.08253808,0.1227939,0.019277029,0.09408069,-0.021712635,0.12868197,0.08521594,0.0372676,-0.087008074,0.23867664,0.1752324,0.084416404,-0.19321808,0.04818911
2024-09-25 17:00:00,-0.03514419,-0.09255879,-0.044935428,-0.07399495,-0.021974467,0.033465568,-0.06318706,0.002424702,-0.21513073,0.101405494,-0.10958832,0.08706857,0.043287676,0.058871128,-0.0625582,-0.13107261,-0.032906447,0.10462626,0.08595008,0.12167226,0.019175269,0.09506261,-0.021230612,0.13170914,0.08725642,0.036639284,-0.08860547,0.24175398,0.17661451,0.08401394,-0.19650897,0.04569778
2024-09-25 18:00:00,-0.03730934,-0.096710466,-0.046753556,-0.07766411,-0.025662035,0.034994546,-0.06495089,0.0049927607,-0.21913916,0.104191184,-0.11114396,0.08895816,0.044206005,0.05775104,-0.06139295,-0.13377024,-0.035581555,0.10656166,0.090353265,0.12083166,0.018697392,0.0950443,-0.021354605,0.13425905,0.08824545,0.035701346,-0.0910737,0.24561165,0.17938378,0.08422609,-0.2005671,0.04358653
2024-09-25 19:00:00,-0.03932202,-0.102703534,-0.048813388,-0.08387619,-0.029836908,0.039472688,-0.068183556,0.0072461367,-0.22576614,0.11013531,-0.1137783,0.09190196,0.046366256,0.056182265,-0.058440577,-0.13842636,-0.04048305,0.10819507,0.09648904,0.11892765,0.018585889,0.096411586,-0.021045689,0.13883065,0.091124564,0.03400007,-0.09390727,0.25061858,0.18196434,0.08513171,-0.20698336,0.042315498
2024-09-26 13:00:00,-0.041378655,-0.110117115,-0.051802583,-0.08922766,-0.033531018,0.042440604,-0.07176889,0.008823834,-0.23244095,0.11539606,-0.119434126,0.09532452,0.04960377,0.054205775,-0.056129575,-0.14415346,-0.044101723,0.10917388,0.103189155,0.11836447,0.01773706,0.09733943,-0.019291174,0.14342211,0.09335311,0.033276822,-0.09640161,0.25655368,0.1859409,0.0869421,-0.21151534,0.04193481
2024-09-26 14:00:00,-0.04380205,-0.1138029,-0.054978102,-0.0916909,-0.03596838,0.04467838,-0.07239266,0.010687701,-0.23467931,0.11760386,-0.12615147,0.09636912,0.05220863,0.053507358,-0.056906074,-0.14898771,-0.044554986,0.10943368,0.10763471,0.11927172,0.016719626,0.09734668,-0.015677962,0.14725102,0.094334215,0.03418614,-0.09745562,0.26014426,0.18872938,0.08757577,-0.21170425,0.03989977
2024-09-26 15:00:00,-0.046263903,-0.11308605,-0.05662506,-0.091403395,-0.037927017,0.0453693,-0.07027239,0.013373096,-0.23343757,0.1164616,-0.1280657,0.09545018,0.052275594,0.054303043,-0.05939382,-0.15007716,-0.0430374,0.110588215,0.108835444,0.120534405,0.01638513,0.09610541,-0.013569102,0.14829949,0.09361939,0.035201892,-0.09802901,0.2605539,0.18978518,0.08632065,-0.21049178,0.035780363
2024-09-26 16:00:00,-0.048430018,-0.11519001,-0.05725085,-0.09385349,-0.0411229,0.04761708,-0.070075035,0.015684322,-0.23657425,0.118255176,-0.12739682,0.09693967,0.052338045,0.05410666,-0.058758345,-0.15162835,-0.04469414,0.11302801,0.11169943,0.12031141,0.016687248,0.095381156,-0.013969574,0.14958768,0.09401668,0.034226663,-0.100078344,0.26239705,0.19122495,0.0861076,-0.21401948,0.032613713
2024-09-26 17:00:00,-0.050368086,-0.11837096,-0.05827137,-0.096793145,-0.04395219,0.049448807,-0.0709947,0.017572947,-0.24022283,0.120510094,-0.12805785,0.09896806,0.053021427,0.05361457,-0.057734206,-0.15377496,-0.0469053,0.11492535,0.11520584,0.11990675,0.016328692,0.09494227,-0.01428099,0.15134653,0.09428342,0.033058852,-0.10245688,0.26511306,0.19304536,0.08589436,-0.21749014,0.030278921
2024-09-26 18:00:00,-0.051887356,-0.12387968,-0.0599112,-0.09921287,-0.046433434,0.049094845,-0.072408825,0.018723086,-0.24482661,0.12216478,-0.12990317,0.10225753,0.054553162,0.052637503,-0.056667257,-0.15614778,-0.048126966,0.11692778,0.11916037,0.12036821,0.015163568,0.09398416,-0.014346946,0.15253377,0.09346512,0.032292113,-0.105370656,0.2686797,0.19673261,0.08640234,-0.22026908,0.029216766
2024-09-26 19:00:00,-0.052352943,-0.1292097,-0.061546043,-0.10360676,-0.04830338,0.05302685,-0.074543,0.01914107,-0.25029263,0.12707706,-0.13267681,0.10526012,0.05733039,0.051664464,-0.054285478,-0.16038391,-0.051285215,0.1180934,0.12336844,0.11963728,0.0150045175,0.09548412,-0.013480153,0.15592021,0.09556189,0.031247431,-0.10769806,0.272269,0.19885175,0.08759625,-0.22441411,0.02943062
2024-09-27 13:00:00,-0.053345457,-0.13538396,-0.064109035,-0.10802823,-0.050544783,0.05611374,-0.07718335,0.019991994,-0.2558563,0.13179947,-0.13724092,0.10804282,0.060710397,0.05021416,-0.052370388,-0.16546829,-0.05424104,0.11903247,0.12846726,0.11948446,0.014414384,0.09712349,-0.011815432,0.1598144,0.097938806,0.030602256,-0.109657034,0.2770702,0.20203745,0.08919831,-0.22803599,0.029714271
2024-09-27 14:00:00,-0.05507441,-0.14029798,-0.06723868,-0.11144604,-0.05295533,0.058630716,-0.07848026,0.021788701,-0.2597096,0.13512468,-0.14234427,0.10982172,0.06379856,0.049191788,-0.052038755,-0.17038213,-0.055804946,0.120245695,0.13313875,0.120001614,0.0135740945,0.09811813,-0.00935778,0.16355526,0.09974969,0.030734591,-0.11145833,0.28145215,0.20545302,0.09018511,-0.23015249,0.028550096
2024-09-27 15:00:00,-0.05660829,-0.14459664,-0.06939751,-0.11625822,-0.056075692,0.06331304,-0.08009361,0.024115577,-0.26462087,0.14007303,-0.1444515,0.111507356,0.06616303,0.048174977,-0.050304282,-0.17483424,-0.059342913,0.12222554,0.1377298,0.1191371,0.014001828,0.100036144,-0.008446153,0.16752966,0.103069454,0.029751485,-0.11361791,0.2855272,0.20768888,0.09108452,-0.23505995,0.02713427
2024-09-27 16:00:00,-0.058661208,-0.14703846,-0.071211636,-0.12066193,-0.05942568,0.06722562,-0.081672855,0.027346507,-0.26800162,0.14397852,-0.14550388,0.1121794,0.067367285,0.04749294,-0.049169302,-0.17808993,-0.0630936,0.12398752,0.14173985,0.1176926,0.01421472,0.101546004,-0.008333717,0.1712055,0.105872825,0.028542891,-0.11562791,0.2891318,0.20914626,0.09063433,-0.23966968,0.024594657
2024-09-27 17:00:00,-0.060554728,-0.1511741,-0.07265438,-0.12608714,-0.06332447,0.07120626,-0.08460324,0.03010244,-0.27333218,0.1491257,-0.14630124,0.11407535,0.06845571,0.046094585,-0.046678647,-0.18166769,-0.068248816,0.12577896,0.14689572,0.11555043,0.014486344,0.10297404,-0.009247776,0.17511275,0.10895874,0.026632324,-0.11799773,0.29362807,0.21094103,0.0909278,-0.24603048,0.023047298
2024-09-27 18:00:00,-0.062334128,-0.1539186,-0.07395861,-0.12985662,-0.06638509,0.073008955,-0.08695365,0.03281919,-0.27658123,0.15211754,-0.14709856,0.1152312,0.06893511,0.04516692,-0.04538357,-0.183779,-0.071808286,0.12695065,0.15075128,0.11375585,0.014125755,0.103486195,-0.009992141,0.17794992,0.11046392,0.025353149,-0.11998113,0.29714543,0.21247637,0.090339154,-0.25023422,0.021385238
2024-09-27 19:00:00,-0.06448285,-0.15871254,-0.07622553,-0.13210385,-0.06934659,0.07192923,-0.088693246,0.035080425,-0.28000066,0.15321048,-0.15016744,0.11768603,0.07033731,0.044137053,-0.045326114,-0.18621138,-0.07287002,0.12849268,0.15504467,0.11387609,0.012614604,0.102107845,-0.009640444,0.17987685,0.10976641,0.025194842,-0.12247255,0.30115545,0.21626511,0.09035734,-0.2522745,0.019598696
2024-09-30 13:00:00,-0.06567305,-0.16414031,-0.078569256,-0.13509639,-0.07124308,0.07449199,-0.090107694,0.035475753,-0.28445137,0.15672028,-0.15606678,0.120791286,0.0735482,0.043114092,-0.044627964,-0.19128431,-0.07409423,0.1291623,0.15950741,0.11445437,0.011846647,0.1020838,-0.007121999,0.18329476,0.110949785,0.0256471,-0.12414896,0.30475202,0.21910429,0.092161484,-0.2541345,0.019344803
2024-09-30 14:00:00,-0.06698403,-0.17067942,-0.08095992,-0.13900138,-0.073903024,0.07660441,-0.091933385,0.036737807,-0.29043707,0.16055831,-0.1598835,0.12413618,0.07674897,0.04172989,-0.04308764,-0.19584493,-0.0760135,0.13105562,0.16435052,0.114901125,0.011451461,0.10278815,-0.0054709055,0.18625446,0.112660035,0.025254313,-0.12641448,0.3091566,0.22274736,0.094046354,-0.2579262,0.019105807
2024-09-30 15:00:00,-0.06768973,-0.17688411,-0.0830513,-0.14389932,-0.07660569,0.07985775,-0.09403096,0.038419835,-0.29658696,0.16541001,-0.16159838,0.12723276,0.07972202,0.04037769,-0.04060748,-0.19996865,-0.07919184,0.1337059,0.16875157,0.114267774,0.011453006,0.10456986,-0.0050122775,0.189257,0.115440324,0.024211016,-0.12915969,0.31357965,0.225887,0.0956145,-0.263402,0.019033697
2024-09-30 16:00:00,-0.06889096,-0.18133244,-0.08580998,-0.14670728,-0.07856183,0.08102086,-0.095105514,0.04021866,-0.2998544,0.1677004,-0.16538185,0.12915972,0.082620844,0.039595176,-0.040379763,-0.20370014,-0.08025594,0.1354574,0.17226984,0.11479306,0.010363141,0.10514639,-0.0034322962,0.19184034,0.11663179,0.024366792,-0.13122304,0.31740212,0.22923942,0.09616044,-0.265369,0.01788222
2024-09-30 17:00:00,-0.069744006,-0.18286428,-0.08701985,-0.15034996,-0.08064003,0.08523245,-0.09586972,0.042553745,-0.3024833,0.17135647,-0.16505885,0.12978554,0.08378908,0.03941804,-0.03907321,-0.20613195,-0.08333148,0.13729909,0.17462072,0.1133817,0.011087029,0.10713324,-0.0035289824,0.1947638,0.119549856,0.023265436,-0.13306008,0.3195194,0.22983216,0.09560642,-0.2694657,0.016271032
2024-09-30 18:00:00,-0.07265706,-0.17832938,-0.08865797,-0.14852332,-0.081877545,0.083554044,-0.09341714,0.046317063,-0.29749715,0.16742861,-0.16593227,0.12681288,0.08239749,0.041365333,-0.043567937,-0.20509024,-0.08112902,0.13750733,0.17417738,0.11430077,0.009843024,0.10514183,-0.0021487102,0.19510557,0.11740407,0.024177574,-0.13315006,0.31882986,0.2298626,0.091404215,-0.26585358,0.010389578
2024-09-30 19:00:00,-0.0747595,-0.17869535,-0.088926144,-0.1457483,-0.08313018,0.07965092,-0.09148334,0.046822153,-0.2967112,0.16380024,-0.16638297,0.1277743,0.081323564,0.041739445,-0.045895066,-0.20404245,-0.07815973,0.13825244,0.17461048,0.11667894,0.008752282,0.10095851,-0.0024018027,0.19320506,0.11356217,0.024784286,-0.13379307,0.31834242,0.23210189,0.09074591,-0.263488,0.007456567
2024-10-01 13:00:00,-0.07671183,-0.1791634,-0.08997556,-0.1403421,-0.08284955,0.0719734,-0.08717257,0.04721812,-0.2939117,0.1564754,-0.16702914,0.12880486,0.08075799,0.043009035,-0.049997833,-0.20141678,-0.07093686,0.13939823,0.17337781,0.120997876,0.0059282836,0.09531055,-0.0014058985,0.18925077,0.10636413,0.026615229,-0.13503619,0.3163526,0.23559693,0.08881299,-0.2579136,0.004001245
2024-10-01 14:00:00,-0.078733735,-0.16793457,-0.09103111,-0.12748551,-0.079472736,0.062506184,-0.07555771,0.04991714,-0.27878624,0.14105678,-0.16231975,0.12329775,0.076805145,0.04993207,-0.059969455,-0.19308984,-0.05640097,0.14032634,0.1646041,0.12677267,0.0025192183,0.088380404,0.00074630603,0.18206279,0.0950838,0.030400043,-0.13433933,0.3066376,0.23491134,0.07989109,-0.24435765,-0.004929878
2024-10-01 15:00:00,-0.07823266,-0.1595552,-0.087829895,-0.11845897,-0.07588975,0.05960833,-0.0679873,0.047243692,-0.27054715,0.13286544,-0.15664482,0.12126042,0.07327066,0.05451765,-0.06435394,-0.18741402,-0.048691854,0.13918968,0.15656874,0.13048917,0.0028227996,0.08378892,6.5449625e-05,0.1756208,0.08893447,0.03146447,-0.13226728,0.29779413,0.23145072,0.07695596,-0.23684019,-0.008185215
2024-10-01 16:00:00,-0.07719922,-0.15589514,-0.084139295,-0.11420177,-0.07287271,0.059128005,-0.06516368,0.043137126,-0.2682881,0.12996583,-0.15327749,0.12122038,0.07102607,0.056325354,-0.06506617,-0.1841991,-0.046384074,0.1373538,0.1524529,0.1323458,0.003942946,0.08247627,-0.0009485446,0.1716189,0.08585328,0.030465215,-0.13020642,0.29267478,0.22790916,0.07683851,-0.23379263,-0.007629648
2024-10-01 17:00:00,-0.0763635,-0.1481868,-0.08122977,-0.110139474,-0.06907213,0.060563553,-0.062399372,0.040292613,-0.2624618,0.12716681,-0.15076649,0.117453724,0.067914605,0.058903906,-0.06723017,-0.18098931,-0.04476671,0.13416502,0.14771372,0.13290939,0.005161332,0.083071716,-0.00030564144,0.16979809,0.084667705,0.03009273,-0.12652779,0.2871443,0.22186147,0.0750514,-0.22885698,-0.007768415
2024-10-01 18:00:00,-0.07609244,-0.14119926,-0.0782774,-0.10209444,-0.0663041,0.053088468,-0.058321558,0.039583847,-0.25508797,0.11852031,-0.14306638,0.11378491,0.06271209,0.06097668,-0.07022612,-0.17238764,-0.03959904,0.13335681,0.1417871,0.1347192,0.004915299,0.07977392,-0.003844764,0.16269659,0.07867548,0.030029517,-0.124495454,0.281095,0.21968448,0.07171723,-0.22313681,-0.00876905
2024-10-01 19:00:00,-0.07294844,-0.13661927,-0.07385337,-0.09929377,-0.062479287,0.053945366,-0.057571128,0.03547673,-0.25230765,0.117532276,-0.13808468,0.11270665,0.059476946,0.06196683,-0.06922425,-0.16865508,-0.03987298,0.13143553,0.13720681,0.1335975,0.006587509,0.07994196,-0.0067695715,0.15975557,0.077495106,0.029155698,-0.12275137,0.27659953,0.21501431,0.07197881,-0.22153527,-0.0058282614
2024-10-02 13:00:00,-0.07073581,-0.13145125,-0.070719995,-0.09780319,-0.059084862,0.055453364,-0.05800511,0.0323212,-0.24895656,0.11738584,-0.13593167,0.11010331,0.057113405,0.06264987,-0.06877679,-0.16618295,-0.04116358,0.12817374,0.13396941,0.13208899,0.0080781225,0.081464164,-0.0077655613,0.15894607,0.0782187,0.028490145,-0.11975158,0.27332038,0.20979637,0.071829356,-0.21931648,-0.0031033158
2024-10-02 14:00:00,-0.069713995,-0.12695807,-0.068844534,-0.09281045,-0.056322336,0.049979422,-0.05648373,0.030935787,-0.24365054,0.11213053,-0.13258779,0.10739499,0.054044444,0.063260525,-0.07067226,-0.16080287,-0.038064755,0.12658781,0.13018838,0.13268125,0.0077150203,0.07966998,-0.009580512,0.15463413,0.075118326,0.02913078,-0.11756461,0.26978287,0.20803382,0.07048119,-0.21462494,-0.0016885772
2024-10-02 15:00:00,-0.06755206,-0.12639442,-0.06669913,-0.091772765,-0.054585084,0.048800867,-0.056900434,0.028701887,-0.24350858,0.11174866,-0.12991095,0.107718065,0.052805703,0.06287351,-0.069380045,-0.15871724,-0.03816644,0.12601157,0.12825255,0.1318832,0.008397555,0.07942517,-0.01171938,0.15247527,0.07433617,0.028950665,-0.11718569,0.26839125,0.20706598,0.07158009,-0.21455854,0.0012592673
2024-10-02 16:00:00,-0.064567044,-0.12552741,-0.06415873,-0.09359647,-0.052850053,0.051102523,-0.05923979,0.026396744,-0.24468401,0.114613526,-0.1267521,0.107678935,0.0521227,0.062229075,-0.066148475,-0.15767856,-0.0414887,0.12505402,0.1267856,0.12906876,0.010063896,0.08190984,-0.014100295,0.15250431,0.07647042,0.02763839,-0.11649386,0.26762655,0.20433104,0.07279347,-0.21704793,0.005053818
2024-10-02 17:00:00,-0.06264493,-0.12214709,-0.062377654,-0.09501967,-0.051342502,0.052871156,-0.06140945,0.02580119,-0.24313065,0.11639165,-0.12384137,0.10545707,0.05091023,0.061978027,-0.0642423,-0.15596773,-0.044727243,0.12358137,0.12497407,0.12582889,0.0112680225,0.08451028,-0.01627018,0.1531942,0.079002775,0.026689269,-0.11511617,0.26673144,0.20088397,0.0722485,-0.21827525,0.0073070154
2024-10-02 18:00:00,-0.061884314,-0.12178785,-0.061569497,-0.09738903,-0.051678255,0.053561512,-0.064493135,0.02602332,-0.24377131,0.11865575,-0.12236827,0.10476765,0.050096046,0.060794406,-0.062050037,-0.15539148,-0.04837963,0.122886464,0.1255555,0.12287714,0.011881962,0.08610765,-0.018615037,0.15429068,0.08115552,0.025619213,-0.11479434,0.2679068,0.19967784,0.07251343,-0.22086653,0.009179398
2024-10-02 19:00:00,-0.061273493,-0.12605736,-0.061893247,-0.10107367,-0.052820846,0.05429257,-0.06880249,0.025440626,-0.24788868,0.122577645,-0.12458761,0.10667959,0.05129997,0.058476664,-0.05900223,-0.15759686,-0.05207216,0.12231305,0.12865984,0.120818704,0.011935836,0.08751112,-0.019366544,0.15638243,0.08346441,0.025001172,-0.115398206,0.27131358,0.20085925,0.0749594,-0.22441432,0.012387376
2024-10-03 13:00:00,-0.060163513,-0.12997699,-0.0626842,-0.10433145,-0.05296941,0.05615622,-0.07238595,0.024130471,-0.25136587,0.12674223,-0.12902102,0.108155906,0.053643193,0.056404427,-0.056532584,-0.16097562,-0.05467698,0.12084844,0.13122779,0.11950832,0.012102567,0.089659855,-0.017930757,0.15915036,0.0865591,0.025419164,-0.11508984,0.2741792,0.20153138,0.077985935,-0.22649038,0.016285531
2024-10-03 14:00:00,-0.06070797,-0.13001549,-0.06469991,-0.10306801,-0.05270405,0.05336376,-0.07176985,0.025122888,-0.24906866,0.12460526,-0.13256958,0.10704824,0.054721113,0.056181222,-0.058771238,-0.16139205,-0.051777035,0.12043497,0.13121726,0.12071651,0.010902308,0.089002475,-0.015407052,0.15925218,0.086097665,0.02771395,-0.11443145,0.2746859,0.20297293,0.077993676,-0.22328836,0.016184669
2024-10-03 15:00:00,-0.060355127,-0.12864447,-0.06462828,-0.10143119,-0.052377284,0.051961485,-0.07008479,0.025413863,-0.24724618,0.12269186,-0.13156772,0.10635877,0.05449323,0.056610003,-0.059782453,-0.16014923,-0.049369656,0.12102415,0.12919882,0.12140074,0.011119854,0.08820685,-0.015076492,0.15777086,0.08559403,0.029045567,-0.114058375,0.27322474,0.20301805,0.078159735,-0.2219176,0.015897512
2024-10-03 16:00:00,-0.05966892,-0.1292248,-0.06359344,-0.10266957,-0.05320984,0.051992584,-0.07037838,0.026050024,-0.24883601,0.123335384,-0.12758696,0.1071773,0.05393335,0.056445606,-0.05809795,-0.15883298,-0.050416745,0.12285812,0.12835772,0.12021179,0.011819599,0.08862154,-0.017300855,0.15680443,0.08608717,0.028007645,-0.11502809,0.27302876,0.20297948,0.07830385,-0.22511682,0.01596728
2024-10-03 17:00:00,-0.059952006,-0.12209771,-0.063453145,-0.098921046,-0.051165715,0.050446358,-0.0672322,0.027146764,-0.24106388,0.11870282,-0.12667617,0.10315882,0.052357297,0.05887859,-0.06173129,-0.15575682,-0.047091715,0.1218278,0.12408607,0.12076298,0.011171237,0.087452695,-0.01656324,0.15533249,0.084425956,0.029669411,-0.11344866,0.26914635,0.20003346,0.07461534,-0.21972355,0.013066344
2024-10-03 18:00:00,-0.060103834,-0.12268991,-0.06251497,-0.0988708,-0.051419422,0.050706554,-0.06781938,0.025755636,-0.2422942,0.119202785,-0.12733075,0.10413098,0.052013326,0.05839143,-0.06102436,-0.15617968,-0.047673352,0.12097074,0.12459618,0.12100143,0.011772231,0.0867671,-0.01689351,0.15517883,0.08449581,0.029403996,-0.11282061,0.26893777,0.19958398,0.07587489,-0.22001171,0.013825078
2024-10-03 19:00:00,-0.06018392,-0.12510142,-0.062368453,-0.101701334,-0.05234596,0.053386692,-0.06989319,0.025233433,-0.24593997,0.12258025,-0.12871315,0.10552634,0.052841473,0.05727853,-0.058930937,-0.15833814,-0.050441645,0.12062785,0.12694827,0.12000674,0.012473059,0.08814807,-0.016593311,0.15709506,0.0864583,0.028453136,-0.112998016,0.2706831,0.19944444,0.07742821,-0.222956,0.015097242
2024-10-04 13:00:00,-0.06021829,-0.12908944,-0.063200556,-0.102889374,-0.052929893,0.052267123,-0.0716127,0.024677627,-0.24901442,0.123689,-0.13094825,0.10734604,0.054171328,0.055818386,-0.05788529,-0.1597915,-0.050917976,0.120797694,0.12910537,0.12047659,0.0118782,0.08831398,-0.016014718,0.15742564,0.08660189,0.028456582,-0.11355621,0.2730498,0.20157662,0.0792514,-0.22403902,0.016924594
2024-10-04 14:00:00,-0.06078686,-0.12417603,-0.06467334,-0.09636158,-0.050687462,0.046293702,-0.06641856,0.026045308,-0.24070466,0.11578678,-0.1310351,0.104028285,0.052972008,0.05825095,-0.06356654,-0.15621205,-0.043260887,0.12098833,0.12501515,0.123564705,0.009700391,0.08521024,-0.013974976,0.15404184,0.08184256,0.031624753,-0.11260952,0.26929376,0.20188399,0.07584637,-0.21597522,0.0139308795
2024-10-04 15:00:00,-0.0604859,-0.119908996,-0.06368372,-0.0921614,-0.049389556,0.04491246,-0.06235207,0.025862843,-0.23641653,0.11174107,-0.12817022,0.10257767,0.051521506,0.06040176,-0.066034034,-0.15354209,-0.039272606,0.12138121,0.120981336,0.12527066,0.009943277,0.08311432,-0.014084954,0.15118374,0.07948375,0.03282298,-0.11190926,0.26533222,0.20065346,0.07436852,-0.21253294,0.011891991
2024-10-04 16:00:00,-0.05984307,-0.11688668,-0.06149789,-0.08971465,-0.04852307,0.04338288,-0.060318395,0.025695845,-0.23446393,0.1090213,-0.122759774,0.10202577,0.04946236,0.061768793,-0.066327095,-0.14994968,-0.037957676,0.12235407,0.11760421,0.12547326,0.010541022,0.0819957,-0.016663607,0.14807877,0.07743573,0.031999007,-0.11185749,0.26227307,0.19908704,0.07291394,-0.212221,0.010814212
2024-10-04 17:00:00,-0.059165508,-0.1168061,-0.0600197,-0.089706376,-0.048148915,0.042795327,-0.06064786,0.025286905,-0.2350389,0.10876488,-0.119350605,0.1028402,0.048569012,0.06209889,-0.06515403,-0.14816082,-0.038866468,0.123122424,0.11658135,0.124742664,0.010696195,0.08190189,-0.019234534,0.14672628,0.076390535,0.030507436,-0.11274988,0.2615733,0.19851656,0.07222462,-0.21367952,0.010989089
2024-10-04 18:00:00,-0.058221847,-0.11481593,-0.058936648,-0.08917022,-0.04658805,0.043143142,-0.060914516,0.024361335,-0.23345949,0.108530365,-0.11812428,0.102127835,0.047966506,0.062743045,-0.06492859,-0.14685567,-0.039496683,0.12211008,0.1150976,0.12389629,0.010798268,0.082499325,-0.020259876,0.14647938,0.07614297,0.029919226,-0.11234147,0.2602671,0.19660057,0.07114415,-0.21290016,0.011667069
2024-10-04 19:00:00,-0.057698667,-0.1171867,-0.058589123,-0.09099838,-0.0468155,0.043632995,-0.06318019,0.023513816,-0.23611571,0.11061057,-0.11819151,0.10349982,0.048366535,0.06183783,-0.063029125,-0.14749764,-0.04182107,0.121755436,0.11659631,0.1228576,0.010986143,0.08343546,-0.021323938,0.14728701,0.076870516,0.028756572,-0.1128034,0.2617509,0.19698852,0.0720647,-0.2150208,0.013497233
2024-10-07 13:00:00,-0.057355464,-0.12139086,-0.059680432,-0.093008175,-0.046909407,0.0443048,-0.06554765,0.022279479,-0.2393397,0.11325643,-0.122241996,0.10547562,0.050556485,0.06038726,-0.06163827,-0.15034029,-0.043155916,0.12097652,0.119310185,0.122898914,0.010485517,0.08445372,-0.019965377,0.14913775,0.07803635,0.028906211,-0.113197036,0.2644317,0.19876024,0.07413474,-0.21591511,0.015954502
2024-10-07 14:00:00,-0.057256162,-0.12577084,-0.06152913,-0.095189914,-0.04720442,0.04609972,-0.06718058,0.021254383,-0.2426652,0.11635246,-0.12786311,0.10714553,0.053550612,0.058932856,-0.060798258,-0.15451385,-0.04386861,0.12022352,0.12233609,0.12361773,0.010154448,0.08586063,-0.016973462,0.15176912,0.08005983,0.029735483,-0.113212414,0.26733947,0.20084779,0.07675645,-0.21639353,0.018112753
2024-10-07 15:00:00,-0.05637327,-0.12798631,-0.0621275,-0.097284004,-0.047179893,0.048835848,-0.06837259,0.020299397,-0.24530669,0.11949959,-0.13001338,0.1076127,0.055441435,0.05781994,-0.05937275,-0.15716459,-0.045215018,0.11986022,0.12361261,0.123507924,0.011069613,0.0881722,-0.015302364,0.15350626,0.08304921,0.029989239,-0.11265067,0.26886567,0.201302,0.07923852,-0.21794751,0.020425566
2024-10-07 16:00:00,-0.05596769,-0.1269319,-0.06211417,-0.09930824,-0.04760459,0.0517834,-0.069073334,0.02117712,-0.24578452,0.12181466,-0.12876475,0.10614276,0.05561843,0.057394654,-0.05831354,-0.15781833,-0.047400363,0.120109566,0.12359512,0.12205237,0.012322215,0.09069985,-0.0154066235,0.15494455,0.08625894,0.029538756,-0.112128675,0.2693504,0.2002,0.079548016,-0.22018188,0.020753011
2024-10-07 17:00:00,-0.055767015,-0.12780926,-0.061778866,-0.10369034,-0.049318448,0.056077365,-0.072004914,0.0219066,-0.24897194,0.12669697,-0.12757584,0.1059227,0.05563957,0.05593291,-0.055234477,-0.15956196,-0.052586652,0.120239936,0.1256869,0.119145006,0.01377479,0.09366227,-0.016845327,0.15764686,0.09073578,0.027829507,-0.112081274,0.27146274,0.1992062,0.080647275,-0.22547337,0.02178109
2024-10-07 18:00:00,-0.056735158,-0.13087487,-0.06303613,-0.108579084,-0.05196692,0.059429947,-0.07584757,0.023405239,-0.25297263,0.13166893,-0.13012308,0.10653469,0.056783374,0.05394187,-0.0528107,-0.1630619,-0.05757372,0.120052144,0.12995587,0.11685102,0.014131631,0.09588762,-0.01684827,0.16152097,0.09466573,0.026703773,-0.11270283,0.27564612,0.20001374,0.081922054,-0.23017979,0.022377167
2024-10-07 19:00:00,-0.058473498,-0.12866461,-0.064539336,-0.10739465,-0.052647784,0.057772223,-0.07522854,0.025344603,-0.24962375,0.12952042,-0.13331482,0.10426283,0.056189563,0.054120056,-0.055775337,-0.1631718,-0.05612673,0.119090825,0.13037834,0.11740255,0.013243213,0.09464641,-0.014980745,0.16220479,0.09413786,0.028243484,-0.11175887,0.27594548,0.20012975,0.08068091,-0.22708082,0.020178251
2024-10-08 13:00:00,-0.06026282,-0.13140488,-0.06601523,-0.10686496,-0.05414401,0.05677947,-0.07475424,0.025172375,-0.2509528,0.129078,-0.13868965,0.10564172,0.057200883,0.05319222,-0.057249714,-0.16576983,-0.054320954,0.11878753,0.13288216,0.11951294,0.012386318,0.092368945,-0.012142122,0.1628968,0.09326927,0.029826283,-0.11148487,0.27741337,0.20253894,0.08261564,-0.2253806,0.019492134
2024-10-08 14:00:00,-0.061120436,-0.13564888,-0.06709724,-0.10708167,-0.05535689,0.055847656,-0.074229114,0.024714336,-0.25434393,0.12924021,-0.14176309,0.108231336,0.058870208,0.052218106,-0.05732733,-0.16786402,-0.052580394,0.11987746,0.13486205,0.1216625,0.011883437,0.090885386,-0.00998221,0.16254729,0.09236129,0.030773396,-0.112289295,0.27891132,0.20552021,0.08493903,-0.2255156,0.019709539
2024-10-08 15:00:00,-0.061092675,-0.1389111,-0.06799103,-0.10776946,-0.05605738,0.05562875,-0.07352425,0.024851382,-0.25713795,0.12962928,-0.14218554,0.1103224,0.0605832,0.051863503,-0.056899987,-0.1690143,-0.05143886,0.12186719,0.1355539,0.12299473,0.01167545,0.0906736,-0.008992802,0.16191082,0.09198001,0.031087667,-0.11382612,0.27995247,0.2078217,0.08614987,-0.22665015,0.019689277
2024-10-08 16:00:00,-0.060041532,-0.14086959,-0.06796995,-0.1106316,-0.056615964,0.05875008,-0.07424348,0.02507545,-0.26034883,0.13277543,-0.14004666,0.11167261,0.061878633,0.05158978,-0.054571502,-0.17011179,-0.053733766,0.123771764,0.13602509,0.12196229,0.012623625,0.09287052,-0.009858843,0.16272226,0.094223276,0.02980222,-0.115342386,0.28098643,0.20799972,0.086741194,-0.23058537,0.02020666
2024-10-08 17:00:00,-0.060123183,-0.14013249,-0.06835187,-0.113134876,-0.057534218,0.061326835,-0.07516614,0.027035616,-0.2607978,0.13483813,-0.13797674,0.110946536,0.06208648,0.051782876,-0.053524174,-0.17041726,-0.05657924,0.12486685,0.13640052,0.12009247,0.013011825,0.09501077,-0.011137221,0.16443408,0.09634883,0.028438332,-0.116420045,0.28202036,0.20734854,0.08508918,-0.23345804,0.01889854
2024-10-08 18:00:00,-0.060198918,-0.1429514,-0.06824878,-0.11808397,-0.060112208,0.06413674,-0.07863833,0.028774641,-0.26526487,0.13947114,-0.13498181,0.11232114,0.06191322,0.050554067,-0.049948987,-0.17140895,-0.062397435,0.12646018,0.13935554,0.11672317,0.013607823,0.0972534,-0.014469076,0.16689663,0.09930236,0.025501322,-0.118278466,0.28514934,0.20780051,0.084840834,-0.24033913,0.019051269
2024-10-08 19:00:00,-0.061036095,-0.14846295,-0.07015396,-0.12265231,-0.06280787,0.06508063,-0.08281358,0.030577041,-0.27010882,0.14346078,-0.13714892,0.11482817,0.06377521,0.048880033,-0.047502134,-0.17440519,-0.06664459,0.12753184,0.1441244,0.11482888,0.0126312,0.09834446,-0.015447784,0.1701455,0.10103981,0.024177104,-0.12080957,0.2902468,0.21076736,0.085281245,-0.2450993,0.019375976
2024-10-09 13:00:00,-0.06186153,-0.15454742,-0.073024414,-0.12575707,-0.06441614,0.06627926,-0.085772835,0.030963726,-0.2743721,0.14695086,-0.14417066,0.11765352,0.067426965,0.04725796,-0.046531256,-0.17951576,-0.06836674,0.12741628,0.14901632,0.115043744,0.01134791,0.09887123,-0.013084937,0.17399041,0.102551594,0.024832394,-0.122293495,0.29493347,0.21423092,0.087122984,-0.24657542,0.020324938
2024-10-09 14:00:00,-0.06313956,-0.16085565,-0.075931795,-0.12830256,-0.06665835,0.0660222,-0.087293714,0.032540374,-0.27880225,0.14891854,-0.14866309,0.12058246,0.070685074,0.045974243,-0.046097722,-0.18331335,-0.06859586,0.12904347,0.15320075,0.11602172,0.010286194,0.09885128,-0.01107097,0.17641477,0.10313724,0.025432866,-0.12451947,0.29912496,0.21868996,0.08861177,-0.24849102,0.020065825
2024-10-09 15:00:00,-0.06474185,-0.16682002,-0.07901976,-0.13159467,-0.06966622,0.06695184,-0.0879111,0.03542701,-0.28327516,0.15122087,-0.15134877,0.12358558,0.07391934,0.045257054,-0.04565279,-0.18698306,-0.06911573,0.13229412,0.15712942,0.116668396,0.009385091,0.09899871,-0.009668138,0.17884524,0.103900895,0.02558897,-0.12794352,0.30322683,0.22329697,0.08921761,-0.25178164,0.018047735
2024-10-09 16:00:00,-0.06510611,-0.1690259,-0.0804783,-0.13329686,-0.07063486,0.068964854,-0.08771595,0.03638663,-0.28495914,0.15293285,-0.15299079,0.12495324,0.07605301,0.045360506,-0.04542916,-0.18932052,-0.069355205,0.13385533,0.15844779,0.117076546,0.009242737,0.09961805,-0.008551702,0.18038337,0.10497412,0.025764648,-0.12950376,0.30461097,0.22486755,0.08947209,-0.253178,0.016925532
2024-10-09 17:00:00,-0.06551568,-0.17072746,-0.08111531,-0.13658504,-0.072237596,0.0728225,-0.08873507,0.03763964,-0.28771517,0.15643716,-0.15285245,0.12581833,0.07722135,0.045112602,-0.043838724,-0.19158578,-0.07228256,0.13514048,0.16043688,0.115988635,0.010036188,0.101502955,-0.0087391175,0.18279718,0.10766713,0.024511743,-0.130731,0.30633953,0.22512037,0.08956303,-0.25695503,0.01611377
2024-10-09 18:00:00,-0.067417264,-0.172263,-0.08265831,-0.14012162,-0.07499282,0.07571195,-0.09011511,0.040623337,-0.29002327,0.15926857,-0.15372512,0.1261581,0.07802792,0.044732787,-0.04319751,-0.19404052,-0.07551189,0.13650402,0.1637041,0.114767835,0.010012724,0.10264176,-0.008853879,0.185921,0.10973817,0.023318443,-0.13237093,0.30935872,0.22618315,0.08849213,-0.26047757,0.013618737
2024-10-09 19:00:00,-0.06896813,-0.17605081,-0.08410793,-0.1439411,-0.07772823,0.07875329,-0.09253296,0.04206533,-0.29428762,0.163275,-0.15662605,0.12797582,0.079493135,0.043486767,-0.04173049,-0.1978707,-0.0791335,0.13725619,0.16823055,0.113887236,0.010016658,0.1034141,-0.008613642,0.18933377,0.11202794,0.022344794,-0.13378975,0.31320208,0.22785787,0.08938757,-0.26434094,0.01283282
2024-10-10 13:00:00,-0.07044321,-0.18196037,-0.08657635,-0.14699431,-0.07974243,0.08075085,-0.09481739,0.042193867,-0.2993238,0.16698335,-0.16395754,0.13071764,0.082653016,0.041631587,-0.04106625,-0.20358188,-0.08098697,0.13721646,0.17366946,0.11482482,0.009113001,0.103561714,-0.0058613904,0.1930103,0.11376849,0.022754956,-0.13457575,0.3178643,0.23093247,0.09198327,-0.26609138,0.013335295
2024-10-10 14:00:00,-0.07330078,-0.1876648,-0.09054194,-0.14995514,-0.08274077,0.08253743,-0.095277034,0.044432126,-0.30383578,0.1696261,-0.17168644,0.13296026,0.086239055,0.040349558,-0.04214972,-0.20973016,-0.08126082,0.13860655,0.17950633,0.116711155,0.007860569,0.103287145,-0.001641877,0.196959,0.11505829,0.02369054,-0.13621305,0.32282442,0.23530877,0.09354603,-0.2672362,0.011316054
2024-10-10 15:00:00,-0.07487783,-0.19178516,-0.09257398,-0.15338466,-0.0855795,0.08612524,-0.09554106,0.04641448,-0.30857337,0.17327836,-0.17382258,0.13497525,0.088464096,0.039472267,-0.041353773,-0.21382792,-0.08304012,0.14107914,0.18335025,0.11712908,0.00844297,0.10414864,-0.00015091151,0.19947703,0.11745176,0.023313548,-0.13819313,0.32615024,0.23789284,0.09508704,-0.27103478,0.009778231
2024-10-10 16:00:00,-0.07607455,-0.19465888,-0.09379811,-0.15605338,-0.08799802,0.08779158,-0.096065335,0.04845207,-0.3119371,0.17544526,-0.17370191,0.13643941,0.08954732,0.03885209,-0.040493045,-0.21579568,-0.08481916,0.14346246,0.18583904,0.11700828,0.008598073,0.104726925,-0.00033428147,0.20068243,0.11874871,0.02236687,-0.1401882,0.32870907,0.23992968,0.095444955,-0.27453637,0.008126423
2024-10-10 17:00:00,-0.07737373,-0.1941083,-0.09495971,-0.15696457,-0.0891687,0.08934803,-0.095417425,0.050259255,-0.31169802,0.17587924,-0.17462897,0.13609372,0.089900896,0.03930222,-0.04146981,-0.21709515,-0.08528831,0.14434479,0.18680061,0.11704711,0.008322606,0.104803935,0.00042865053,0.20199735,0.11921881,0.02225747,-0.14113845,0.3295651,0.24031226,0.0942387,-0.2748893,0.0055676475
2024-10-10 18:00:00,-0.078467935,-0.19145066,-0.09474271,-0.1569946,-0.090012774,0.09078351,-0.09466819,0.051599167,-0.31040344,0.17570835,-0.17334011,0.13487878,0.088621214,0.040094525,-0.042259447,-0.21670507,-0.086037904,0.14443028,0.18663575,0.11652511,0.008856161,0.10467653,-1.7136335e-06,0.20252587,0.11947484,0.021696217,-0.14118214,0.32890856,0.23906872,0.09256251,-0.27504417,0.0031693801
2024-10-10 19:00:00,-0.07951201,-0.19426584,-0.0950442,-0.16022591,-0.09234552,0.09373726,-0.09675194,0.052325323,-0.31446823,0.17935951,-0.17422986,0.13664049,0.08903737,0.038973365,-0.040445644,-0.21935816,-0.08973137,0.14510927,0.19019566,0.11543051,0.009378659,0.10524559,-0.0007767789,0.20482758,0.12137559,0.020245593,-0.14225745,0.33165616,0.23976459,0.0935265,-0.27912167,0.0027983114
2024-10-11 13:00:00,-0.08047639,-0.1995588,-0.09632645,-0.16382399,-0.09467797,0.095204294,-0.09949131,0.05313185,-0.31979463,0.18301019,-0.17690232,0.13931152,0.090685785,0.037228514,-0.038569283,-0.22275187,-0.09291899,0.14606185,0.19474106,0.11488584,0.00895182,0.1057073,-0.00074997917,0.2072855,0.12285487,0.019195847,-0.1439172,0.33585745,0.24218503,0.095107175,-0.28311506,0.0032894835
2024-10-11 14:00:00,-0.08276752,-0.19572848,-0.09799556,-0.16002098,-0.094656095,0.08997661,-0.09622525,0.056156002,-0.31418422,0.17674899,-0.17713487,0.13668631,0.08911939,0.03919012,-0.043513723,-0.2199185,-0.087973095,0.14622307,0.1932045,0.11666843,0.0067434646,0.10255635,0.00081505254,0.20563309,0.11836755,0.020704705,-0.14412387,0.3342225,0.24316655,0.090912685,-0.27757815,-0.001413554
2024-10-11 15:00:00,-0.082860395,-0.19435138,-0.09746016,-0.15860222,-0.094303474,0.09106897,-0.094453715,0.055138014,-0.31307802,0.17620988,-0.17740923,0.13700418,0.08868219,0.040007688,-0.04449878,-0.22012945,-0.08660405,0.14591135,0.19231011,0.11747624,0.0071903355,0.10115102,0.0012904778,0.20518056,0.1175835,0.021399848,-0.14374647,0.3324995,0.24240622,0.09117891,-0.27616632,-0.0023107976
2024-10-11 16:00:00,-0.08322453,-0.19558656,-0.096957065,-0.16118993,-0.0956146,0.09440349,-0.0956012,0.055317573,-0.316213,0.1793726,-0.17640042,0.13824683,0.08877641,0.03957108,-0.042480387,-0.22157635,-0.08950781,0.14659552,0.1940542,0.11637342,0.008376865,0.10226756,0.00050523505,0.20658568,0.11940834,0.019914921,-0.1444438,0.33348647,0.24186324,0.09181859,-0.27983356,-0.0024493858
2024-10-11 17:00:00,-0.08276664,-0.19737217,-0.09611409,-0.16390873,-0.09638293,0.0965357,-0.09794326,0.05498802,-0.31923622,0.18250385,-0.17488873,0.1392341,0.088606104,0.03853506,-0.03966157,-0.22221382,-0.09303775,0.14678085,0.19557603,0.11455648,0.009108853,0.10381399,-0.001239676,0.2075495,0.1212295,0.018249236,-0.14487839,0.33494812,0.24130292,0.09274441,-0.28371927,-0.00088302046
2024-10-11 18:00:00,-0.08286321,-0.20155883,-0.09662578,-0.16832194,-0.09847589,0.09848246,-0.101335466,0.05633431,-0.32401487,0.18673232,-0.17415243,0.14105424,0.08937962,0.03696071,-0.036496665,-0.22396858,-0.097630866,0.1480628,0.1989402,0.11222552,0.009149837,0.10565591,-0.0030174665,0.20981179,0.123603314,0.016321614,-0.14676271,0.33869493,0.24265346,0.09335677,-0.28931642,0.00020556897
2024-10-11 19:00:00,-0.08313324,-0.20561415,-0.098163016,-0.17106597,-0.09983732,0.09859885,-0.10391325,0.05748927,-0.32709944,0.18906935,-0.1762583,0.14270881,0.091162905,0.035755523,-0.03520664,-0.22603305,-0.09986221,0.14877218,0.20188986,0.11124103,0.008140563,0.10632592,-0.00311872,0.21186107,0.124665484,0.015992869,-0.148384,0.3422441,0.24493861,0.09382352,-0.29185247,0.00092324615
2024-10-14 13:00:00,-0.08321499,-0.21017873,-0.10043333,-0.17363591,-0.10050847,0.10088611,-0.10578194,0.057362594,-0.3303886,0.19251668,-0.18260652,0.14475945,0.09469715,0.034525126,-0.034620874,-0.23091744,-0.101241566,0.1486005,0.20538051,0.11149497,0.0073669357,0.10736978,-0.00049608573,0.21535532,0.12684402,0.016992573,-0.14904699,0.34571254,0.24705352,0.09591257,-0.29297048,0.002307959
2024-10-14 14:00:00,-0.085377514,-0.21049738,-0.10314775,-0.17375611,-0.10172641,0.100465596,-0.1047654,0.059882194,-0.32980016,0.19160716,-0.1868791,0.14415155,0.096279144,0.0349232,-0.037365787,-0.23312719,-0.0995776,0.14896168,0.2071159,0.11291294,0.006379351,0.10685191,0.002842974,0.21725725,0.12686849,0.018338237,-0.14937854,0.3472193,0.24895649,0.095004275,-0.29111442,-0.00040115416
2024-10-14 15:00:00,-0.086041376,-0.2101847,-0.103321545,-0.1742538,-0.102613345,0.10247779,-0.104003064,0.060470976,-0.33037704,0.1925791,-0.18681657,0.14429145,0.09645118,0.035057183,-0.037447028,-0.2341382,-0.09974944,0.14972691,0.20749594,0.11308443,0.0073374975,0.106965184,0.0033215545,0.217815,0.12804079,0.01853913,-0.1494294,0.3471368,0.24888885,0.095572695,-0.29198954,-0.0014354214
2024-10-14 16:00:00,-0.087206334,-0.21504825,-0.104022615,-0.17912419,-0.10618487,0.10537806,-0.10637745,0.062729575,-0.33662984,0.19719115,-0.18542057,0.1470953,0.09735121,0.033555564,-0.034396347,-0.23668735,-0.104204364,0.15270232,0.21156417,0.111559555,0.008111283,0.10822839,0.0015431829,0.21991578,0.13074313,0.016252298,-0.15201901,0.3510536,0.251022,0.09663333,-0.29897952,-0.0022323877
2024-10-14 17:00:00,-0.08740388,-0.22100213,-0.10514828,-0.1857418,-0.10932611,0.11038107,-0.110306785,0.064477615,-0.34369916,0.20417689,-0.18564278,0.15029728,0.09933962,0.031636674,-0.030155998,-0.24083497,-0.11054581,0.15512253,0.21657415,0.108815536,0.008535871,0.11094724,1.9781291e-05,0.22383583,0.13502336,0.013972793,-0.15491416,0.35610747,0.252845,0.097978584,-0.3071671,-0.0015155673
2024-10-14 18:00:00,-0.08779846,-0.22693926,-0.10675173,-0.19205801,-0.112398535,0.11397126,-0.11474393,0.06678318,-0.35010833,0.2103722,-0.18656683,0.15288688,0.101408675,0.029746532,-0.026461523,-0.24465938,-0.11666248,0.1568057,0.22169034,0.105994314,0.008383515,0.113614544,-0.0011232123,0.2280712,0.13900596,0.011951175,-0.15751842,0.361628,0.25494775,0.09865226,-0.31450891,-0.0006144643
2024-10-14 19:00:00,-0.0882235,-0.23499379,-0.1098304,-0.19723494,-0.11476107,0.11649686,-0.11917803,0.067940876,-0.3568896,0.21607938,-0.1931256,0.15641622,0.10595186,0.027395234,-0.024159506,-0.25092566,-0.120835625,0.15767626,0.22788288,0.10522376,0.0072580157,0.1153077,0.0003968142,0.2329466,0.14247903,0.011973642,-0.15952593,0.3682738,0.2587458,0.10118104,-0.31918028,0.0012343228
2024-10-15 13:00:00,-0.08934983,-0.24172628,-0.113888614,-0.20009856,-0.11609003,0.11790851,-0.12110534,0.06879514,-0.36157292,0.21940288,-0.20321676,0.15912051,0.11132893,0.025618263,-0.024712153,-0.25796723,-0.12144359,0.15801024,0.23327853,0.106831186,0.005590124,0.11588186,0.005040873,0.23758419,0.14478046,0.01382025,-0.16033429,0.3737323,0.2629059,0.10391497,-0.31968594,0.0020195693
2024-10-15 14:00:00,-0.09257233,-0.24999148,-0.11967761,-0.20582147,-0.12029146,0.12294549,-0.12227903,0.072762385,-0.36912975,0.22530657,-0.21350941,0.16271701,0.1177576,0.02385433,-0.025440067,-0.26791197,-0.12367093,0.16117969,0.24133085,0.10856932,0.0049024057,0.11739017,0.01063605,0.24433915,0.14935207,0.014848288,-0.16314615,0.3813465,0.26861903,0.10661077,-0.3236518,-0.0003347993
2024-10-15 15:00:00,-0.09519329,-0.25285375,-0.123008765,-0.20750464,-0.122697994,0.12505716,-0.121089816,0.075205944,-0.37175006,0.22678292,-0.21941406,0.16381459,0.120831415,0.023480978,-0.027602687,-0.2729597,-0.12303453,0.1630781,0.24480586,0.11083208,0.004532827,0.117313296,0.014694069,0.24703968,0.15109688,0.015994292,-0.16400301,0.38439673,0.27172944,0.10798916,-0.3240411,-0.0031917915
2024-10-15 16:00:00,-0.09761285,-0.25808412,-0.12583208,-0.21211763,-0.12674983,0.12975956,-0.12154311,0.078389265,-0.378206,0.23172387,-0.2220898,0.16678119,0.123824745,0.022256065,-0.02672999,-0.27864742,-0.12611386,0.16707864,0.2499999,0.11151766,0.005432496,0.11850482,0.01593918,0.25028506,0.15481335,0.015100017,-0.16691266,0.38920715,0.27524835,0.10989075,-0.3296457,-0.0058270097
2024-10-15 17:00:00,-0.099461034,-0.25929183,-0.12711531,-0.21547778,-0.12977724,0.13323079,-0.1218324,0.08166077,-0.38127965,0.23461014,-0.22110894,0.16772082,0.12432073,0.021992303,-0.025999479,-0.2809329,-0.12913689,0.16999388,0.25258195,0.11077446,0.0062217955,0.1197059,0.015421417,0.25220904,0.15723571,0.013516378,-0.16934124,0.3918009,0.27642173,0.10921456,-0.33405632,-0.008925788
2024-10-15 18:00:00,-0.10101773,-0.2621959,-0.12847492,-0.21897529,-0.13277839,0.13601433,-0.12335725,0.08395789,-0.38519663,0.2378839,-0.22200468,0.16956097,0.12532093,0.021137185,-0.02505266,-0.2839992,-0.13273096,0.17205471,0.25628442,0.11002542,0.006293064,0.12027736,0.014690589,0.25464162,0.15925822,0.012039509,-0.17155823,0.3954364,0.27818072,0.109257266,-0.33836043,-0.010889985
2024-10-15 19:00:00,-0.10298931,-0.264283,-0.1304264,-0.2211575,-0.13513647,0.13739285,-0.124142006,0.08621272,-0.38763487,0.23948854,-0.2251904,0.1707293,0.12650532,0.020725735,-0.025902223,-0.28716177,-0.13455895,0.17304362,0.2597649,0.11018534,0.005509656,0.11992845,0.015715998,0.25723305,0.16003159,0.011527527,-0.1731205,0.39864424,0.2800432,0.10873506,-0.34003487,-0.013318092
2024-10-16 13:00:00,-0.104974054,-0.2706802,-0.13323912,-0.22341509,-0.1377027,0.13768414,-0.12519878,0.08712185,-0.39302263,0.24180362,-0.23179525,0.17410782,0.12972386,0.019093372,-0.026653145,-0.29230553,-0.13557494,0.17435299,0.2651465,0.11204449,0.003962187,0.11856601,0.017800178,0.2599335,0.16038738,0.01174086,-0.17464209,0.4034164,0.2844227,0.11068267,-0.34175432,-0.014304109
2024-10-16 14:00:00,-0.10654043,-0.2732331,-0.13531679,-0.2245834,-0.13931884,0.13820884,-0.124443635,0.08899511,-0.39555606,0.24259058,-0.2339594,0.17558055,0.13137981,0.018938031,-0.027592886,-0.29471326,-0.13530105,0.17626417,0.2675553,0.11327589,0.0035921987,0.11812122,0.019350741,0.26111,0.16039038,0.011696972,-0.17648931,0.4055454,0.2870655,0.110649705,-0.3427583,-0.016397968
2024-10-16 15:00:00,-0.106953226,-0.27448457,-0.13582793,-0.22644676,-0.14077298,0.1404653,-0.124393076,0.09039081,-0.3977705,0.24462184,-0.23203921,0.17680298,0.13180126,0.018927649,-0.026533458,-0.29565865,-0.13691455,0.1785557,0.2687003,0.112773515,0.0044972934,0.11896613,0.018332165,0.2616735,0.1615804,0.010544132,-0.17836332,0.40666968,0.28799498,0.11044835,-0.3458007,-0.01772245
2024-10-16 16:00:00,-0.10643859,-0.276967,-0.13564128,-0.22952916,-0.14208059,0.143192,-0.12621921,0.09086231,-0.40103525,0.24814913,-0.22980607,0.17854032,0.13217516,0.018197764,-0.02376106,-0.29675627,-0.14048323,0.18031666,0.27040654,0.1111447,0.005332157,0.120614156,0.016019236,0.2627304,0.16359663,0.00871269,-0.18011521,0.4085467,0.28843266,0.11093746,-0.35045895,-0.017244235
2024-10-16 17:00:00,-0.10685062,-0.28355977,-0.13740614,-0.2360196,-0.14538324,0.1474769,-0.13024867,0.09333133,-0.40820664,0.25486198,-0.23041356,0.18194082,0.13460283,0.01636668,-0.020031694,-0.3012581,-0.14690748,0.1831938,0.27594715,0.10881816,0.005550515,0.12331627,0.014366042,0.2669134,0.16773206,0.006291259,-0.18355691,0.41450772,0.29110742,0.11186568,-0.3584564,-0.0169262
2024-10-16 18:00:00,-0.107606925,-0.2895691,-0.13909975,-0.24068214,-0.14831127,0.14802513,-0.1338454,0.09615824,-0.41376787,0.25862572,-0.2305941,0.1846306,0.13636018,0.014883123,-0.017619789,-0.30363673,-0.15133,0.18543111,0.28043455,0.10705465,0.0048168655,0.12445809,0.012719091,0.2697305,0.16958573,0.0043719895,-0.1866578,0.4198225,0.2943748,0.1117623,-0.36417747,-0.017070524
2024-10-16 19:00:00,-0.10786074,-0.29620135,-0.14200601,-0.24607633,-0.15059121,0.15235993,-0.13705786,0.09816272,-0.41977835,0.26474467,-0.23551667,0.18810725,0.14057088,0.013376467,-0.015649822,-0.30977535,-0.1558559,0.18754435,0.28599274,0.10576002,0.0042073596,0.12653258,0.013761539,0.27488378,0.17346095,0.004101798,-0.18959713,0.42568082,0.29750863,0.11310656,-0.36952293,-0.016575843
2024-10-17 13:00:00,-0.10795793,-0.30350274,-0.14511296,-0.2503127,-0.15196328,0.15606725,-0.14004269,0.09853799,-0.42579925,0.27036223,-0.24401489,0.19148314,0.14589466,0.011514775,-0.014501754,-0.31727082,-0.15893969,0.18819657,0.29168612,0.1061295,0.0034041498,0.12832408,0.016839225,0.2801504,0.17732312,0.00505371,-0.19066149,0.43130338,0.300542,0.11635291,-0.3728673,-0.014638104
2024-10-17 14:00:00,-0.11167109,-0.30703586,-0.14946151,-0.25178897,-0.1546743,0.15405862,-0.13997926,0.10293446,-0.4284209,0.26968974,-0.25053263,0.19229344,0.14896654,0.011171967,-0.017663639,-0.3212337,-0.15788111,0.1894848,0.29618365,0.10818572,0.001480788,0.12722562,0.021059569,0.283282,0.17730835,0.0058783926,-0.19210626,0.43569577,0.30514866,0.115474,-0.37229806,-0.018383883
2024-10-17 15:00:00,-0.112799436,-0.30784908,-0.15066662,-0.25224662,-0.15597636,0.15554658,-0.13857986,0.104644544,-0.42966673,0.270525,-0.25058058,0.19334331,0.14988859,0.011435278,-0.018344466,-0.32266688,-0.157448,0.1917715,0.29703885,0.108936995,0.0022866093,0.12691672,0.021681767,0.28370965,0.17821819,0.0060956627,-0.19337063,0.43634886,0.3067194,0.11574318,-0.37340558,-0.020416707
2024-10-17 16:00:00,-0.11293796,-0.30894846,-0.15049136,-0.2543909,-0.15737166,0.15830946,-0.1390654,0.10553718,-0.43191355,0.27313378,-0.24814719,0.19465193,0.14993878,0.011264503,-0.016584713,-0.32340443,-0.15967527,0.19384599,0.29789495,0.10797799,0.0035732947,0.12806356,0.020156104,0.2841852,0.18010014,0.0047223307,-0.19477922,0.43704927,0.30686957,0.11611322,-0.37712878,-0.02108007
2024-10-17 17:00:00,-0.11308205,-0.31098416,-0.1505703,-0.25825268,-0.15928534,0.16188973,-0.14118516,0.10694855,-0.43520677,0.2772247,-0.24623707,0.1960294,0.1501399,0.010596864,-0.013860479,-0.32499212,-0.16403562,0.19557187,0.30009526,0.10584684,0.004419159,0.13005543,0.018238131,0.2861326,0.18297108,0.0027515553,-0.19657435,0.43935987,0.30698186,0.11614773,-0.3824173,-0.02119068
2024-10-17 18:00:00,-0.11463189,-0.30924547,-0.15136814,-0.2596243,-0.16062523,0.16269054,-0.14198792,0.109578826,-0.43455273,0.27730855,-0.24651846,0.19499084,0.14956228,0.011116423,-0.014679488,-0.32541782,-0.16574949,0.19534926,0.3011809,0.104616255,0.0038104448,0.13016987,0.018544193,0.28794092,0.18348828,0.0021812432,-0.19724351,0.44067368,0.30668622,0.11360426,-0.38292915,-0.023595102
2024-10-17 19:00:00,-0.115079716,-0.3113983,-0.1516304,-0.26117897,-0.16185741,0.16418383,-0.14384168,0.109664135,-0.43707085,0.2796016,-0.24835822,0.19639757,0.15021922,0.010216601,-0.013865322,-0.32758403,-0.16804484,0.19519544,0.30369878,0.10402939,0.003942581,0.13003983,0.018174496,0.28976902,0.18474111,0.0020045154,-0.1974616,0.44270235,0.3070702,0.11460882,-0.38497764,-0.023075663
2024-10-18 13:00:00,-0.115268156,-0.317428,-0.1536094,-0.26393014,-0.16278107,0.16665316,-0.14607385,0.10901653,-0.4421927,0.28371936,-0.25598696,0.19937336,0.15410796,0.008351423,-0.013208751,-0.33367902,-0.17003492,0.19520682,0.3084039,0.10485597,0.0030606836,0.13051373,0.020774286,0.2934097,0.18703845,0.0030416548,-0.19770955,0.44692636,0.3091389,0.118166395,-0.3871699,-0.021042176
2024-10-18 14:00:00,-0.11689614,-0.32473138,-0.1567587,-0.2673174,-0.16505826,0.16731606,-0.14785951,0.110668726,-0.448692,0.28709403,-0.26215392,0.20249593,0.15827642,0.0063758567,-0.012759354,-0.33912778,-0.17159155,0.19696859,0.31384295,0.106216036,0.0022053514,0.13097802,0.023350548,0.2965538,0.18919525,0.0032663904,-0.19935712,0.45233285,0.31337744,0.12092262,-0.39028695,-0.02071876
2024-10-18 15:00:00,-0.1176417,-0.331233,-0.16003564,-0.26919276,-0.16584343,0.16800861,-0.1478072,0.110818274,-0.45333672,0.2894958,-0.26997912,0.20546216,0.16320951,0.0047984123,-0.013568178,-0.34472698,-0.17097732,0.19872715,0.3177173,0.10868045,0.00068214536,0.1308657,0.026995767,0.29881203,0.19058478,0.0049229637,-0.20024228,0.4563421,0.3176256,0.124258325,-0.39102048,-0.020134881
2024-10-18 16:00:00,-0.117203385,-0.3340675,-0.16137448,-0.27212948,-0.16653222,0.17248785,-0.14760709,0.11178132,-0.45663002,0.293677,-0.2694631,0.20690718,0.16537075,0.0043114647,-0.01153494,-0.34756452,-0.17288965,0.20171367,0.31915694,0.1084149,0.0025671963,0.13401484,0.027389761,0.30021435,0.19436833,0.004314173,-0.2022298,0.45798236,0.3186473,0.12606998,-0.3950039,-0.01949279
2024-10-18 17:00:00,-0.11763562,-0.33755815,-0.16287509,-0.27621025,-0.16882764,0.17567092,-0.14923012,0.11407793,-0.4604993,0.29766724,-0.26882878,0.20836326,0.16717252,0.0035479143,-0.009376451,-0.3502016,-0.1766034,0.20452002,0.32176995,0.10721588,0.0033293385,0.13676083,0.026548322,0.3022229,0.19790033,0.00270297,-0.20447767,0.46142143,0.3205003,0.12679206,-0.4001474,-0.01992955
2024-10-18 18:00:00,-0.11874151,-0.3406599,-0.16459903,-0.27948296,-0.17130484,0.17705321,-0.15086797,0.11689017,-0.46376196,0.30022314,-0.26911908,0.20970091,0.16860923,0.0029385537,-0.008406814,-0.352414,-0.17972308,0.2067621,0.32464164,0.106248364,0.0031770263,0.13801236,0.025844168,0.3043248,0.1999793,0.0013240054,-0.20681061,0.46518284,0.32288104,0.12641603,-0.40397236,-0.021376446
2024-10-18 19:00:00,-0.11930366,-0.34260976,-0.16602856,-0.2826082,-0.17314585,0.18049273,-0.15220514,0.11900536,-0.46638566,0.30365196,-0.27010906,0.210989,0.1699604,0.0026144907,-0.0074535236,-0.35539442,-0.18303838,0.20851102,0.32730097,0.10495404,0.0035176333,0.1396095,0.025706809,0.30723605,0.20273252,0.0004600659,-0.20876198,0.46810454,0.32398462,0.12610674,-0.40752876,-0.022405319
2024-10-21 13:00:00,-0.120183885,-0.34856394,-0.16845712,-0.28694004,-0.17577983,0.18394372,-0.15508167,0.120656215,-0.4723211,0.30873513,-0.27516356,0.21407184,0.17348672,0.0010947362,-0.0062272325,-0.36129725,-0.18720984,0.21013278,0.33277035,0.104586974,0.0032704119,0.14091624,0.026686188,0.31159198,0.20624034,9.0897083e-07,-0.21054232,0.47354466,0.3267519,0.12805,-0.41223213,-0.0222511
2024-10-21 14:00:00,-0.12188034,-0.3517055,-0.1717431,-0.2905321,-0.17769851,0.18872538,-0.15619262,0.123141296,-0.4759819,0.31285626,-0.282652,0.21551436,0.17701788,0.0004934594,-0.007080201,-0.36843592,-0.18995264,0.21092968,0.3376066,0.10476097,0.002861563,0.14254367,0.030717205,0.31709644,0.2099661,0.0006840266,-0.21154201,0.47802758,0.328332,0.12916309,-0.41461462,-0.023364231
2024-10-21 15:00:00,-0.12576261,-0.34826204,-0.17368114,-0.28929174,-0.1797301,0.18730086,-0.154609,0.12693936,-0.47424883,0.30979595,-0.28575462,0.21327882,0.17613997,0.001905717,-0.011721019,-0.36933035,-0.18836874,0.2100719,0.33874232,0.10619465,0.0020489972,0.14070757,0.034444865,0.31851113,0.20911875,0.0011523403,-0.21059784,0.47844633,0.32890803,0.12641534,-0.41158742,-0.028441451
2024-10-21 16:00:00,-0.12845999,-0.35129517,-0.17454535,-0.2900619,-0.1831551,0.18641837,-0.15485929,0.12905812,-0.47835106,0.3105449,-0.28539324,0.21552937,0.17619583,0.0008980483,-0.011865098,-0.3703354,-0.18930846,0.21234003,0.34181786,0.10716831,0.002503233,0.13833359,0.033162806,0.31827635,0.20904852,9.195134e-05,-0.21186595,0.48087853,0.33208624,0.12721202,-0.41426647,-0.031016715
2024-10-21 17:00:00,-0.1291877,-0.35582703,-0.17524189,-0.29345906,-0.1856833,0.18852952,-0.15607217,0.13064939,-0.4837137,0.31426182,-0.283711,0.2190906,0.17718549,-0.00027514994,-0.009516846,-0.37219107,-0.19223022,0.21600696,0.3448615,0.106444776,0.003203338,0.13855146,0.03096966,0.31893682,0.21052623,-0.0017849952,-0.21508089,0.48390803,0.33445787,0.12821627,-0.41983914,-0.03199201
2024-10-21 18:00:00,-0.12911573,-0.35978153,-0.17632943,-0.29755634,-0.18738751,0.19197811,-0.15795018,0.13186488,-0.48796856,0.3186841,-0.2837072,0.22190925,0.17896734,-0.0011305735,-0.0071770772,-0.37501377,-0.19587544,0.21859738,0.347861,0.10506462,0.0033524502,0.14016476,0.029807914,0.3211078,0.21290961,-0.0032011531,-0.21796665,0.48722208,0.335948,0.12878287,-0.42489278,-0.032100044
2024-10-21 19:00:00,-0.12916815,-0.3646509,-0.17770526,-0.30166268,-0.189146,0.19455093,-0.16061372,0.13298526,-0.492635,0.3230355,-0.2851353,0.22452323,0.18125094,-0.0022802278,-0.0049813427,-0.3783115,-0.19976482,0.22028384,0.3515854,0.10390923,0.0032065455,0.14181542,0.029078241,0.32389006,0.21542487,-0.004377436,-0.22024864,0.49132866,0.33776456,0.12970519,-0.42959574,-0.031449668
2024-10-22 13:00:00,-0.13010213,-0.37107933,-0.18048695,-0.30510116,-0.1909462,0.19533613,-0.16294543,0.13447562,-0.49791348,0.3262651,-0.2907211,0.22746474,0.18526994,-0.003738977,-0.0045993365,-0.3831573,-0.2021757,0.22164613,0.35651493,0.10433545,0.0017991308,0.14224865,0.030557748,0.32732403,0.21716991,-0.0043180175,-0.22216673,0.49666262,0.341343,0.13116515,-0.43253672,-0.031255364
2024-10-22 14:00:00,-0.1314705,-0.37611568,-0.18343994,-0.30688596,-0.19219764,0.1950608,-0.16347492,0.13612086,-0.5017474,0.32768038,-0.29635617,0.22974265,0.18901373,-0.004613355,-0.0056152456,-0.3872332,-0.2023777,0.22302052,0.36029452,0.10581599,0.0004897583,0.1419398,0.033055615,0.32985103,0.21787369,-0.0036459863,-0.2237026,0.50055945,0.3450365,0.1321202,-0.43345886,-0.032046117
2024-10-22 15:00:00,-0.13150282,-0.37915134,-0.18481085,-0.30837142,-0.19272368,0.19682857,-0.16333812,0.13680723,-0.5043067,0.32992306,-0.2976912,0.23150173,0.19119816,-0.004954569,-0.0050945617,-0.38958466,-0.2029843,0.22497462,0.3619027,0.10631992,0.0010570232,0.14300896,0.03371295,0.33096814,0.2194325,-0.0036231168,-0.2251927,0.50217414,0.34679785,0.13332862,-0.43540102,-0.031954207
2024-10-22 16:00:00,-0.13142884,-0.38274276,-0.18640038,-0.31257832,-0.19427823,0.20218484,-0.16459875,0.13834015,-0.50831294,0.33536133,-0.29829407,0.23361304,0.19356841,-0.0055174977,-0.0027725697,-0.39361715,-0.20681167,0.22785637,0.36480963,0.105157234,0.0023693796,0.14631695,0.03365926,0.3339241,0.22376531,-0.00469492,-0.22752875,0.5051891,0.3480003,0.13472113,-0.44066784,-0.03165453
2024-10-22 17:00:00,-0.13207352,-0.3879875,-0.18784493,-0.31792933,-0.19722988,0.20591316,-0.16772227,0.14071766,-0.5139638,0.3410325,-0.2980227,0.23597577,0.19542108,-0.0067370906,0.00042501837,-0.39713693,-0.21234617,0.23052594,0.36908984,0.10326455,0.0032356177,0.14924431,0.032159355,0.33709493,0.2280445,-0.0069184713,-0.23008956,0.50993407,0.3500126,0.1359086,-0.44756952,-0.031347074
2024-10-22 18:00:00,-0.13597292,-0.40060365,-0.19453087,-0.32673007,-0.2033137,0.2101163,-0.1722579,0.146857,-0.5261468,0.34923765,-0.30831242,0.24198419,0.2033325,-0.009360515,0.0011966825,-0.40847898,-0.219394,0.23548342,0.380561,0.10340327,0.001566967,0.15096392,0.035116542,0.34524906,0.23392366,-0.008030381,-0.23521763,0.52224857,0.35808277,0.13833141,-0.45635933,-0.033805855
2024-10-22 19:00:00,-0.13780189,-0.4102798,-0.19944555,-0.33392012,-0.20727439,0.2172046,-0.17498116,0.15076679,-0.53592086,0.35816237,-0.3157612,0.24744055,0.2098503,-0.011155747,0.0029275082,-0.41859615,-0.22548816,0.24034709,0.38906103,0.10318787,0.0020642858,0.15403056,0.03741845,0.35218,0.24054995,-0.008653831,-0.23966686,0.5308296,0.36318675,0.14140505,-0.46445572,-0.034539267
2024-10-23 13:00:00,-0.1398035,-0.4189293,-0.20417026,-0.3403141,-0.21092106,0.22307217,-0.1776847,0.15418553,-0.5444843,0.36557144,-0.32443935,0.25189444,0.2162158,-0.012764327,0.0037694685,-0.42837125,-0.230654,0.2438145,0.3970154,0.103461266,0.0018802546,0.15667622,0.04073103,0.358801,0.24637094,-0.00881369,-0.24271707,0.5387519,0.36772805,0.14447251,-0.4709744,-0.035172053
2024-10-23 14:00:00,-0.14234424,-0.42291605,-0.20829844,-0.3440289,-0.21342765,0.22774178,-0.17829125,0.15758497,-0.5490452,0.36964616,-0.33254611,0.25385585,0.22053252,-0.013135679,0.002425518,-0.43629366,-0.23334691,0.24561596,0.4024307,0.1042769,0.0015188176,0.15834814,0.04538477,0.36431226,0.25052953,-0.008291554,-0.24409004,0.5439298,0.37036106,0.14586505,-0.47379366,-0.037042074
2024-10-23 15:00:00,-0.14576873,-0.42094544,-0.21031207,-0.34383583,-0.21563937,0.22816387,-0.17716768,0.16131091,-0.5491529,0.36858976,-0.3347631,0.25282243,0.2203423,-0.01206281,-0.0004871972,-0.4381616,-0.23322621,0.24587211,0.40400058,0.10526347,0.0015446264,0.15770002,0.048274215,0.36600068,0.2512689,-0.008535456,-0.24391301,0.54506963,0.37125164,0.14410296,-0.47303683,-0.04114671
2024-10-23 16:00:00,-0.14733213,-0.41990694,-0.21043342,-0.34311885,-0.21709917,0.22864151,-0.17654608,0.1623522,-0.54959565,0.3684031,-0.33418322,0.25301775,0.21940978,-0.011927895,-0.0014026724,-0.43844652,-0.23338854,0.2465593,0.40452373,0.10583146,0.002202278,0.15640986,0.04781499,0.36560687,0.25148663,-0.008906584,-0.24362454,0.54505295,0.37156725,0.14409831,-0.47336894,-0.04304693
2024-10-23 17:00:00,-0.14872503,-0.41713312,-0.21011376,-0.34108585,-0.21751447,0.2267161,-0.17524867,0.16288215,-0.54786295,0.36552706,-0.33364514,0.2520834,0.21763591,-0.011272587,-0.0035463758,-0.43695903,-0.23158008,0.24587381,0.40354455,0.10677389,0.0015635658,0.15406623,0.04809397,0.36422038,0.24933329,-0.009026255,-0.24287266,0.54369783,0.37121665,0.1426659,-0.47119308,-0.045439415
2024-10-23 18:00:00,-0.1502608,-0.4146976,-0.21036369,-0.33896583,-0.2178971,0.22504437,-0.17349026,0.16351774,-0.546245,0.36273512,-0.33413005,0.25140396,0.21645857,-0.010467656,-0.0062872544,-0.43620044,-0.22946426,0.24536821,0.4028877,0.10818368,0.0008046534,0.15163392,0.049031954,0.36324662,0.2472246,-0.008842532,-0.24226797,0.54257923,0.37132537,0.14116558,-0.46868438,-0.048139036
2024-10-23 19:00:00,-0.15147161,-0.4173562,-0.21046424,-0.3381225,-0.2190143,0.22181481,-0.1733233,0.1629726,-0.54851675,0.36149105,-0.33495498,0.25300226,0.21689631,-0.011527449,-0.0070978478,-0.4357183,-0.2282939,0.24557902,0.40407443,0.11013073,3.8055703e-05,0.14867543,0.047992107,0.3615348,0.2449246,-0.009159472,-0.2424438,0.5432386,0.37382492,0.14197484,-0.46856317,-0.048973583
2024-10-24 13:00:00,-0.15034041,-0.42177573,-0.21120673,-0.33902156,-0.21827875,0.22309491,-0.17282191,0.16104603,-0.55148673,0.3637803,-0.33814818,0.2558943,0.21974175,-0.012745447,-0.0066214874,-0.43846172,-0.22797224,0.24716213,0.40540165,0.11165972,-0.0003582295,0.14864668,0.048275646,0.36161608,0.24505657,-0.008365091,-0.24365789,0.5444287,0.37563774,0.1447733,-0.46985438,-0.04733918
2024-10-24 14:00:00,-0.14988515,-0.42526868,-0.21274033,-0.34081793,-0.21802716,0.22508198,-0.1726447,0.16063794,-0.5539285,0.3662192,-0.34114057,0.25757813,0.22253333,-0.013326667,-0.0060836077,-0.44158518,-0.22838378,0.24855992,0.4070232,0.112635456,-0.0004187394,0.15033357,0.04955102,0.36288178,0.24632183,-0.008207824,-0.24501267,0.5461237,0.3771709,0.14651111,-0.47140664,-0.046444498
2024-10-24 15:00:00,-0.14996731,-0.42725885,-0.21401125,-0.34370244,-0.21899043,0.22862628,-0.1732409,0.16211972,-0.5563426,0.36983505,-0.33981442,0.2585257,0.22379191,-0.013423964,-0.0039853305,-0.44364053,-0.23108488,0.2510367,0.40855587,0.11178863,0.0012468752,0.15362199,0.048807424,0.3643119,0.2493554,-0.009700324,-0.24730134,0.5481454,0.37815115,0.14703909,-0.47514576,-0.046412237
2024-10-24 16:00:00,-0.1507102,-0.4266499,-0.21471038,-0.34491044,-0.22003274,0.22960556,-0.17366096,0.16392183,-0.55622005,0.37040162,-0.33822137,0.25802413,0.22347884,-0.012879439,-0.0036406182,-0.44368392,-0.23260301,0.2519664,0.40894514,0.11083688,0.001557298,0.15499346,0.048123058,0.36500984,0.25029716,-0.011045691,-0.24840805,0.54918987,0.3785959,0.14565092,-0.47633442,-0.04785487
2024-10-24 17:00:00,-0.15031622,-0.4270805,-0.2137908,-0.345604,-0.22073464,0.22943404,-0.17493248,0.16391319,-0.55687124,0.3712608,-0.33469495,0.25835213,0.22233255,-0.013185501,-0.0019227415,-0.44218308,-0.23443878,0.2525852,0.40899473,0.109647244,0.0023929533,0.1553474,0.044966664,0.36429104,0.25054172,-0.0125595,-0.24918291,0.54957855,0.37873697,0.14537925,-0.47818124,-0.047518514
2024-10-24 18:00:00,-0.15006807,-0.42852345,-0.21401787,-0.34796792,-0.22169976,0.23134705,-0.17653729,0.16498807,-0.55868995,0.37383774,-0.33318475,0.25939804,0.22249992,-0.013468422,-8.442253e-05,-0.44295675,-0.23729515,0.2539591,0.410415,0.10793984,0.002835976,0.15672617,0.043378543,0.36567205,0.25213715,-0.013897758,-0.25102758,0.5514405,0.37922937,0.14497524,-0.48128036,-0.04748609
2024-10-24 19:00:00,-0.15035766,-0.43370897,-0.21554613,-0.3518647,-0.2236452,0.23361361,-0.17940202,0.16632596,-0.5635706,0.37811446,-0.3356226,0.26206636,0.22513585,-0.014676437,0.0016665533,-0.44667864,-0.2412689,0.25560892,0.41461986,0.1069182,0.002705222,0.15801698,0.04299968,0.36878276,0.25487468,-0.014714632,-0.25307167,0.55593044,0.3814325,0.14628498,-0.48575294,-0.04688648
2024-10-25 13:00:00,-0.14985116,-0.43827218,-0.2171371,-0.35441995,-0.22396086,0.23609331,-0.1810684,0.16617143,-0.5670569,0.38162434,-0.34130853,0.26428548,0.2286521,-0.015772007,0.002214361,-0.45145857,-0.24333674,0.25611845,0.41799933,0.10699334,0.0019013267,0.1590284,0.044893395,0.37211496,0.25718316,-0.013635647,-0.2537634,0.5592819,0.3827965,0.14856987,-0.48788542,-0.045224935
2024-10-25 14:00:00,-0.15212612,-0.4367916,-0.21909612,-0.35344493,-0.22426154,0.23436403,-0.1797691,0.1684291,-0.5657929,0.37883165,-0.34593514,0.2627822,0.22926123,-0.014739111,-0.0013811849,-0.453004,-0.24123877,0.25465065,0.41888368,0.10834074,0.00031273998,0.15785855,0.049550254,0.3739753,0.25625148,-0.012600239,-0.2527294,0.55972254,0.38335508,0.1465899,-0.48465812,-0.047838554
2024-10-25 15:00:00,-0.1522456,-0.43159482,-0.21813941,-0.3498544,-0.22304665,0.23386726,-0.17723821,0.16800886,-0.5615643,0.37584165,-0.34437263,0.26047325,0.22698416,-0.013300873,-0.0034090169,-0.45089996,-0.23838136,0.25332817,0.4158008,0.10911171,0.0010569952,0.15667897,0.05047303,0.37233236,0.25506988,-0.011453714,-0.25053173,0.5560189,0.3811891,0.14544386,-0.48094425,-0.048831664
2024-10-25 16:00:00,-0.1516691,-0.43198037,-0.2170372,-0.34969735,-0.22310387,0.23474514,-0.17771436,0.16660136,-0.56232506,0.37692443,-0.34327382,0.26099464,0.22651775,-0.013892241,-0.0021765195,-0.45073003,-0.23897454,0.25340086,0.41559815,0.10913243,0.002032362,0.1566992,0.049065474,0.37135082,0.25567478,-0.011508342,-0.24977008,0.5552722,0.38047907,0.14733839,-0.4820565,-0.047479868
2024-10-25 17:00:00,-0.15242743,-0.42577016,-0.21579319,-0.3471312,-0.2223012,0.23259422,-0.17605188,0.16739887,-0.5576163,0.37279615,-0.33962256,0.25775826,0.22293507,-0.012290604,-0.0036982596,-0.44674248,-0.23658389,0.25173274,0.41211718,0.108783014,0.0018151086,0.1557263,0.04935817,0.36932358,0.25331575,-0.011843193,-0.24865696,0.55193627,0.37804544,0.14409097,-0.47869894,-0.049640544
2024-10-25 18:00:00,-0.15282673,-0.42081368,-0.21401596,-0.3429206,-0.22140072,0.22843388,-0.17426424,0.1663253,-0.55285823,0.36746663,-0.3373539,0.25525767,0.2197149,-0.011319339,-0.0062446,-0.44226253,-0.2330974,0.24929768,0.40879035,0.1096262,0.000902744,0.15246193,0.048760872,0.36616382,0.24941972,-0.011294004,-0.24631156,0.5482646,0.37643343,0.14197245,-0.47386694,-0.051058494
2024-10-25 19:00:00,-0.15164348,-0.41810486,-0.21184748,-0.34055477,-0.22004227,0.22726232,-0.17330457,0.16418207,-0.5504878,0.36574075,-0.33391482,0.2545514,0.21739747,-0.011130296,-0.0059515685,-0.43908334,-0.23149443,0.24842496,0.40602136,0.10963282,0.0015674811,0.15122367,0.04668961,0.36343655,0.24750113,-0.011137117,-0.24531116,0.5451598,0.37456658,0.14180687,-0.4722032,-0.050269082
2024-10-28 13:00:00,-0.1502853,-0.41883567,-0.21105903,-0.34014767,-0.21882437,0.22732416,-0.17335095,0.16182664,-0.5502646,0.36590812,-0.33534157,0.2550163,0.21783184,-0.011695944,-0.0057275183,-0.43934524,-0.23088616,0.24759522,0.4055215,0.11007155,0.0009884741,0.15094964,0.046726014,0.36297387,0.2468262,-0.010288965,-0.24452849,0.5444452,0.37381113,0.14334947,-0.47155064,-0.04838714
2024-10-28 14:00:00,-0.15054013,-0.42303064,-0.21293986,-0.3426134,-0.2194057,0.22963905,-0.17415881,0.16207415,-0.5537835,0.36901337,-0.34029317,0.2568185,0.22094135,-0.012685902,-0.0053725243,-0.44384205,-0.23241287,0.24844864,0.40857404,0.11075439,0.0005498659,0.15228978,0.048803877,0.36564374,0.24902281,-0.009825531,-0.2453226,0.54747754,0.37539873,0.14558005,-0.47365433,-0.04739421
2024-10-28 15:00:00,-0.15023488,-0.4248253,-0.21341556,-0.34515154,-0.22002845,0.23284593,-0.1751744,0.16272113,-0.5562097,0.37260935,-0.33906275,0.2575957,0.22173549,-0.013244234,-0.0027871616,-0.44545197,-0.23504382,0.25008646,0.40987045,0.10967341,0.002227256,0.15508975,0.047973055,0.3668,0.25205716,-0.010723602,-0.24666046,0.54900354,0.37554324,0.14685252,-0.47718167,-0.04619675
2024-10-28 16:00:00,-0.14966692,-0.42673165,-0.21308571,-0.3480854,-0.22107957,0.23492739,-0.17727648,0.16326785,-0.55842227,0.37585464,-0.33609778,0.25827843,0.22166611,-0.01401075,0.00050471723,-0.44557285,-0.23842388,0.25147653,0.410931,0.10758467,0.0033653192,0.15751135,0.045480724,0.36735368,0.25449902,-0.012315866,-0.2480236,0.5506809,0.3756167,0.14765045,-0.48127636,-0.04483162
2024-10-28 17:00:00,-0.14853425,-0.42771804,-0.2123796,-0.3496861,-0.2210763,0.23546472,-0.17903833,0.162878,-0.5589651,0.3773584,-0.3344838,0.25839478,0.22150056,-0.014591396,0.0026335232,-0.44500625,-0.24035382,0.25151423,0.4110725,0.105820976,0.0033386704,0.15868704,0.04377413,0.36761457,0.25537726,-0.012845609,-0.24857175,0.5515382,0.3752106,0.14797825,-0.48311356,-0.043175496
2024-10-28 18:00:00,-0.14728594,-0.43098253,-0.21241921,-0.35236752,-0.22137235,0.23717755,-0.18139668,0.16253248,-0.56151223,0.38066533,-0.33485788,0.25971153,0.22286747,-0.015635796,0.005243551,-0.44647646,-0.24312854,0.25208142,0.4127671,0.104262546,0.0035210084,0.16049062,0.042784687,0.3692334,0.2575131,-0.013072971,-0.24956559,0.5537064,0.3755523,0.1494225,-0.48624128,-0.040805787
2024-10-28 19:00:00,-0.14741845,-0.43662262,-0.21412045,-0.35672468,-0.22310282,0.23932603,-0.18434024,0.16413611,-0.5665213,0.38513562,-0.33742586,0.26199868,0.22589086,-0.016926222,0.0076189004,-0.45017004,-0.2468946,0.2536401,0.41679132,0.10293712,0.0034369547,0.16269982,0.043149058,0.37257308,0.26081514,-0.01360872,-0.25158465,0.5582895,0.37769347,0.15101807,-0.49090737,-0.039483435
2024-10-29 13:00:00,-0.14819556,-0.4418925,-0.21698913,-0.35974127,-0.22429948,0.2410079,-0.18588145,0.16570815,-0.5706492,0.3880765,-0.34461024,0.26417544,0.230401,-0.017899819,0.007270109,-0.45569336,-0.24868509,0.25461075,0.421058,0.10322443,0.0020818058,0.16354269,0.046474513,0.37662467,0.26332733,-0.012379866,-0.25256017,0.56289476,0.3804255,0.15281475,-0.49286622,-0.0391142
2024-10-29 14:00:00,-0.15183848,-0.4427244,-0.21926096,-0.35871387,-0.22610278,0.23575786,-0.18507329,0.16940507,-0.5714943,0.38410512,-0.34778434,0.26371947,0.23125131,-0.017492302,0.0036894716,-0.45556486,-0.24621588,0.25418776,0.42288405,0.10509775,0.0003452953,0.16071592,0.04962903,0.37722483,0.26097307,-0.012204964,-0.25264713,0.5645891,0.38366705,0.15039921,-0.490348,-0.043132447
2024-10-29 15:00:00,-0.15146765,-0.44397914,-0.21991676,-0.35664362,-0.22501598,0.2351971,-0.18269697,0.16807732,-0.57147473,0.38315338,-0.35131353,0.26518723,0.23333462,-0.017619602,0.0014732964,-0.45685154,-0.24321681,0.2550074,0.42242628,0.107483394,-0.00019469671,0.15867095,0.051334705,0.37645233,0.25998613,-0.009995665,-0.2519946,0.56372285,0.38508153,0.15197335,-0.4881546,-0.043195732
2024-10-29 16:00:00,-0.15102616,-0.44427282,-0.2196567,-0.35743368,-0.22511114,0.23724043,-0.1821167,0.16836917,-0.5724606,0.38496622,-0.34760258,0.26603583,0.23314606,-0.017323233,0.0032408498,-0.45630664,-0.24382454,0.25716317,0.42177165,0.10718372,0.0020995084,0.16054945,0.04988448,0.37557375,0.26138803,-0.011240613,-0.2535284,0.562854,0.38492557,0.15240204,-0.4905207,-0.043171115
2024-10-29 17:00:00,-0.15185061,-0.44505847,-0.22019106,-0.358994,-0.22646128,0.23745772,-0.18270986,0.17001334,-0.5734735,0.38558632,-0.34561285,0.26649833,0.23322879,-0.017148875,0.0039217137,-0.45597833,-0.24518058,0.25866386,0.42238045,0.10652378,0.0023533292,0.16133271,0.04870936,0.3755601,0.2618846,-0.012797046,-0.2550637,0.56406087,0.3860202,0.15153074,-0.49251878,-0.044608817
2024-10-29 18:00:00,-0.15120295,-0.44724303,-0.22049597,-0.36155182,-0.22725166,0.24063882,-0.18400037,0.17023045,-0.57564116,0.3892223,-0.34436524,0.26820108,0.23407705,-0.017537631,0.00606383,-0.45748246,-0.24824023,0.26070368,0.42376631,0.10522974,0.0033440124,0.16321869,0.046731558,0.3766821,0.26426715,-0.013933253,-0.25695986,0.5658174,0.38653928,0.15234154,-0.49618417,-0.043998405
2024-10-29 19:00:00,-0.15016085,-0.45045823,-0.22092387,-0.36389536,-0.22751473,0.2426942,-0.18602592,0.16944301,-0.57806545,0.3923292,-0.34646496,0.26975566,0.23596872,-0.018388517,0.007663969,-0.45995224,-0.2507514,0.2611494,0.42580152,0.1046006,0.003130475,0.16458662,0.046317544,0.37848997,0.2660658,-0.013963964,-0.25772604,0.5680415,0.38707405,0.15402007,-0.4987067,-0.04219354
2024-10-30 13:00:00,-0.1509645,-0.45216018,-0.22292018,-0.36493188,-0.22771804,0.24358454,-0.18630871,0.17027116,-0.57921505,0.39292517,-0.3526389,0.27008292,0.23841752,-0.018530644,0.0061480813,-0.46384978,-0.2510776,0.26050067,0.4281987,0.10537141,0.0017135832,0.16481425,0.049857866,0.38152507,0.26696175,-0.01283351,-0.25752035,0.5703701,0.38801563,0.15440789,-0.49812773,-0.04245042
2024-10-30 14:00:00,-0.154959,-0.45144433,-0.22501314,-0.36337566,-0.22970237,0.23903343,-0.18508232,0.17411137,-0.5792962,0.3887698,-0.3550785,0.26886475,0.23823644,-0.017733015,0.0022973083,-0.4635991,-0.24878508,0.2597043,0.42974573,0.1073356,0.0003947541,0.16206631,0.052779842,0.3820031,0.2646692,-0.013094317,-0.2572266,0.5714969,0.3905717,0.15148696,-0.4953973,-0.046979688
2024-10-30 15:00:00,-0.15524149,-0.4522075,-0.22572583,-0.36314058,-0.23020129,0.24122629,-0.18377215,0.17468444,-0.5805351,0.3902674,-0.35484165,0.27045652,0.23902853,-0.017615594,0.0020188354,-0.4651044,-0.24881351,0.26204067,0.4302112,0.10803421,0.0016923565,0.16189335,0.052421603,0.38187137,0.26586977,-0.012967613,-0.25818616,0.57169,0.3916201,0.15242979,-0.49661922,-0.047842152
2024-10-30 16:00:00,-0.15428524,-0.45200253,-0.22504786,-0.36425608,-0.23025917,0.24432418,-0.18412893,0.17412749,-0.5810643,0.39275917,-0.3520664,0.2712374,0.23852839,-0.017558903,0.0039750747,-0.46526867,-0.2504874,0.2634577,0.42982078,0.10705091,0.0032623075,0.1636451,0.050609153,0.38167736,0.26756206,-0.013963874,-0.259067,0.57110566,0.39064223,0.15318052,-0.4990949,-0.047194794
2024-10-30 17:00:00,-0.15399814,-0.45243615,-0.22515461,-0.36620384,-0.23076542,0.24701014,-0.1854047,0.1742295,-0.58191615,0.3951033,-0.35204414,0.27160242,0.23876835,-0.017731436,0.0053233616,-0.46673656,-0.25288576,0.2638122,0.43074757,0.10594456,0.0035737734,0.1652568,0.05012815,0.3830076,0.26940578,-0.014621932,-0.2596334,0.57221836,0.39001787,0.15368676,-0.50126743,-0.046628565
2024-10-30 18:00:00,-0.15485492,-0.45449072,-0.22602594,-0.36849374,-0.2322539,0.24843532,-0.1872086,0.17543241,-0.5844359,0.3973544,-0.35343367,0.27238646,0.23964141,-0.018326975,0.006234307,-0.46891195,-0.25557834,0.26415792,0.43325716,0.105247684,0.0035255272,0.16614257,0.05011585,0.38500577,0.27121946,-0.01538283,-0.26040885,0.5749194,0.39074302,0.15418631,-0.5037307,-0.046589382
2024-10-30 19:00:00,-0.15465835,-0.45461625,-0.2258909,-0.36845136,-0.23205216,0.24846885,-0.18768574,0.17495745,-0.58446795,0.3974358,-0.35481262,0.27226135,0.23976453,-0.018659055,0.0061230026,-0.46948606,-0.2558104,0.26335654,0.43361825,0.10516438,0.0030119307,0.16584201,0.05051757,0.3855203,0.27123624,-0.014821347,-0.25980192,0.57525676,0.39032796,0.15463144,-0.50337607,-0.04586219
2024-10-31 13:00:00,-0.15508512,-0.4568979,-0.22706783,-0.36859453,-0.23205869,0.24838695,-0.18773973,0.17454207,-0.58597225,0.3977101,-0.36064595,0.27304307,0.24199097,-0.019338168,0.00463767,-0.47260052,-0.2553336,0.26261675,0.43550766,0.10650524,0.0015265737,0.16496786,0.053284112,0.38723764,0.2714006,-0.013261657,-0.2588443,0.5767905,0.3913275,0.1562128,-0.502535,-0.045327626
2024-10-31 14:00:00,-0.15868235,-0.45360225,-0.228558,-0.36526698,-0.23273884,0.24290565,-0.1848749,0.177353,-0.5834452,0.3913919,-0.36312136,0.27048522,0.24074824,-0.017825834,-0.00056405365,-0.4710564,-0.2506866,0.26073074,0.43496722,0.10904698,-0.00043071248,0.161463,0.057430375,0.38652426,0.26756278,-0.012739632,-0.25733656,0.57558334,0.3926147,0.15261114,-0.4971851,-0.050065078
2024-10-31 15:00:00,-0.15870854,-0.44769794,-0.22730261,-0.35966128,-0.23102127,0.24029565,-0.18059072,0.17621112,-0.5779771,0.3861355,-0.36058936,0.2682303,0.2379777,-0.016160473,-0.0039183237,-0.46723545,-0.24539518,0.2597197,0.43035007,0.11108769,-0.00018133968,0.15839882,0.057775553,0.3826264,0.2640514,-0.011379208,-0.2550654,0.57042086,0.39123178,0.1509228,-0.49163085,-0.05201856
2024-10-31 16:00:00,-0.1583029,-0.4452625,-0.22570169,-0.357099,-0.23038827,0.23876974,-0.17907478,0.17475241,-0.5760387,0.38400906,-0.35688722,0.26773202,0.23603402,-0.01573763,-0.004191883,-0.46409917,-0.24330631,0.25965545,0.42762083,0.11201041,0.00071311183,0.15706475,0.05577139,0.37919754,0.26197663,-0.011767793,-0.25439677,0.5673034,0.39044383,0.15072837,-0.49017316,-0.05253057
2024-10-31 17:00:00,-0.15602545,-0.44264692,-0.22321406,-0.35644358,-0.22878872,0.24032137,-0.17873342,0.17232934,-0.57396513,0.38464943,-0.35074112,0.2673242,0.2335651,-0.015558086,-0.0017117858,-0.4609728,-0.24356616,0.2601815,0.42446083,0.11079821,0.0025794953,0.15838325,0.052061204,0.3765034,0.26178333,-0.012776937,-0.25468,0.5642325,0.3878464,0.15095171,-0.49089378,-0.050890468
2024-10-31 18:00:00,-0.15495025,-0.44191545,-0.22226304,-0.3573286,-0.22834222,0.24128863,-0.17976923,0.17138976,-0.57318956,0.38544163,-0.34872985,0.26693815,0.23268251,-0.015648514,-0.00021950528,-0.46007162,-0.24491388,0.25986776,0.42374414,0.10957885,0.00268941,0.15960784,0.05040632,0.37628528,0.262019,-0.013619047,-0.25499848,0.56397074,0.38656458,0.15079892,-0.49173918,-0.049890548
2024-10-31 19:00:00,-0.15591782,-0.44476664,-0.22317958,-0.35848695,-0.22940145,0.23958844,-0.18119518,0.17200264,-0.57538444,0.3855554,-0.3513413,0.26773292,0.23396729,-0.01653362,-0.00055933,-0.46122575,-0.24582636,0.25948995,0.42606682,0.10999433,0.0013554301,0.15883738,0.050640147,0.37736115,0.26164982,-0.013956811,-0.25546002,0.5665423,0.38841882,0.1509213,-0.49229372,-0.05009514
2024-11-01 13:00:00,-0.15718442,-0.4369796,-0.22288051,-0.35290676,-0.22735952,0.2344839,-0.177059,0.17259362,-0.5677711,0.37742862,-0.35117844,0.26334855,0.23060767,-0.01386743,-0.006076049,-0.4570498,-0.2395607,0.25632122,0.4216951,0.11165085,-0.0006494466,0.15551887,0.053945195,0.3752987,0.2564026,-0.012600463,-0.25294358,0.5618445,0.3865884,0.1458675,-0.48392388,-0.05380591
2024-11-01 14:00:00,-0.16030964,-0.42862123,-0.2218217,-0.34451157,-0.2273557,0.22386897,-0.1723501,0.17421988,-0.559961,0.3656372,-0.3468135,0.25846457,0.22530662,-0.011019617,-0.012422305,-0.4482708,-0.23102319,0.25299507,0.41662621,0.114825614,-0.0025497023,0.14875503,0.054310326,0.36954743,0.24770603,-0.0124790035,-0.25011858,0.55574954,0.38707995,0.13911739,-0.47461665,-0.060258605
2024-11-01 15:00:00,-0.15886176,-0.41926074,-0.21819097,-0.3357706,-0.22385626,0.21889427,-0.16684785,0.17104262,-0.55077463,0.3572251,-0.33949855,0.2553934,0.21990971,-0.008405656,-0.015869942,-0.43999106,-0.2232202,0.25108877,0.4081813,0.11674445,-0.002170736,0.14418215,0.05203558,0.36242437,0.24077418,-0.011387993,-0.24754246,0.5467335,0.38391954,0.13568822,-0.46668094,-0.062284447
2024-11-01 16:00:00,-0.15647972,-0.41078487,-0.21427375,-0.3312772,-0.22077553,0.21926197,-0.16427413,0.16785517,-0.54391456,0.35398942,-0.3309986,0.25307867,0.21481444,-0.00616657,-0.015690524,-0.43387955,-0.22044581,0.24996842,0.40131652,0.11603058,-0.00018513948,0.14391738,0.048796806,0.35796654,0.23791888,-0.011880066,-0.24616252,0.5394204,0.37882778,0.13348347,-0.46328342,-0.06243507
2024-11-01 17:00:00,-0.15471384,-0.4047831,-0.20958316,-0.32842147,-0.21897136,0.21688583,-0.16443677,0.16463947,-0.53888893,0.35075778,-0.32193607,0.25061187,0.20914502,-0.0053915605,-0.013893995,-0.42639208,-0.21967968,0.24759935,0.39626348,0.114470206,0.0009844396,0.14305902,0.043553066,0.35317332,0.23448774,-0.013721954,-0.24450919,0.53402984,0.37440318,0.13166478,-0.4612888,-0.06134831
2024-11-01 18:00:00,-0.15412351,-0.4004658,-0.20782697,-0.3272878,-0.21775387,0.21630564,-0.16454871,0.16399598,-0.5352099,0.34888342,-0.31846526,0.24874789,0.20612629,-0.0045198575,-0.013902783,-0.42321193,-0.21955201,0.2459895,0.3938908,0.113140024,0.00063759834,0.142667,0.042010713,0.35209376,0.23282108,-0.014412884,-0.24401507,0.5318497,0.3716188,0.1293372,-0.45948282,-0.06163562
2024-11-01 19:00:00,-0.1524076,-0.40103263,-0.20602146,-0.3277378,-0.21690424,0.21726146,-0.16623905,0.16148403,-0.53544974,0.35041735,-0.3177454,0.24924567,0.205323,-0.005514033,-0.012104701,-0.4228536,-0.22129759,0.24477053,0.39394724,0.11210016,0.0010062829,0.1427967,0.039888848,0.35196435,0.23301321,-0.014366146,-0.24340308,0.53157395,0.3699105,0.1308244,-0.4602905,-0.058723874
2024-11-04 14:00:00,-0.15182927,-0.4054636,-0.20697755,-0.33003372,-0.21681552,0.21869406,-0.16803542,0.16048142,-0.5385799,0.35328463,-0.32358336,0.2508619,0.20807154,-0.007103361,-0.011641834,-0.426965,-0.2230202,0.24414924,0.3970937,0.11236359,-0.0001950562,0.14346841,0.04177093,0.35472813,0.23459369,-0.01332536,-0.24332197,0.53448915,0.37058768,0.13350724,-0.46169972,-0.056183495
2024-11-04 15:00:00,-0.15408017,-0.40850836,-0.20962748,-0.3322202,-0.21874063,0.21856499,-0.16875538,0.16366711,-0.541924,0.35456547,-0.32706928,0.2515383,0.21021013,-0.007558696,-0.012302265,-0.4299816,-0.22399458,0.2450812,0.40060312,0.11289985,-0.00078864396,0.14388432,0.044246506,0.35728094,0.23611894,-0.013556581,-0.24459694,0.538064,0.3732364,0.13328779,-0.4632817,-0.057615824
2024-11-04 16:00:00,-0.15226968,-0.40866685,-0.20894116,-0.33187497,-0.21727301,0.22069949,-0.16819444,0.16150212,-0.5413341,0.35592225,-0.32792908,0.25182733,0.21077849,-0.007921323,-0.011637151,-0.43097,-0.22377276,0.24502751,0.39970714,0.11285427,-0.00015709549,0.14465575,0.044428047,0.35714877,0.23713428,-0.012020331,-0.24373944,0.5370439,0.37205103,0.13555802,-0.46310088,-0.05517047
2024-11-04 17:00:00,-0.15313447,-0.40432316,-0.20807981,-0.3296479,-0.21685468,0.21741587,-0.16701102,0.16229352,-0.53773195,0.35197553,-0.32503104,0.24896365,0.20821775,-0.006654732,-0.012895819,-0.4271111,-0.22129807,0.24346441,0.3970539,0.11289618,-0.0004506912,0.14377104,0.044752497,0.3551345,0.23484805,-0.012277614,-0.24261756,0.53440505,0.3707578,0.13292539,-0.4600431,-0.05681684
2024-11-04 18:00:00,-0.15235892,-0.40385854,-0.20660922,-0.32907087,-0.21668552,0.21680263,-0.16709486,0.16128078,-0.5373191,0.35180208,-0.32151884,0.24904516,0.20691212,-0.0069797263,-0.011521563,-0.42488462,-0.2214045,0.24380302,0.39576995,0.112240724,0.00045516156,0.14336362,0.0420901,0.35314697,0.23437163,-0.012680616,-0.24254498,0.5332807,0.3703051,0.13336194,-0.46059012,-0.05593238
2024-11-04 19:00:00,-0.15131967,-0.40977752,-0.20769113,-0.3339305,-0.21795581,0.22168362,-0.1697849,0.16144684,-0.5429845,0.35827336,-0.3231291,0.25256994,0.20997448,-0.00868658,-0.008034561,-0.42941743,-0.22614694,0.24662,0.39947867,0.11075851,0.0013524294,0.1462622,0.041000035,0.3560592,0.23859173,-0.013475779,-0.24508914,0.53743243,0.37187463,0.13642052,-0.4667892,-0.05372981
2024-11-04 20:00:00,-0.14929721,-0.410936,-0.20645788,-0.3354749,-0.2169994,0.22274846,-0.1715011,0.15966901,-0.5434574,0.36020485,-0.32204098,0.25275132,0.21004476,-0.009479143,-0.0054188557,-0.42906374,-0.22787738,0.24612707,0.3992374,0.10923667,0.0016698968,0.14800693,0.039631154,0.35626912,0.23959824,-0.01359925,-0.24512269,0.53754926,0.3705752,0.13768679,-0.46838173,-0.050663583
2024-11-05 14:00:00,-0.14805433,-0.4144728,-0.20724595,-0.33710057,-0.21614413,0.2238057,-0.17282894,0.15823472,-0.5451642,0.36228004,-0.32756424,0.25362945,0.21297415,-0.01068569,-0.0049773045,-0.43236464,-0.22879964,0.24532765,0.40106946,0.10940055,0.00040751882,0.14906336,0.0416789,0.35853928,0.2410497,-0.011963721,-0.2445396,0.53967595,0.37095842,0.14018375,-0.46873915,-0.0477496
2024-11-05 15:00:00,-0.15228401,-0.41657612,-0.21059012,-0.33749926,-0.21877141,0.21883294,-0.17260855,0.16334733,-0.5471309,0.35933533,-0.33090934,0.2530639,0.21439947,-0.010469057,-0.007962342,-0.4330498,-0.22721699,0.24556461,0.40417165,0.11104502,-0.0014543608,0.14733356,0.04491205,0.36000806,0.23958322,-0.012439024,-0.24566254,0.54288816,0.37519282,0.13740405,-0.46763706,-0.052105524
2024-11-05 16:00:00,-0.15120517,-0.41579115,-0.21003374,-0.33490193,-0.2173705,0.21790874,-0.17027044,0.16193071,-0.54540485,0.3577329,-0.33006096,0.25334743,0.21448149,-0.01016847,-0.008911256,-0.4317292,-0.22438967,0.24622744,0.40189105,0.11216176,-0.0010505896,0.14592719,0.044534188,0.35780174,0.2382609,-0.011032771,-0.24523512,0.5406888,0.3754866,0.13799715,-0.46559715,-0.05181448
2024-11-05 17:00:00,-0.14919662,-0.41369408,-0.20776176,-0.33302814,-0.21554975,0.21687534,-0.16925965,0.15959576,-0.54299825,0.3563007,-0.32544774,0.25272116,0.212784,-0.009691052,-0.0077514276,-0.4280029,-0.22269648,0.2460381,0.3983208,0.11192752,8.331984e-05,0.14611122,0.042356703,0.35466725,0.23671064,-0.011225652,-0.24476713,0.5371106,0.37378025,0.13803217,-0.4645468,-0.05045884
2024-11-05 18:00:00,-0.14704189,-0.41269344,-0.20657209,-0.33297598,-0.21378554,0.21850935,-0.16913855,0.15746325,-0.5413713,0.3570244,-0.32413244,0.25239998,0.21261947,-0.009497739,-0.0064703487,-0.4272669,-0.22279003,0.2458458,0.3964042,0.111192435,0.00059782155,0.14768426,0.041636568,0.35407978,0.2371549,-0.010935631,-0.24446587,0.5354697,0.37198603,0.1387398,-0.46441934,-0.048451677
2024-11-05 19:00:00,-0.14589225,-0.41304,-0.20607093,-0.33375442,-0.21307097,0.21962118,-0.17003126,0.1562945,-0.5413049,0.35819736,-0.32424375,0.25213146,0.21293063,-0.009780757,-0.0052037574,-0.42756063,-0.22389734,0.24529585,0.3962137,0.11058036,0.0009190552,0.14921328,0.04132853,0.35454714,0.23822215,-0.010926273,-0.24407838,0.5354924,0.37101477,0.13960734,-0.4649698,-0.04658118
2024-11-05 20:00:00,-0.14485191,-0.41395414,-0.20567954,-0.33459592,-0.21251558,0.22053722,-0.17104746,0.15531659,-0.54178965,0.35954365,-0.32464063,0.2520034,0.2133681,-0.01034493,-0.0038393326,-0.42806917,-0.22507721,0.24486795,0.39640874,0.109977596,0.0012093838,0.15055919,0.041035686,0.35508102,0.23942485,-0.010767017,-0.24370886,0.5359175,0.370388,0.14080694,-0.46576333,-0.044504993
2024-11-06 14:00:00,-0.14445168,-0.4159128,-0.20583594,-0.33500636,-0.21223463,0.21955305,-0.17191392,0.15464878,-0.5428209,0.35979018,-0.32665944,0.25215447,0.21448459,-0.011178575,-0.0034504607,-0.42870802,-0.22521871,0.24428293,0.39716065,0.110223755,0.0005668048,0.1506942,0.04154123,0.35543543,0.23963669,-0.010172602,-0.24321021,0.5368934,0.37100455,0.14202315,-0.4657156,-0.042975605
2024-11-06 15:00:00,-0.14834529,-0.4159449,-0.20947969,-0.33366644,-0.2134525,0.21513024,-0.1695556,0.15813515,-0.5420567,0.35520867,-0.3336072,0.2508691,0.21610542,-0.0103101805,-0.009066176,-0.43062627,-0.2213212,0.24352805,0.3992114,0.112925425,-0.0027052741,0.14788084,0.047321733,0.35720628,0.23712459,-0.008918624,-0.24252886,0.5384248,0.37431008,0.13916117,-0.46125495,-0.047797896
2024-11-06 16:00:00,-0.14902532,-0.41056406,-0.2093311,-0.32869142,-0.21233325,0.21329454,-0.16513325,0.15831268,-0.53725684,0.35060498,-0.33202112,0.24865273,0.21420197,-0.008193754,-0.012607977,-0.4281183,-0.21635133,0.24303244,0.3954599,0.11502556,-0.0021541473,0.1454905,0.048726466,0.3544918,0.23457092,-0.007601779,-0.2409576,0.53425026,0.3737532,0.13722879,-0.45626044,-0.050539292
2024-11-06 17:00:00,-0.14708968,-0.40881348,-0.20719206,-0.32643974,-0.21073334,0.2142649,-0.16380894,0.15506676,-0.53560823,0.3503814,-0.329575,0.24872604,0.21309812,-0.008034296,-0.011985753,-0.42647117,-0.21507218,0.24289936,0.39259583,0.115775436,-0.00064067915,0.14529714,0.047005024,0.35163835,0.23399167,-0.0071469136,-0.23962699,0.5308085,0.3719495,0.13916428,-0.4554062,-0.04889845
2024-11-06 18:00:00,-0.14740965,-0.41233307,-0.20754239,-0.3290909,-0.2122473,0.21549907,-0.16555312,0.15570405,-0.53963274,0.35323146,-0.3286515,0.25057793,0.21415915,-0.009168066,-0.009667836,-0.42776954,-0.21779785,0.2446591,0.39467132,0.115488164,0.00027851947,0.14675814,0.045353603,0.3520009,0.2356055,-0.008940976,-0.24143614,0.5330795,0.37336046,0.14059657,-0.45956105,-0.048501916
2024-11-06 19:00:00,-0.145463,-0.41317886,-0.20673776,-0.3299812,-0.21107925,0.21746123,-0.1661696,0.15385923,-0.5398361,0.35517928,-0.3279385,0.25113758,0.21453209,-0.009729676,-0.0078123957,-0.42800963,-0.21900201,0.24511054,0.3941021,0.11477235,0.0006873291,0.14836769,0.04403517,0.35182798,0.23656556,-0.009013649,-0.24191645,0.5329878,0.3724923,0.14203098,-0.46080112,-0.04620356
2024-11-06 20:00:00,-0.14455521,-0.41309744,-0.20617849,-0.33023953,-0.21035649,0.21719575,-0.16683812,0.15302128,-0.53930336,0.35523042,-0.32731995,0.25056186,0.2143142,-0.009954505,-0.0069120303,-0.42726445,-0.219419,0.24444062,0.39353496,0.11427334,0.0006414,0.14929973,0.043438118,0.3516765,0.23656982,-0.009242889,-0.24180833,0.53280914,0.3718247,0.14206213,-0.4606647,-0.04491905
2024-11-07 14:00:00,-0.14435522,-0.4162699,-0.20778209,-0.33174056,-0.21030463,0.2188499,-0.16734481,0.15269017,-0.5412755,0.35730818,-0.33307457,0.2516845,0.21718128,-0.010798365,-0.00736979,-0.431274,-0.22027344,0.24450728,0.39585102,0.11495456,-0.0004704427,0.1501018,0.04576465,0.35427582,0.23821452,-0.008092772,-0.24171217,0.5352797,0.3730727,0.14388081,-0.4610868,-0.043745056
2024-11-07 15:00:00,-0.14618805,-0.42489326,-0.2121681,-0.33764923,-0.21352999,0.22402108,-0.16965072,0.15579784,-0.5497916,0.36441934,-0.3408788,0.2556656,0.22309043,-0.012627728,-0.006207492,-0.44023544,-0.22509295,0.24781704,0.4032272,0.11547453,-0.00019836798,0.1529164,0.048645776,0.36012492,0.24400726,-0.008344676,-0.24450737,0.54272926,0.37758738,0.1473229,-0.4674229,-0.04364454
2024-11-07 16:00:00,-0.14606363,-0.42884552,-0.213575,-0.34090447,-0.21465112,0.22785184,-0.17106949,0.15665022,-0.55384296,0.36901334,-0.34266603,0.25744838,0.22559853,-0.013643868,-0.0041078366,-0.44405687,-0.22822082,0.24991006,0.4060521,0.11499314,0.0010213722,0.15559556,0.048906114,0.3623663,0.24789008,-0.008678917,-0.24594024,0.5457569,0.37892765,0.14988786,-0.4715715,-0.042263024
2024-11-07 17:00:00,-0.14572634,-0.43315703,-0.214542,-0.3454666,-0.21637373,0.23215047,-0.17370799,0.15790349,-0.5585325,0.3746989,-0.3421272,0.25940764,0.22755085,-0.014849663,-0.00044824928,-0.4471799,-0.23303425,0.2525475,0.40910697,0.11318582,0.0026741046,0.1591581,0.047476765,0.36465734,0.25251517,-0.01010434,-0.24816313,0.54933345,0.3800587,0.15214247,-0.47759354,-0.040652744
2024-11-07 18:00:00,-0.14576589,-0.4357614,-0.21572626,-0.3489536,-0.21765397,0.2351506,-0.17582133,0.15932128,-0.5611789,0.37832126,-0.34346452,0.26034522,0.22926469,-0.0155082345,0.0014096461,-0.4500593,-0.23652637,0.25382042,0.41153097,0.111544095,0.002824651,0.16156925,0.047571775,0.36734372,0.25572416,-0.010699715,-0.24956745,0.5525138,0.3808359,0.15303597,-0.48113817,-0.039982043
2024-11-07 19:00:00,-0.14636749,-0.43814474,-0.21682408,-0.35180157,-0.21927927,0.2371032,-0.17784303,0.1610561,-0.5639046,0.38118634,-0.34460574,0.2612426,0.23054887,-0.016098954,0.0027909465,-0.45243514,-0.23964137,0.25473297,0.4140954,0.11020289,0.0031223912,0.1631386,0.04759566,0.36982763,0.2583974,-0.011363309,-0.25071847,0.555556,0.38177407,0.1535176,-0.48418218,-0.039810047
2024-11-07 20:00:00,-0.14890294,-0.43911022,-0.2177706,-0.3521793,-0.22155182,0.23320007,-0.1788868,0.16417038,-0.5653179,0.3791175,-0.34451333,0.26109862,0.23024856,-0.016227432,0.001700595,-0.45141566,-0.23975337,0.25458074,0.41577333,0.11004023,0.00207372,0.16131054,0.047689375,0.3701835,0.25701308,-0.012334954,-0.25141692,0.55762833,0.38402116,0.15141541,-0.48422652,-0.042474255
2024-11-08 14:00:00,-0.14884475,-0.4399758,-0.21888381,-0.35159194,-0.22113477,0.23404446,-0.17766735,0.1640239,-0.5654151,0.37919185,-0.34879827,0.2623131,0.23211177,-0.016186945,-0.00024994463,-0.45387805,-0.23858005,0.25505477,0.4164604,0.11095407,0.0009776838,0.16005816,0.049923737,0.37148416,0.2569683,-0.010560956,-0.25130036,0.55820423,0.38486418,0.15194353,-0.4829813,-0.042961754
2024-11-08 15:00:00,-0.14947078,-0.44274372,-0.21985507,-0.35249555,-0.22204642,0.23437825,-0.17809594,0.16442707,-0.5682093,0.38049704,-0.35128814,0.2639735,0.23395069,-0.01674541,-0.0003438741,-0.45596898,-0.23900473,0.25570682,0.41844302,0.111865945,0.0010889396,0.15982476,0.05087832,0.37250513,0.25778833,-0.010374267,-0.25171274,0.5596923,0.38637862,0.15318039,-0.48424554,-0.043046378
2024-11-08 16:00:00,-0.14857757,-0.4439848,-0.21962959,-0.35341668,-0.22176166,0.23605055,-0.17838146,0.16375828,-0.5694047,0.38239172,-0.35050923,0.26490346,0.23457675,-0.017121546,0.0011172853,-0.45649946,-0.23977187,0.25669962,0.41856325,0.11163057,0.0020650495,0.16099545,0.05022363,0.37237287,0.25903353,-0.0104586,-0.25227773,0.5597355,0.38618612,0.15458196,-0.48595977,-0.041725747
2024-11-08 17:00:00,-0.14764997,-0.44437075,-0.21958607,-0.35487872,-0.22144328,0.23861572,-0.17898639,0.16339925,-0.5697296,0.38453183,-0.35004872,0.26510093,0.23504667,-0.01722648,0.002642516,-0.45741224,-0.24118096,0.25731787,0.4186253,0.11069059,0.0027138796,0.16299775,0.049983274,0.37312055,0.26083252,-0.01060221,-0.2527434,0.56000906,0.38536444,0.15542713,-0.48761237,-0.040489852
2024-11-08 18:00:00,-0.1464415,-0.4434691,-0.21807635,-0.3557467,-0.22116117,0.23951104,-0.180269,0.16266006,-0.5691398,0.38570753,-0.34593266,0.26430258,0.23345305,-0.01735653,0.0052030496,-0.4554885,-0.24289924,0.25710273,0.41754073,0.108857006,0.0039262194,0.1647618,0.047528546,0.37243402,0.261924,-0.011652838,-0.25268364,0.5592028,0.3835972,0.15551847,-0.48921183,-0.03874875
2024-11-08 19:00:00,-0.14661878,-0.44615537,-0.21851403,-0.35813594,-0.22236024,0.23967722,-0.18253328,0.16350901,-0.5715637,0.38757014,-0.3463349,0.26511872,0.2343746,-0.018182002,0.006724771,-0.4564606,-0.24534869,0.25753233,0.41952628,0.10765007,0.0035121813,0.16554388,0.046754252,0.37372822,0.26321933,-0.012296867,-0.25355324,0.5618126,0.38461363,0.15604973,-0.49174273,-0.038060687
2024-11-08 20:00:00,-0.14857776,-0.4512933,-0.22221237,-0.36251628,-0.22486506,0.24337533,-0.18411542,0.16689476,-0.57663554,0.3919318,-0.35286683,0.26769575,0.23861723,-0.018839411,0.0066104047,-0.46316206,-0.24876377,0.25975823,0.42498207,0.10729466,0.0027648266,0.16708416,0.049855452,0.37892443,0.26695058,-0.012156602,-0.2559347,0.5676237,0.387712,0.15700904,-0.49551332,-0.03933601
2024-11-11 14:00:00,-0.14981331,-0.45820683,-0.22550887,-0.36593056,-0.22681944,0.24671271,-0.18560672,0.16805291,-0.58273715,0.39658457,-0.36230284,0.27124903,0.24402632,-0.020257898,0.00604615,-0.47099495,-0.2513464,0.2612676,0.43079746,0.10854722,0.0016889591,0.16764309,0.053447526,0.38381228,0.27048042,-0.010771584,-0.25660074,0.5730377,0.39104348,0.1604236,-0.4985627,-0.0389202
2024-11-11 15:00:00,-0.15215424,-0.4630453,-0.22837165,-0.36864018,-0.22906114,0.24810281,-0.18641496,0.17062688,-0.5878644,0.3992373,-0.36757293,0.27338448,0.24737774,-0.021088608,0.0057639442,-0.47588807,-0.25294635,0.26280034,0.43526542,0.10966276,0.0016205311,0.16824222,0.056256074,0.38689464,0.27289906,-0.010788683,-0.25793064,0.57711846,0.3940754,0.16208786,-0.5013383,-0.039913192
2024-11-11 16:00:00,-0.15304317,-0.4661613,-0.22995546,-0.37144756,-0.2307273,0.2513356,-0.18701324,0.1725668,-0.5914674,0.40295082,-0.3677713,0.27519915,0.24920465,-0.021519803,0.0073307864,-0.478706,-0.25537384,0.26559788,0.43772823,0.10927616,0.0031354167,0.1702799,0.056229275,0.38835377,0.2761196,-0.011601936,-0.26000074,0.57963675,0.3956624,0.16362783,-0.5053462,-0.04015954
2024-11-11 17:00:00,-0.15219256,-0.46387243,-0.22865784,-0.3720821,-0.23066588,0.25299296,-0.18726934,0.17265502,-0.59001875,0.40391824,-0.36209995,0.27428302,0.24704812,-0.021060653,0.009546671,-0.4762897,-0.25666147,0.2664335,0.43586713,0.10724917,0.0047836658,0.17217407,0.053593908,0.38716006,0.27722037,-0.013013553,-0.26064575,0.5781402,0.39387232,0.16284043,-0.50696903,-0.039809577
2024-11-11 18:00:00,-0.153448,-0.46150142,-0.22882438,-0.37203705,-0.23160483,0.25186756,-0.18754883,0.17442581,-0.58848166,0.40211603,-0.3611973,0.27296984,0.24574544,-0.020291217,0.00842477,-0.47516024,-0.25694948,0.2657107,0.43557966,0.10629943,0.003914984,0.17147262,0.05380327,0.38745266,0.27640134,-0.013699587,-0.26056322,0.57845056,0.3936013,0.16037212,-0.50609136,-0.04198374
2024-11-11 19:00:00,-0.15259355,-0.45822573,-0.2265237,-0.37049025,-0.23115592,0.2507029,-0.18774626,0.17357978,-0.5861387,0.40081885,-0.35567054,0.27182585,0.24244808,-0.019939214,0.009371381,-0.47114944,-0.25692356,0.26490805,0.4331804,0.10492435,0.0048842877,0.17072167,0.050589543,0.38539103,0.27524957,-0.014563348,-0.25990412,0.5760507,0.39151886,0.15884343,-0.50547326,-0.041732103
2024-11-11 20:00:00,-0.15203363,-0.46097404,-0.22667617,-0.3728884,-0.23206328,0.2525252,-0.18992202,0.1735658,-0.5888511,0.40382925,-0.35623947,0.27359277,0.24350779,-0.02077096,0.011158343,-0.47288525,-0.25959367,0.2657292,0.43526828,0.1036995,0.004838934,0.17146571,0.049567234,0.3869538,0.27686337,-0.014951687,-0.26095575,0.57822466,0.39196837,0.1599555,-0.5085933,-0.040627368
2024-11-12 14:00:00,-0.15248367,-0.46648788,-0.22852957,-0.37549263,-0.23316501,0.253228,-0.19204845,0.17388242,-0.5934321,0.40651968,-0.36277413,0.27617982,0.24732171,-0.022156172,0.011203516,-0.47757256,-0.2613895,0.26603588,0.43948042,0.104251,0.003199337,0.17125711,0.051676583,0.3901799,0.27828225,-0.013944712,-0.26156923,0.58240443,0.39431673,0.16213745,-0.5106557,-0.03968422
2024-11-12 15:00:00,-0.15420517,-0.4705966,-0.23145089,-0.37780565,-0.234425,0.2549499,-0.19239552,0.17597803,-0.5972577,0.4087463,-0.36918175,0.2780538,0.25095937,-0.022648096,0.0102974735,-0.48277682,-0.2623459,0.267089,0.44343776,0.105238274,0.002465088,0.17182334,0.055454653,0.3937856,0.28029132,-0.013145532,-0.26271734,0.5861179,0.3967038,0.16335562,-0.5121745,-0.04042303
2024-11-12 16:00:00,-0.15549353,-0.47241467,-0.23315662,-0.37988973,-0.23587482,0.25786167,-0.1925185,0.17821947,-0.5997288,0.41146123,-0.3700788,0.27914265,0.25245005,-0.022569872,0.010918032,-0.48550922,-0.26407075,0.2690307,0.44557804,0.10502274,0.0037017297,0.17363152,0.05655073,0.3956922,0.28308743,-0.013622265,-0.26415733,0.588079,0.39776123,0.16401924,-0.5148442,-0.04124499
2024-11-12 17:00:00,-0.15614,-0.47218293,-0.23345637,-0.3808393,-0.23682238,0.25919378,-0.19281064,0.17939165,-0.60012233,0.4124153,-0.36898857,0.27920207,0.25222307,-0.02233231,0.011423256,-0.4858417,-0.26522222,0.26983187,0.4459741,0.10431029,0.004307827,0.17445573,0.0562328,0.39608324,0.28430018,-0.014263291,-0.2646365,0.5885759,0.39770615,0.16386393,-0.5162367,-0.04193636
2024-11-12 18:00:00,-0.15729764,-0.46833557,-0.23271078,-0.37838036,-0.23681577,0.2557921,-0.1917705,0.18012348,-0.59704727,0.40816912,-0.3674039,0.27716783,0.24980675,-0.021407448,0.009179201,-0.48276222,-0.2630819,0.26814252,0.44406468,0.104578316,0.0033231787,0.17209192,0.056481894,0.394484,0.28149524,-0.014371809,-0.2633487,0.58678234,0.3969164,0.1612165,-0.51298064,-0.04414241
2024-11-12 19:00:00,-0.15936127,-0.46929085,-0.23269975,-0.3776489,-0.23864107,0.25152788,-0.1920369,0.18187457,-0.5985512,0.40599397,-0.36523265,0.27778062,0.24877258,-0.021729805,0.008314889,-0.48044556,-0.26249087,0.26854324,0.44482297,0.10524121,0.0030370709,0.16922425,0.054694567,0.39294273,0.2792155,-0.015666079,-0.26411054,0.5876164,0.39914307,0.15972766,-0.51306796,-0.04658494
2024-11-12 20:00:00,-0.15799296,-0.46726948,-0.23198351,-0.37541652,-0.23676361,0.25139478,-0.18994424,0.18020779,-0.5959992,0.40434518,-0.3649329,0.27800697,0.24841435,-0.02116184,0.006890092,-0.47931135,-0.25995234,0.2687676,0.4425438,0.10590939,0.0024830159,0.16779272,0.054736424,0.39150408,0.27728066,-0.014441695,-0.26399234,0.5852564,0.39833823,0.15910348,-0.51062095,-0.046813868
2024-11-13 14:00:00,-0.15743119,-0.46843106,-0.23257124,-0.37539798,-0.23616974,0.2526873,-0.18949816,0.17901394,-0.5964946,0.40513143,-0.36835232,0.27908066,0.2501275,-0.02121351,0.006011229,-0.48157012,-0.25951147,0.26870865,0.44321167,0.10708337,0.0020067338,0.16777961,0.05622756,0.39247757,0.27748993,-0.013442155,-0.26369712,0.58539504,0.3985017,0.1602408,-0.51018834,-0.046315297
2024-11-13 15:00:00,-0.16053775,-0.4724303,-0.23487961,-0.37683403,-0.23871528,0.2502354,-0.19019741,0.18173471,-0.6006419,0.404927,-0.3716215,0.28049406,0.2521362,-0.021843217,0.004771251,-0.48360902,-0.25990787,0.26931825,0.4469384,0.10879023,0.0011490416,0.1665824,0.057636146,0.39378625,0.27712485,-0.01441459,-0.26492575,0.58879197,0.40222812,0.16001752,-0.5115341,-0.048769645
2024-11-13 16:00:00,-0.1606201,-0.47122508,-0.23420534,-0.3751284,-0.23832087,0.24821386,-0.18860245,0.18194336,-0.5994654,0.40301943,-0.36751226,0.2802336,0.2506783,-0.021392249,0.004518185,-0.48059273,-0.25810003,0.27024412,0.44505692,0.109304346,0.0019441284,0.16555728,0.055696014,0.3910547,0.27514297,-0.015173089,-0.26577276,0.5870965,0.40271312,0.1587876,-0.5107348,-0.049879506
2024-11-13 17:00:00,-0.16003855,-0.46936542,-0.23373425,-0.37415695,-0.23766656,0.24820694,-0.18732539,0.18179587,-0.5974983,0.4020488,-0.36433482,0.27997655,0.24967892,-0.020524494,0.004311938,-0.47862875,-0.25709575,0.27122426,0.44314265,0.10911569,0.0023196284,0.16561258,0.054345507,0.38951576,0.27400768,-0.015834536,-0.26667312,0.58547765,0.40248,0.15729535,-0.5100885,-0.05093237
2024-11-13 18:00:00,-0.15873516,-0.4699579,-0.23357934,-0.3750754,-0.23725908,0.25082755,-0.18766943,0.18068978,-0.5977016,0.404255,-0.36378154,0.2809585,0.25025398,-0.020464793,0.0053598396,-0.47957027,-0.2584821,0.2722079,0.4432065,0.10863628,0.0029919762,0.16697273,0.053128015,0.3899198,0.27522048,-0.01616219,-0.26747003,0.5855677,0.40213117,0.15803099,-0.5115159,-0.050039582
2024-11-13 19:00:00,-0.15793887,-0.46805328,-0.23298648,-0.3754192,-0.23667906,0.25267655,-0.1879705,0.1802248,-0.5962188,0.40499192,-0.36222532,0.2800794,0.24917974,-0.019908182,0.006212529,-0.47926605,-0.25954163,0.27172932,0.44240892,0.10762057,0.0035935547,0.16846064,0.05255432,0.39039898,0.27594417,-0.016724598,-0.26743084,0.5847469,0.4004008,0.15733427,-0.5117431,-0.0495281
2024-11-13 20:00:00,-0.15736422,-0.46591687,-0.23204142,-0.3739063,-0.2356727,0.2516913,-0.18799472,0.17881665,-0.5938893,0.4032276,-0.363139,0.27855617,0.2481031,-0.019711845,0.0052612834,-0.47844338,-0.25876313,0.26944596,0.44133866,0.10779214,0.0027379561,0.16765536,0.053029966,0.39016554,0.27478483,-0.015947472,-0.2654219,0.5834299,0.39873725,0.15699452,-0.5093279,-0.048773803
2024-11-14 14:00:00,-0.15823412,-0.46526873,-0.2324673,-0.3717221,-0.2350099,0.24916503,-0.18683621,0.17805064,-0.5927116,0.40029827,-0.36839074,0.27749467,0.24845438,-0.019767605,0.0020963065,-0.4794349,-0.25622922,0.26695007,0.4415884,0.10982024,0.00058676675,0.16519628,0.05625278,0.3906743,0.27280846,-0.014178123,-0.26286167,0.58292776,0.39876303,0.1569746,-0.505491,-0.049166165
2024-11-14 15:00:00,-0.16193068,-0.4709099,-0.2363115,-0.37462467,-0.23849659,0.2504284,-0.18732268,0.18230268,-0.5991835,0.40322337,-0.3735194,0.28006268,0.25206387,-0.020469874,0.0013437532,-0.48496783,-0.25821823,0.2695066,0.447222,0.11140249,0.0008435454,0.16534235,0.058932114,0.39389318,0.27548593,-0.014880557,-0.2650905,0.58816713,0.40336907,0.15818468,-0.50920105,-0.051739782
2024-11-14 16:00:00,-0.16007632,-0.467655,-0.23429477,-0.37276042,-0.23686539,0.2515757,-0.18586741,0.18052891,-0.596466,0.40295532,-0.3680198,0.27919158,0.24969085,-0.019930348,0.0026389845,-0.48195958,-0.25711566,0.2701803,0.44370246,0.11084649,0.0028065722,0.16599105,0.056404557,0.39089236,0.2752028,-0.015019637,-0.26475802,0.5845631,0.40115017,0.15842699,-0.5087017,-0.050641797
2024-11-14 17:00:00,-0.15918574,-0.45937794,-0.23155904,-0.3693065,-0.23498346,0.249701,-0.1841253,0.17965356,-0.5894441,0.39834276,-0.36114535,0.27517048,0.24461956,-0.018008001,0.0020581149,-0.47576296,-0.25447825,0.26808757,0.43796277,0.109649874,0.0031117126,0.16554894,0.054837044,0.38744795,0.2722638,-0.015653428,-0.26309177,0.57915854,0.39716613,0.15475738,-0.5046329,-0.0517949
2024-11-14 18:00:00,-0.15843406,-0.45376003,-0.22850966,-0.3659044,-0.23385863,0.24616918,-0.18365224,0.17801452,-0.5845073,0.39406592,-0.35524482,0.27242422,0.2400973,-0.017237328,0.0016939566,-0.46970624,-0.25258905,0.2656834,0.43382126,0.10893037,0.003135277,0.16349328,0.051763903,0.383776,0.26890245,-0.01623341,-0.26110867,0.5750924,0.39440238,0.15233237,-0.50123894,-0.0520316
2024-11-14 19:00:00,-0.15692277,-0.4497103,-0.22571957,-0.36355126,-0.23232447,0.24418887,-0.18341936,0.17604578,-0.58087415,0.39157408,-0.35030818,0.27075896,0.2365941,-0.016856253,0.0022176243,-0.46508121,-0.25133908,0.26403543,0.4304071,0.10792225,0.003307987,0.16227558,0.048987094,0.3810132,0.26642987,-0.016505208,-0.2599818,0.5717084,0.3917319,0.15082759,-0.4991333,-0.051263064
2024-11-14 20:00:00,-0.15737474,-0.44511378,-0.22468334,-0.36071074,-0.23143308,0.24052793,-0.18232235,0.17620152,-0.57668585,0.38683987,-0.3487177,0.26834306,0.23393787,-0.015692294,-8.704886e-05,-0.46146804,-0.248593,0.26173154,0.42793548,0.10800739,0.0019297171,0.15990171,0.049478415,0.37945914,0.26296282,-0.01624846,-0.25861377,0.56919855,0.39021358,0.14756575,-0.4949225,-0.053050086
2024-11-15 14:00:00,-0.15628953,-0.44155365,-0.22310364,-0.35649514,-0.22907607,0.23786819,-0.18029025,0.17336279,-0.5723221,0.3827146,-0.35008192,0.266763,0.2324896,-0.015146308,-0.0029010773,-0.459355,-0.24466473,0.25884214,0.42497796,0.10949046,0.0006003957,0.15697998,0.050589558,0.3776065,0.25959948,-0.014016535,-0.25561747,0.56550616,0.38814592,0.14709735,-0.48954618,-0.05253531
2024-11-15 15:00:00,-0.15929341,-0.4427094,-0.22466856,-0.35478604,-0.23039685,0.23261449,-0.1791486,0.17501462,-0.5732707,0.37887517,-0.35379058,0.2665716,0.23314808,-0.015191317,-0.006372459,-0.45922416,-0.24151883,0.25764993,0.42653823,0.112312675,-0.0014635716,0.15348089,0.05321851,0.37728745,0.25646588,-0.013676744,-0.2549056,0.56611305,0.39095962,0.1457196,-0.4869076,-0.055557303
2024-11-15 16:00:00,-0.15722364,-0.43963766,-0.22269335,-0.3492657,-0.22659512,0.22962588,-0.17496222,0.17042547,-0.56841487,0.37432435,-0.3546581,0.26531875,0.23210122,-0.0147682205,-0.009155456,-0.4564004,-0.2352274,0.25554115,0.42179525,0.11517578,-0.0024646278,0.15041481,0.054255527,0.37326944,0.25210264,-0.010734748,-0.2518515,0.5605721,0.38930395,0.14661145,-0.48070306,-0.05406712
2024-11-15 17:00:00,-0.15506665,-0.43025053,-0.21954316,-0.34277672,-0.22197054,0.22734281,-0.1702817,0.1667828,-0.55917233,0.36798945,-0.34947202,0.2606096,0.22749515,-0.012245163,-0.011205133,-0.4500373,-0.22864395,0.2525062,0.41362464,0.11636595,-0.001659045,0.14976948,0.054752614,0.3681465,0.24766532,-0.009284865,-0.24863195,0.551901,0.38419676,0.1445691,-0.47329372,-0.053666018
2024-11-15 18:00:00,-0.15176685,-0.4222108,-0.2146798,-0.33725017,-0.21774875,0.22529751,-0.16781981,0.16132495,-0.5510178,0.36331123,-0.34214383,0.2564527,0.22230552,-0.010912083,-0.010650791,-0.4425385,-0.22462109,0.24926467,0.4058112,0.11639268,-0.00020859204,0.14948191,0.051713873,0.3619727,0.2441163,-0.008591261,-0.24486455,0.54369414,0.3786312,0.14438972,-0.4677794,-0.05093202
2024-11-15 19:00:00,-0.14943916,-0.41530976,-0.21126056,-0.3330564,-0.21411662,0.22352627,-0.16591385,0.15738401,-0.5438677,0.35908046,-0.3381305,0.2524245,0.21817876,-0.00975173,-0.010968398,-0.43729556,-0.22136652,0.24590114,0.39980322,0.11628056,-6.615929e-05,0.14941081,0.05066299,0.35818917,0.24117166,-0.007876184,-0.24168406,0.53768003,0.37382144,0.14361428,-0.46259087,-0.049046524
2024-11-15 20:00:00,-0.1490971,-0.41257125,-0.20904809,-0.33068693,-0.21336566,0.21951786,-0.16575499,0.15599439,-0.54124045,0.35568318,-0.3338906,0.25017643,0.21517096,-0.009736665,-0.010524239,-0.4324277,-0.21983978,0.24398875,0.3970964,0.11629688,0.00013497658,0.14830376,0.04823206,0.35472625,0.23849073,-0.0086325,-0.24033894,0.535093,0.3726588,0.1426791,-0.46031952,-0.048481487
2024-11-18 14:00:00,-0.14796545,-0.41341606,-0.20869455,-0.3301391,-0.21234463,0.21887687,-0.16540247,0.15450457,-0.5409702,0.35545167,-0.3346762,0.25042346,0.21561624,-0.010273807,-0.010403153,-0.43222576,-0.21910107,0.24391095,0.39652514,0.11668298,-0.00044167787,0.14800705,0.047887754,0.35395586,0.23779708,-0.008018594,-0.24023208,0.5348536,0.3729822,0.14358167,-0.45955017,-0.047189437
2024-11-18 15:00:00,-0.14780706,-0.4147161,-0.20854047,-0.33030206,-0.21260072,0.21693593,-0.16577655,0.15480664,-0.5419026,0.35497686,-0.3327161,0.25071853,0.2156143,-0.01068341,-0.009483073,-0.4307642,-0.2189756,0.24443555,0.39644337,0.11668636,-0.00012165867,0.1479814,0.04645442,0.3527946,0.2370185,-0.008818861,-0.24126032,0.5351721,0.3742207,0.14332631,-0.46022415,-0.047061004
2024-11-18 16:00:00,-0.14728487,-0.4160918,-0.208695,-0.33143008,-0.21301045,0.2170251,-0.16624606,0.15570045,-0.54299074,0.35593453,-0.33000046,0.2515979,0.21595879,-0.0107866675,-0.008068029,-0.43002677,-0.21991074,0.24626565,0.39649147,0.11580109,0.00054871105,0.14894249,0.044616904,0.35241735,0.23736623,-0.009920847,-0.24325904,0.5359816,0.3754139,0.14281644,-0.4622032,-0.04721529
2024-11-18 17:00:00,-0.14560017,-0.41207147,-0.20703858,-0.3301314,-0.2114373,0.21712849,-0.16553473,0.1550025,-0.53908986,0.35456008,-0.32496876,0.2500106,0.21370684,-0.00953678,-0.0074150823,-0.42648107,-0.2192657,0.24609816,0.393031,0.11420759,0.0012674127,0.14976922,0.042689968,0.35090232,0.23643562,-0.0104639195,-0.2433935,0.53309643,0.37321067,0.14058939,-0.4609114,-0.047162436
2024-11-18 18:00:00,-0.14356257,-0.40963638,-0.20506221,-0.33027053,-0.21037833,0.21888727,-0.1665087,0.15357953,-0.5370597,0.35551375,-0.3209419,0.24919882,0.21185966,-0.009096436,-0.0054308325,-0.42446393,-0.22088349,0.245558,0.39112687,0.11207329,0.0024393052,0.15126646,0.040186297,0.35056388,0.23723453,-0.011134919,-0.24304242,0.5313584,0.37054878,0.13998401,-0.4615491,-0.045535557
2024-11-18 19:00:00,-0.14264286,-0.40677613,-0.20345876,-0.33050328,-0.20983456,0.21958157,-0.16784352,0.15328205,-0.5350359,0.35556933,-0.31804448,0.2476244,0.20972483,-0.0086667165,-0.0041503757,-0.4225921,-0.22245604,0.24409898,0.38988024,0.10992143,0.002881458,0.15221502,0.038801547,0.3508854,0.23768899,-0.011749726,-0.2422934,0.53025866,0.36789498,0.13861254,-0.46165636,-0.044620223
2024-11-18 20:00:00,-0.14272252,-0.4097071,-0.20314503,-0.33319515,-0.21140637,0.22009942,-0.17106412,0.15403712,-0.5383161,0.358287,-0.31726933,0.24878871,0.20982923,-0.00987336,-0.0017518327,-0.42331135,-0.22609383,0.24429253,0.39241666,0.10811104,0.003169015,0.15285845,0.03693555,0.3524128,0.23946932,-0.012884457,-0.24292172,0.532949,0.36828342,0.13935816,-0.46532238,-0.043258086
2024-11-19 14:00:00,-0.14258264,-0.41520452,-0.20517504,-0.3358873,-0.211879,0.22202739,-0.17306834,0.15398636,-0.54242027,0.361708,-0.3254217,0.25127867,0.21407525,-0.011463672,-0.0018230714,-0.4291106,-0.22795945,0.24439225,0.39669263,0.10842602,0.0013237968,0.15300849,0.039932664,0.35639042,0.2416865,-0.01101641,-0.24310686,0.5372556,0.3701368,0.14217651,-0.46702158,-0.04144469
2024-11-19 15:00:00,-0.14499918,-0.42124814,-0.2075778,-0.33751714,-0.21391647,0.21851656,-0.17460068,0.15610147,-0.5475822,0.36181268,-0.33061317,0.2533209,0.21722253,-0.01307451,-0.0025541857,-0.43172133,-0.22788873,0.24464041,0.40103662,0.11012035,-0.00020041503,0.1513769,0.042169977,0.35815534,0.24152207,-0.010568399,-0.24391659,0.5413595,0.37434065,0.14330122,-0.46813095,-0.042117752
2024-11-19 16:00:00,-0.14590263,-0.41964114,-0.20727953,-0.33455008,-0.21341388,0.21302459,-0.17224294,0.15749872,-0.54527146,0.35686082,-0.3268834,0.2522531,0.21571304,-0.012209259,-0.0041239597,-0.42714703,-0.22356024,0.24490497,0.3983794,0.11111586,-0.00050706975,0.14895903,0.041826297,0.35477707,0.23749974,-0.0103963725,-0.2444699,0.5390155,0.37551138,0.14090851,-0.46523318,-0.044270217
2024-11-19 17:00:00,-0.14314833,-0.41364172,-0.20476761,-0.33069724,-0.21006502,0.21310753,-0.16888824,0.15493149,-0.5388167,0.35387966,-0.32113335,0.25047037,0.21303825,-0.010205425,-0.004572302,-0.42221993,-0.21977404,0.24487707,0.39210612,0.11065285,0.0004987251,0.14885671,0.040402416,0.35095358,0.23523259,-0.009559672,-0.24373204,0.532909,0.37227687,0.13928846,-0.46156824,-0.043916725
2024-11-19 18:00:00,-0.14079979,-0.41100162,-0.202732,-0.32936275,-0.20799862,0.21384528,-0.1685347,0.15194422,-0.5356937,0.35336915,-0.31888276,0.24955377,0.21187334,-0.009512819,-0.0037966594,-0.42006928,-0.21906105,0.24368277,0.389063,0.1101878,0.0011286829,0.14962004,0.03919525,0.34935275,0.23479375,-0.009238865,-0.24233574,0.5297357,0.3695435,0.1395557,-0.46014452,-0.042035423
2024-11-19 19:00:00,-0.14077625,-0.41068056,-0.20270035,-0.32939732,-0.20766003,0.21352062,-0.16895899,0.15154156,-0.53518707,0.35300955,-0.31994778,0.24897945,0.21197973,-0.009469874,-0.003941469,-0.42022532,-0.21916485,0.24266544,0.3891104,0.110295765,0.000759745,0.14990778,0.039746676,0.34978476,0.23478517,-0.009168807,-0.24165565,0.5297892,0.36899617,0.1394552,-0.45947772,-0.041605853
2024-11-19 20:00:00,-0.13979499,-0.40794244,-0.20176187,-0.32730132,-0.20572574,0.21331002,-0.16783793,0.14967391,-0.53208476,0.35135707,-0.32080352,0.24730545,0.21109755,-0.008979373,-0.004880529,-0.41938865,-0.21742007,0.24075133,0.3870561,0.110751614,0.0005375687,0.14968245,0.040730584,0.34911937,0.23397341,-0.007889476,-0.23965544,0.52752113,0.36690983,0.13958016,-0.45644486,-0.04041343
2024-11-20 14:00:00,-0.13900894,-0.40823027,-0.20139149,-0.32701015,-0.20488833,0.2142404,-0.16792922,0.1481035,-0.53212845,0.3520957,-0.32259744,0.24706459,0.21152921,-0.009412937,-0.0045625903,-0.42039078,-0.21738946,0.23984635,0.3870092,0.111222796,0.0007773321,0.15023735,0.04145954,0.34932142,0.23479977,-0.0070301406,-0.2383191,0.52713996,0.3660526,0.14139599,-0.4560112,-0.03849949
2024-11-20 15:00:00,-0.14583893,-0.40461922,-0.20502406,-0.32493347,-0.2085479,0.20701647,-0.16540742,0.15621164,-0.5300083,0.34462205,-0.3231798,0.2437343,0.2096126,-0.0069462433,-0.010771278,-0.41823798,-0.21330279,0.23970155,0.38830936,0.11323196,-0.0016949419,0.14667761,0.045355584,0.3495424,0.23019671,-0.008245792,-0.2392136,0.528147,0.36970925,0.13407478,-0.45185155,-0.048049606
2024-11-20 16:00:00,-0.14524756,-0.39719218,-0.20276973,-0.3176285,-0.20622228,0.20389146,-0.16030434,0.15386558,-0.52256936,0.3381423,-0.3193975,0.24156174,0.20580398,-0.004864,-0.0146231055,-0.41318148,-0.20703271,0.23843133,0.3822046,0.11524291,-0.0016316902,0.14210126,0.0442951,0.34448183,0.22547603,-0.0065460317,-0.23670053,0.5215158,0.36772516,0.13213229,-0.44507924,-0.05023074
2024-11-20 17:00:00,-0.14514679,-0.38735002,-0.19848403,-0.30983883,-0.20405062,0.19652063,-0.15640984,0.15204057,-0.51388496,0.32869893,-0.3094712,0.23745027,0.19884697,-0.0021819696,-0.016979497,-0.40251726,-0.2004152,0.2356785,0.37410432,0.11628702,-0.0012493413,0.13776624,0.040822957,0.3367524,0.21780273,-0.007416304,-0.23435175,0.5127857,0.3642797,0.12739389,-0.43814212,-0.0530897
2024-11-20 18:00:00,-0.14220995,-0.37792137,-0.19289708,-0.30364352,-0.20005308,0.19374561,-0.15346657,0.14740956,-0.5051896,0.3228511,-0.29917565,0.23428977,0.19223721,-2.2478402e-05,-0.016955659,-0.39315313,-0.1962502,0.23330536,0.36550254,0.11550083,-3.1895936e-05,0.13569267,0.036089685,0.32991624,0.21246539,-0.007862378,-0.2320728,0.5038415,0.35854277,0.12473633,-0.4329205,-0.0524664
2024-11-20 19:00:00,-0.13996983,-0.37236452,-0.1894528,-0.3021626,-0.19776408,0.19515051,-0.15335771,0.14447594,-0.50075334,0.32198504,-0.29353315,0.23244625,0.1884146,0.0010737404,-0.015566979,-0.38910806,-0.19657937,0.2314678,0.3614701,0.11357627,0.0010127947,0.13635527,0.033230927,0.3279242,0.21132827,-0.008693393,-0.23087388,0.49951172,0.35375944,0.12332566,-0.43160778,-0.051104017
2024-11-20 20:00:00,-0.13876832,-0.3698415,-0.18620571,-0.29980874,-0.19604222,0.19086932,-0.15436044,0.14140376,-0.49771184,0.31862843,-0.289953,0.23064283,0.18514405,0.000912711,-0.014956936,-0.3839051,-0.19557193,0.22812587,0.3587976,0.11309831,0.00040639937,0.13458225,0.030458923,0.32471105,0.20783599,-0.009123404,-0.22873747,0.49655837,0.351095,0.12259181,-0.42889696,-0.048985936
2024-11-21 14:00:00,-0.13781375,-0.36880082,-0.1846857,-0.2963707,-0.19344296,0.18525378,-0.15356117,0.13863182,-0.49465618,0.3141611,-0.29041862,0.22940433,0.18403743,0.0006727949,-0.016272355,-0.38029188,-0.19174844,0.22526373,0.3564874,0.11431869,-0.0015945695,0.13179675,0.030437406,0.32191816,0.20340654,-0.007613439,-0.22694644,0.49404138,0.35036698,0.12212848,-0.42406046,-0.047317386
2024-11-21 15:00:00,-0.14117208,-0.36170673,-0.18528342,-0.28780162,-0.19197987,0.17145815,-0.14802304,0.14209348,-0.4852012,0.30015096,-0.286013,0.22413242,0.17978707,0.0040182024,-0.022903021,-0.3705849,-0.18064684,0.22285686,0.35115254,0.11757963,-0.0051978733,0.12539767,0.031574916,0.3161311,0.19235507,-0.0065778606,-0.22620377,0.4882727,0.35188732,0.11372263,-0.41339535,-0.054171436
2024-11-21 16:00:00,-0.14209938,-0.34916016,-0.18309948,-0.27502167,-0.18855469,0.1597233,-0.13922046,0.14329365,-0.4710262,0.28454557,-0.27471375,0.21858947,0.17302586,0.009636588,-0.029272739,-0.3573687,-0.16731206,0.22167587,0.33988112,0.12071475,-0.0068862587,0.11817007,0.029269572,0.3064803,0.18004867,-0.005559426,-0.22511318,0.47724727,0.35095465,0.104666054,-0.40146452,-0.06126953
2024-11-21 17:00:00,-0.1374338,-0.3329057,-0.17528206,-0.2622367,-0.18058573,0.15530291,-0.13162637,0.13559443,-0.45434266,0.27307573,-0.26213586,0.21333656,0.16434021,0.015287645,-0.03233184,-0.3438921,-0.15693656,0.21730502,0.3243804,0.12153661,-0.005715398,0.11426866,0.025330286,0.2960042,0.17070027,-0.004293587,-0.22063527,0.46103433,0.34202653,0.1002202,-0.38944083,-0.061303623
2024-11-21 18:00:00,-0.13360716,-0.32346058,-0.16814402,-0.255803,-0.17516653,0.15296394,-0.12944272,0.12814063,-0.44530213,0.2675646,-0.2533383,0.20996423,0.15779732,0.017820284,-0.03167319,-0.33449006,-0.15335622,0.21246728,0.31514984,0.121014155,-0.004015334,0.11315651,0.021288972,0.28908312,0.16550662,-0.004884895,-0.21634558,0.45060307,0.3341657,0.09922022,-0.3833826,-0.05817572
2024-11-21 19:00:00,-0.12961547,-0.3170603,-0.16266695,-0.2526663,-0.17005487,0.15394884,-0.12918198,0.12132909,-0.4391728,0.26606134,-0.24951398,0.20700842,0.15350224,0.018744178,-0.03012297,-0.32961994,-0.15279552,0.20765668,0.30934483,0.11960122,-0.0026837923,0.11427347,0.019465473,0.2860291,0.16388425,-0.004564341,-0.21226993,0.44398907,0.32672113,0.10013097,-0.3793648,-0.05297081
2024-11-21 20:00:00,-0.12579148,-0.31185943,-0.15776396,-0.24957027,-0.16503929,0.15339267,-0.12948057,0.114712484,-0.43371755,0.2643266,-0.2474325,0.20340973,0.14983436,0.018757105,-0.028635234,-0.32520026,-0.15206307,0.20223108,0.3044135,0.11855729,-0.0017868448,0.11532429,0.01843619,0.28313875,0.16275972,-0.0033684634,-0.20737003,0.4384933,0.32001436,0.101953276,-0.3748789,-0.046553575
2024-11-22 14:00:00,-0.122618556,-0.3058949,-0.15439525,-0.24632274,-0.16007692,0.15357757,-0.12873805,0.10939901,-0.42743316,0.262425,-0.24794403,0.19887577,0.14711785,0.019028284,-0.02870018,-0.322581,-0.15032962,0.19695212,0.29975343,0.11793284,-0.0012555216,0.116672695,0.019849923,0.28159884,0.16267906,-0.00090878084,-0.20217678,0.4335478,0.3137289,0.10360768,-0.3692435,-0.04104601
2024-11-22 15:00:00,-0.12193617,-0.3005523,-0.15215263,-0.24173959,-0.1573165,0.14857572,-0.12724245,0.10684579,-0.42169607,0.25714687,-0.24658674,0.19428484,0.14399943,0.019345406,-0.030297067,-0.3175813,-0.14645001,0.1930427,0.29561293,0.1186362,-0.0015275814,0.115434885,0.02045701,0.27789176,0.16026105,0.0009451024,-0.19789197,0.42920512,0.31072217,0.1035259,-0.36306927,-0.038787104
2024-11-22 16:00:00,-0.12139881,-0.29960793,-0.15142709,-0.24112613,-0.15712588,0.14811358,-0.1267761,0.10660302,-0.4212957,0.2568456,-0.2445581,0.19331741,0.14310057,0.01891186,-0.02964833,-0.31633264,-0.14611,0.19337076,0.2944597,0.11826194,-0.00060819276,0.115566626,0.019733649,0.27640128,0.16080919,0.0014719777,-0.19735198,0.42845127,0.31038442,0.10450269,-0.36312124,-0.037762128
2024-11-22 17:00:00,-0.11957838,-0.2965461,-0.14882919,-0.23996101,-0.15598391,0.1473428,-0.1265495,0.10540355,-0.41906834,0.25574875,-0.23868701,0.19180737,0.14051281,0.019154362,-0.027927782,-0.31229323,-0.14606383,0.19328508,0.29100126,0.11659642,0.00068682246,0.11604051,0.016889554,0.27354065,0.1604591,0.0010523424,-0.19664976,0.42559853,0.30809575,0.10430971,-0.3631713,-0.036314785
2024-11-22 18:00:00,-0.11653036,-0.29036814,-0.1447967,-0.23763447,-0.15299445,0.14675769,-0.12628499,0.102607585,-0.41373664,0.25368354,-0.23195148,0.1888254,0.13662772,0.020140473,-0.02625639,-0.30655444,-0.14571592,0.19126351,0.28535438,0.114080824,0.0018891562,0.11679527,0.013754193,0.27031928,0.15956992,0.00096688047,-0.19460265,0.4205142,0.30312183,0.1031719,-0.36126927,-0.033811115
2024-11-22 19:00:00,-0.11427556,-0.28387582,-0.14145431,-0.23443998,-0.14978431,0.14465608,-0.12608346,0.0999274,-0.40744802,0.250237,-0.2281948,0.18518192,0.13319997,0.02121307,-0.026230127,-0.3013137,-0.1443497,0.1877075,0.2802282,0.112458296,0.0021586139,0.116638795,0.012250554,0.2676441,0.15794966,0.0017440021,-0.19158265,0.4157639,0.2982296,0.1017001,-0.35717306,-0.031552352
2024-11-22 20:00:00,-0.112301305,-0.2798785,-0.13868621,-0.23218127,-0.14729093,0.14331222,-0.1264795,0.0972558,-0.40365288,0.24841255,-0.22619307,0.18284845,0.1308264,0.021461114,-0.025708068,-0.29796493,-0.14370087,0.1845711,0.2768886,0.111218706,0.0027021691,0.11660199,0.0112182535,0.26591715,0.15727425,0.0026309602,-0.18881641,0.412481,0.29438818,0.101743296,-0.35449886,-0.028617106
2024-11-25 14:00:00,-0.11128766,-0.28125843,-0.13804436,-0.23234572,-0.14657183,0.14245763,-0.12804022,0.09570419,-0.40444976,0.24898708,-0.2278975,0.18305025,0.13129164,0.020334087,-0.024755605,-0.29821378,-0.14411071,0.18311453,0.27723157,0.110869855,0.0025388189,0.11673246,0.011489641,0.2660235,0.15781958,0.0034780018,-0.18755592,0.41295472,0.29384962,0.10361131,-0.35438913,-0.025696866
2024-11-25 15:00:00,-0.11226072,-0.2787779,-0.13918385,-0.22891171,-0.14504428,0.13793646,-0.12578866,0.09574693,-0.400176,0.24406564,-0.23189709,0.18074808,0.13140874,0.021117479,-0.028857168,-0.29713458,-0.1390965,0.18104301,0.27577013,0.112961054,0.00041893125,0.11443782,0.015199382,0.26505995,0.15511893,0.0061024763,-0.18540896,0.41132152,0.29393202,0.10250486,-0.3480769,-0.026704557
2024-11-25 16:00:00,-0.11063768,-0.27260196,-0.13679093,-0.22442584,-0.14191332,0.13739575,-0.12261821,0.093014754,-0.39458418,0.24075726,-0.22929537,0.17792165,0.12903091,0.02267446,-0.030168679,-0.29360628,-0.13517925,0.1789705,0.27039224,0.11359048,0.0018641874,0.11380236,0.015753414,0.26191172,0.15384836,0.0080511235,-0.18240935,0.40565804,0.29012784,0.102674425,-0.34335652,-0.025543004
2024-11-25 17:00:00,-0.10948767,-0.2617486,-0.13293865,-0.21800677,-0.13820802,0.13436246,-0.1189716,0.09073175,-0.38501483,0.23400429,-0.22334969,0.17230994,0.12387748,0.025422655,-0.032488085,-0.28611058,-0.13031128,0.17550044,0.26231658,0.113691315,0.002939336,0.112673745,0.015218925,0.25680006,0.15065624,0.009267669,-0.17821714,0.39743876,0.28407013,0.10018271,-0.33638504,-0.02582892
2024-11-25 18:00:00,-0.108517185,-0.25671935,-0.12915179,-0.21374314,-0.1365115,0.13014102,-0.11762573,0.08854327,-0.3805639,0.22933885,-0.21674219,0.16992134,0.11942111,0.026137803,-0.03233351,-0.27939957,-0.12795967,0.17378551,0.25736624,0.113454655,0.0037701968,0.11074985,0.011831645,0.2515562,0.14738081,0.008857083,-0.17594886,0.39252418,0.28101513,0.099411175,-0.3335809,-0.024973787
2024-11-25 19:00:00,-0.10699257,-0.25678816,-0.1272859,-0.21507938,-0.13628341,0.1318407,-0.11887336,0.08747,-0.3817183,0.23130122,-0.21325678,0.17059207,0.11817543,0.02554677,-0.029557832,-0.27829295,-0.1303212,0.17418268,0.25676066,0.11142919,0.0047856346,0.11184606,0.009180296,0.25107348,0.14829086,0.0076450296,-0.1764035,0.39207387,0.2794572,0.09997886,-0.3364567,-0.02321563
2024-11-25 20:00:00,-0.10453875,-0.25710118,-0.125229,-0.21602733,-0.13495368,0.1325067,-0.12103954,0.085209884,-0.38215408,0.23291391,-0.21094704,0.17067207,0.1173311,0.024778709,-0.026615739,-0.27691203,-0.13250676,0.17295149,0.25577992,0.109341726,0.0053313356,0.113401696,0.007026244,0.25064406,0.14915267,0.0068945587,-0.1757316,0.39151466,0.27736372,0.10096314,-0.33817786,-0.019485041
2024-11-26 14:00:00,-0.10297622,-0.2610321,-0.12586609,-0.21735378,-0.13394065,0.13254538,-0.12349045,0.08331328,-0.38440686,0.23503587,-0.2155523,0.17193192,0.11985023,0.0231877,-0.025310654,-0.27941388,-0.13363078,0.17160393,0.25750077,0.10928929,0.0043390933,0.11449739,0.008302465,0.2522537,0.15044796,0.007863089,-0.1750966,0.39385593,0.2781096,0.10350841,-0.33850756,-0.015547976
2024-11-26 15:00:00,-0.10251425,-0.26577088,-0.12779284,-0.21838619,-0.1336205,0.13164082,-0.12469931,0.08277712,-0.38723302,0.23635182,-0.22080576,0.17342831,0.12317942,0.021680493,-0.02511521,-0.2824009,-0.13323998,0.17153901,0.259717,0.11047376,0.0032701027,0.11513874,0.010735143,0.25378224,0.15151733,0.0092417225,-0.17510615,0.3966846,0.28068173,0.10593123,-0.33837482,-0.013074435
2024-11-26 16:00:00,-0.10228544,-0.2703867,-0.1296939,-0.22166334,-0.13493867,0.13396159,-0.12575088,0.08433796,-0.39149135,0.23995772,-0.22197834,0.17530847,0.12609015,0.020529501,-0.023413785,-0.28547943,-0.1350928,0.17404619,0.2621817,0.11011824,0.0038544163,0.117440045,0.011518855,0.25585315,0.15467294,0.009093214,-0.17700072,0.39988858,0.28318867,0.10766171,-0.34221977,-0.012170874
2024-11-26 17:00:00,-0.101447865,-0.27291173,-0.13070092,-0.22493698,-0.13571277,0.13768624,-0.1270968,0.085203655,-0.39415148,0.24390718,-0.2223776,0.1763098,0.1282209,0.019795947,-0.02133545,-0.2881024,-0.13783091,0.17572439,0.2636037,0.108803615,0.0046342276,0.12033008,0.011648867,0.2580553,0.15842062,0.008758251,-0.17813832,0.40201792,0.28388363,0.10891801,-0.34599608,-0.011060804
2024-11-26 18:00:00,-0.101737544,-0.2785789,-0.13252407,-0.23086758,-0.13874571,0.14201732,-0.13052845,0.08770654,-0.40037674,0.25014856,-0.22324204,0.17873162,0.13086863,0.018072676,-0.01801876,-0.2924857,-0.14346546,0.17833346,0.26816386,0.106736496,0.005307613,0.12357232,0.010922473,0.26205832,0.16349956,0.007068474,-0.1805218,0.40722877,0.28612545,0.11036235,-0.3532377,-0.010433398
2024-11-26 19:00:00,-0.10286727,-0.28394884,-0.13527474,-0.23640282,-0.14191486,0.14568733,-0.13380712,0.090942,-0.40594983,0.25550854,-0.2267093,0.18093804,0.13405696,0.016507518,-0.016172606,-0.29768902,-0.1483801,0.18045548,0.27339637,0.105151534,0.005009504,0.12588306,0.011568163,0.26680142,0.16783547,0.006207533,-0.18294851,0.41312975,0.28895715,0.111152984,-0.3589645,-0.01084777
2024-11-26 20:00:00,-0.10425162,-0.29219538,-0.13884538,-0.241848,-0.1453345,0.14875998,-0.13739511,0.093444236,-0.41359037,0.2613339,-0.23345518,0.18479744,0.13888426,0.014226362,-0.014701102,-0.30483288,-0.15269852,0.18269491,0.28029436,0.10497265,0.004273871,0.12726319,0.013351057,0.2720307,0.17192885,0.0060755797,-0.18537322,0.42035332,0.29338893,0.11368508,-0.36440668,-0.010683171
2024-11-27 14:00:00,-0.10513516,-0.29839015,-0.14216822,-0.24388243,-0.14634149,0.14956228,-0.1385926,0.09377975,-0.4181562,0.2639328,-0.24279028,0.1875845,0.14380291,0.012531288,-0.015577391,-0.31112474,-0.15283692,0.18330091,0.28490704,0.10698341,0.0026218016,0.12708865,0.017450985,0.27561224,0.17367285,0.007895011,-0.18574123,0.42496446,0.29717958,0.116660655,-0.36478072,-0.0099949315
2024-11-27 15:00:00,-0.10649261,-0.30042166,-0.14482448,-0.2451161,-0.14723769,0.1516225,-0.13765301,0.095429696,-0.42007777,0.26535124,-0.24777234,0.18827859,0.14667645,0.012281917,-0.017027684,-0.31524837,-0.15219268,0.18449044,0.28718346,0.10853472,0.0026780553,0.12784486,0.02122574,0.2780464,0.17558338,0.009046309,-0.18629329,0.42700863,0.29906824,0.11782665,-0.36481264,-0.01116287
2024-11-27 16:00:00,-0.107329756,-0.30001804,-0.14569563,-0.24582006,-0.14808004,0.15407726,-0.13665009,0.09658555,-0.42057297,0.26642784,-0.24845615,0.18804848,0.14740743,0.012448497,-0.017514743,-0.31694514,-0.15233687,0.18560213,0.28763825,0.10902366,0.003720818,0.12883964,0.022540059,0.27885392,0.1774644,0.0092541315,-0.18637887,0.42727453,0.29914972,0.11845285,-0.36556453,-0.012358986
2024-11-27 17:00:00,-0.10921177,-0.30112144,-0.14710182,-0.24717419,-0.15026048,0.15500292,-0.1365063,0.09873279,-0.42240527,0.26721293,-0.24976337,0.18857467,0.1481546,0.012182392,-0.018272541,-0.31890386,-0.153202,0.18710214,0.2896306,0.10963388,0.0037555415,0.12877317,0.023271274,0.27988642,0.17850271,0.008790851,-0.18727794,0.42926425,0.30072913,0.118558414,-0.36706147,-0.014706947
2024-11-27 18:00:00,-0.109601185,-0.3021716,-0.14680597,-0.2493682,-0.15209766,0.15719496,-0.13717371,0.100044884,-0.42495936,0.26965827,-0.2465434,0.18963502,0.14749211,0.011678457,-0.016378026,-0.31915182,-0.155969,0.18924181,0.29081708,0.108429715,0.0050719064,0.12968852,0.020983111,0.28014883,0.18027242,0.0070058666,-0.18886441,0.43042988,0.3009997,0.11863028,-0.3711533,-0.015526168
2024-11-27 19:00:00,-0.109500594,-0.30518395,-0.14711562,-0.2526676,-0.15383756,0.15951988,-0.13936675,0.10093746,-0.42853484,0.2731382,-0.2458883,0.1914382,0.14817423,0.010661438,-0.014083214,-0.3208894,-0.15964589,0.19077471,0.29328817,0.106900975,0.005297957,0.13089222,0.019293841,0.28171435,0.18232775,0.0055038966,-0.19059774,0.43317968,0.3018882,0.11920138,-0.3756832,-0.015223712
2024-11-27 20:00:00,-0.1097047,-0.30938476,-0.14856148,-0.2563812,-0.15558468,0.16206998,-0.14193252,0.10216095,-0.43275985,0.277116,-0.24830562,0.19350815,0.15026459,0.009441771,-0.012373276,-0.32444674,-0.16327286,0.19188309,0.2969944,0.10579982,0.0049596913,0.13227706,0.019284096,0.28478113,0.18482426,0.004723076,-0.19234201,0.43716273,0.30353677,0.12005196,-0.37971276,-0.014710031
2024-11-29 14:00:00,-0.110416226,-0.3144468,-0.15066501,-0.2598009,-0.15751179,0.16375248,-0.14430822,0.10370039,-0.43742475,0.28063568,-0.25216207,0.1958042,0.15307297,0.00809487,-0.011357278,-0.32856786,-0.1661191,0.19302988,0.30125082,0.105446406,0.004344633,0.1332406,0.02022611,0.28805166,0.18708085,0.004426863,-0.19395804,0.44165257,0.30609775,0.12124188,-0.38308406,-0.014387555
2024-11-29 15:00:00,-0.11349572,-0.321237,-0.15483147,-0.26392442,-0.16150685,0.16390455,-0.14610057,0.10826216,-0.44366083,0.28333387,-0.25736734,0.19893599,0.15688278,0.006783083,-0.012013953,-0.33375132,-0.16835195,0.19601578,0.3075292,0.10611409,0.0029044803,0.13300359,0.02225155,0.29204148,0.18862993,0.003955994,-0.1972548,0.44827202,0.31160802,0.12136194,-0.38679224,-0.01731056
2024-11-29 16:00:00,-0.11403754,-0.3261515,-0.15669864,-0.26701534,-0.16349186,0.16639075,-0.14696805,0.10985636,-0.44834408,0.28701952,-0.25904697,0.20207557,0.15955184,0.005910881,-0.010940671,-0.33724236,-0.17043677,0.19898099,0.3108847,0.10606743,0.0031810794,0.13368532,0.022404801,0.29418194,0.19077937,0.0035181157,-0.1998066,0.451652,0.3144779,0.12267046,-0.39076912,-0.017913267
2024-12-02 14:00:00,-0.114439994,-0.3295068,-0.15838516,-0.26905054,-0.16450118,0.16771707,-0.14767155,0.110721864,-0.45112222,0.28908524,-0.26194745,0.20400965,0.16206838,0.0054117665,-0.010750376,-0.3401848,-0.17143157,0.20040396,0.31326866,0.10646796,0.002681572,0.13415983,0.023512315,0.29602224,0.1919673,0.003588654,-0.20120504,0.45413867,0.31652725,0.12346201,-0.39256114,-0.018337183
2024-12-02 15:00:00,-0.1157859,-0.33489513,-0.16170594,-0.27235913,-0.16639759,0.17066252,-0.1485649,0.112366,-0.45590746,0.29282263,-0.26863337,0.20680422,0.16639282,0.0043971688,-0.01114412,-0.34643692,-0.17323208,0.2023201,0.3180461,0.107622616,0.0019088108,0.13498764,0.02635729,0.29996464,0.19455555,0.0040266775,-0.2029388,0.45881784,0.31988767,0.12520143,-0.39509434,-0.019204304
2024-12-02 16:00:00,-0.11722727,-0.33997387,-0.16433018,-0.27733284,-0.16943888,0.17574897,-0.15007836,0.11533498,-0.4619555,0.29856238,-0.27074707,0.20949215,0.16936143,0.003350705,-0.009424485,-0.35186142,-0.17751324,0.2056475,0.3229887,0.10711756,0.003050236,0.13759997,0.027000751,0.3039321,0.19906513,0.0026694983,-0.20579952,0.46360278,0.3224991,0.12656721,-0.40112215,-0.020234682
2024-12-02 17:00:00,-0.11763814,-0.34336227,-0.16543439,-0.28130692,-0.17156713,0.17961106,-0.15204595,0.11698017,-0.4660457,0.3031065,-0.27096575,0.21118435,0.17082949,0.0024249628,-0.0072097033,-0.35503876,-0.18161196,0.2077258,0.3261639,0.105785824,0.003839841,0.13985303,0.026227448,0.3064884,0.20258167,0.001296863,-0.20757483,0.4669204,0.3236708,0.12762785,-0.40626195,-0.020157255
2024-12-02 18:00:00,-0.118097395,-0.3488208,-0.16711587,-0.28687412,-0.17438819,0.18433002,-0.1553194,0.11905796,-0.472085,0.30944696,-0.27237236,0.21379068,0.17316382,0.0008862987,-0.00410448,-0.35975218,-0.18732244,0.21009362,0.33105338,0.103902414,0.00440936,0.14263785,0.025458474,0.31044596,0.20722002,-0.00032651052,-0.21000257,0.4720471,0.3255404,0.12921035,-0.41317913,-0.01951792
2024-12-02 19:00:00,-0.11929476,-0.35485983,-0.16983977,-0.29267824,-0.17760502,0.18864644,-0.15879449,0.122054316,-0.4784826,0.3155353,-0.2762577,0.21647441,0.17645313,-0.0007016584,-0.0019511655,-0.36569816,-0.19282678,0.2122154,0.3369807,0.10234084,0.004216904,0.14504626,0.02616356,0.3155015,0.21179868,-0.0013738498,-0.2125503,0.47835016,0.3282528,0.1305179,-0.41949695,-0.019520618
2024-12-02 20:00:00,-0.120278746,-0.36054125,-0.17194062,-0.29627752,-0.17991017,0.18994445,-0.1616542,0.12386856,-0.4837871,0.31921592,-0.28021488,0.21893035,0.17936803,-0.0022414997,-0.000742916,-0.3699385,-0.19604382,0.213432,0.3416612,0.101866566,0.0035861004,0.14582549,0.026954185,0.31885907,0.21434554,-0.0016531833,-0.2140385,0.4833523,0.33107015,0.13211116,-0.42336768,-0.019069992
2024-12-03 14:00:00,-0.12096827,-0.36419216,-0.1742639,-0.2985131,-0.1808667,0.19202407,-0.1626706,0.12502348,-0.48693913,0.321883,-0.2859044,0.22064334,0.1826352,-0.0030817166,-0.000979729,-0.3745802,-0.19724348,0.21420437,0.34500682,0.10221364,0.0028446969,0.14647949,0.029696334,0.32210803,0.21647179,-0.0006379895,-0.21480276,0.4867144,0.333017,0.13361165,-0.42477208,-0.018906534
2024-12-03 15:00:00,-0.12254648,-0.36970937,-0.17666373,-0.3013888,-0.18321787,0.19270256,-0.1642105,0.12710983,-0.49213636,0.32464796,-0.28968328,0.22322288,0.1857215,-0.004366778,-0.0005659014,-0.37851572,-0.19899797,0.21610041,0.34922922,0.10284972,0.0026096608,0.14687775,0.031124305,0.3246548,0.2185485,-0.0007981807,-0.21637332,0.49097967,0.3363778,0.13536727,-0.42787886,-0.019397758
2024-12-03 16:00:00,-0.12343666,-0.37372348,-0.17836478,-0.30429143,-0.1850975,0.19436446,-0.16498376,0.12915465,-0.4960624,0.32751587,-0.29056752,0.22540554,0.18780373,-0.0051044,0.00045876577,-0.38103932,-0.20083913,0.21876909,0.35196793,0.10263888,0.0029301625,0.14791489,0.03138445,0.32627326,0.22067127,-0.0014422983,-0.21857668,0.4939834,0.33878142,0.13635132,-0.43147117,-0.020076804
2024-12-03 17:00:00,-0.1245099,-0.37607598,-0.18020079,-0.3079428,-0.18727414,0.19798595,-0.16574033,0.13199788,-0.49911353,0.3310856,-0.29099658,0.22695911,0.18945473,-0.00529325,0.0014425814,-0.38397974,-0.20380369,0.22147138,0.35466236,0.10148558,0.003433967,0.14979492,0.031672012,0.32890183,0.22367011,-0.0024582297,-0.22106212,0.49694398,0.34032243,0.13606945,-0.43557256,-0.021682687
2024-12-03 18:00:00,-0.12613472,-0.38215905,-0.18289441,-0.3134684,-0.19099055,0.20205128,-0.16850823,0.13522282,-0.5056859,0.3368552,-0.29362038,0.2303094,0.19258995,-0.006527163,0.0032250397,-0.38938886,-0.20898134,0.2246578,0.36037278,0.10038779,0.0036866926,0.15164866,0.031606253,0.33316714,0.22785601,-0.003961358,-0.22410694,0.5028861,0.3435185,0.13719247,-0.44212866,-0.022844613
2024-12-03 19:00:00,-0.12870336,-0.39387393,-0.18862236,-0.3223158,-0.19628833,0.2092168,-0.17273681,0.1397264,-0.51744324,0.34676823,-0.30330828,0.23656213,0.2001253,-0.009012513,0.005096715,-0.40127707,-0.21645242,0.2295005,0.37107027,0.10011164,0.003175499,0.15440793,0.034253072,0.3414382,0.23483416,-0.0047857277,-0.22879724,0.51375914,0.34972227,0.14069463,-0.4515534,-0.02391719
2024-12-03 20:00:00,-0.13033125,-0.40263122,-0.19250572,-0.3286639,-0.1998523,0.2143681,-0.17592975,0.14266372,-0.52619785,0.35416862,-0.3098992,0.24099344,0.20547698,-0.010925971,0.007009741,-0.4096635,-0.22183114,0.23279068,0.37867635,0.099924885,0.003252333,0.1569145,0.036144715,0.34729743,0.24020666,-0.005464766,-0.2319558,0.52130395,0.35385635,0.1437167,-0.45857477,-0.023878999
2024-12-04 14:00:00,-0.13150813,-0.4087191,-0.19559416,-0.33301276,-0.20209245,0.21810207,-0.17793004,0.14471957,-0.5320477,0.35917988,-0.3158586,0.24386612,0.20978002,-0.012254648,0.007923793,-0.41614622,-0.22516698,0.23488528,0.38401848,0.10002593,0.0029718038,0.15875459,0.038444143,0.3516838,0.2440888,-0.0053697936,-0.2338284,0.5266876,0.35680395,0.14612202,-0.4629122,-0.023711935
2024-12-04 15:00:00,-0.1341976,-0.4170503,-0.20012295,-0.33775222,-0.20551272,0.22047046,-0.17997064,0.14794028,-0.5399282,0.3638984,-0.32463926,0.24778149,0.21557896,-0.0140419975,0.007583391,-0.42422658,-0.22824416,0.23767844,0.39128703,0.10135406,0.0018443447,0.15944798,0.04190081,0.35678908,0.24766439,-0.005102504,-0.23613742,0.53406894,0.36209065,0.14888322,-0.467218,-0.024905942
2024-12-04 16:00:00,-0.1355893,-0.4222893,-0.20290115,-0.34066677,-0.20736943,0.22287542,-0.18041271,0.14985272,-0.5448982,0.36740717,-0.32898217,0.25052425,0.2192431,-0.015027605,0.0077730753,-0.42909187,-0.2298742,0.24041586,0.39529008,0.102359615,0.0020269975,0.16044068,0.043756563,0.35937518,0.2503945,-0.005034331,-0.23814376,0.53805244,0.36534366,0.15106001,-0.47036207,-0.025544137
2024-12-04 17:00:00,-0.13644998,-0.42736152,-0.2053538,-0.34573513,-0.20990352,0.22851825,-0.18163176,0.15239897,-0.55038595,0.37365827,-0.33013982,0.25340137,0.22224306,-0.015836105,0.010137793,-0.43406296,-0.23416248,0.24442583,0.39945197,0.10148716,0.0035823677,0.1638675,0.043882634,0.36260518,0.25542906,-0.0064247213,-0.24138832,0.54225516,0.36762986,0.15297315,-0.4767415,-0.025906786
2024-12-04 18:00:00,-0.13845943,-0.43389016,-0.20884731,-0.35321242,-0.21431606,0.23527244,-0.18455903,0.1568515,-0.5578157,0.38164356,-0.33239502,0.25679868,0.22587745,-0.01690568,0.013009738,-0.4409123,-0.24116302,0.24884105,0.40597272,0.09951839,0.004629908,0.16794594,0.043960985,0.36799273,0.26187024,-0.008707058,-0.24557921,0.5492432,0.37093556,0.15431952,-0.4855086,-0.027231313
2024-12-04 19:00:00,-0.14290166,-0.44484717,-0.21456698,-0.36196798,-0.22107567,0.23964405,-0.18905261,0.16354346,-0.56939113,0.38967374,-0.33942068,0.26220042,0.23194908,-0.01884348,0.014324803,-0.45062488,-0.24908635,0.2538282,0.41663635,0.09870601,0.004047869,0.16998187,0.0454433,0.3754012,0.26780656,-0.011002805,-0.25080565,0.56071174,0.3779763,0.15599403,-0.49509305,-0.030384324
2024-12-04 20:00:00,-0.14456487,-0.4515589,-0.21791708,-0.3657524,-0.2237104,0.24227288,-0.19086939,0.16578859,-0.5758496,0.3940729,-0.34619647,0.26613495,0.23668571,-0.020132728,0.0141794495,-0.45722544,-0.25223166,0.25652137,0.42257422,0.099280246,0.0031700488,0.17009895,0.047311272,0.37965575,0.27058682,-0.0107197575,-0.25327814,0.56676966,0.38209718,0.15798572,-0.49899757,-0.031407647
2024-12-05 14:00:00,-0.1457076,-0.4576437,-0.22114486,-0.36779714,-0.22483896,0.24400318,-0.1914434,0.16633537,-0.5810694,0.39693028,-0.35592645,0.26956454,0.24204566,-0.02134072,0.012605961,-0.4642402,-0.25293744,0.25778654,0.42754167,0.101530366,0.0015597548,0.16950631,0.05130967,0.38354537,0.27222893,-0.009000171,-0.25394687,0.57124406,0.3856649,0.1607948,-0.5001428,-0.031613834
2024-12-05 15:00:00,-0.14745808,-0.46265334,-0.22404855,-0.37093985,-0.22679324,0.24715301,-0.19183739,0.16865954,-0.5863083,0.40084362,-0.3599658,0.2722135,0.24560888,-0.022006713,0.0130226575,-0.46943128,-0.25494695,0.260478,0.4318179,0.10260352,0.0025141481,0.17126974,0.05344608,0.3864948,0.2754282,-0.009428371,-0.25624448,0.57504886,0.38852248,0.1628308,-0.5037893,-0.032410286
2024-12-05 16:00:00,-0.14914483,-0.4681794,-0.22686848,-0.37583917,-0.22978972,0.25173053,-0.19317243,0.1716938,-0.5921329,0.4064716,-0.3617571,0.27518776,0.24883242,-0.022735469,0.014855441,-0.47449487,-0.25908786,0.26441532,0.4364639,0.10219992,0.0038502328,0.17419855,0.053725455,0.38953167,0.2799448,-0.010952141,-0.25953567,0.57978576,0.39154628,0.16478595,-0.50989634,-0.03333947
2024-12-05 17:00:00,-0.15078607,-0.4739005,-0.22962356,-0.38150352,-0.23318456,0.25650552,-0.19533662,0.17488939,-0.59814703,0.41266122,-0.3632547,0.27824828,0.25186607,-0.02351924,0.017159287,-0.4795997,-0.26434535,0.26828435,0.44151884,0.10098161,0.004838655,0.17723636,0.053291466,0.39308712,0.28468338,-0.012892302,-0.26317558,0.5852725,0.39462075,0.16632092,-0.5167511,-0.034306668
2024-12-05 18:00:00,-0.1534524,-0.47727025,-0.232588,-0.38625932,-0.23674832,0.26023427,-0.19696255,0.17931953,-0.60262907,0.41688946,-0.36499923,0.28016996,0.25392443,-0.02355703,0.017940465,-0.48404068,-0.26895672,0.2711885,0.44618928,0.09962185,0.0051617865,0.1792947,0.05393223,0.39702624,0.28827447,-0.014812764,-0.26651108,0.5905063,0.39737412,0.16568732,-0.52183217,-0.037041068
2024-12-05 19:00:00,-0.15637389,-0.48582155,-0.2372517,-0.3928855,-0.24144219,0.26589486,-0.20007783,0.18353796,-0.6116083,0.42446125,-0.37214106,0.28513172,0.25959694,-0.024796598,0.018853586,-0.49327815,-0.2754284,0.27532557,0.4547391,0.09921361,0.005201768,0.18130627,0.055576663,0.40346238,0.29391488,-0.01585726,-0.27040926,0.59916157,0.4023561,0.16808069,-0.52931887,-0.038795024
2024-12-05 20:00:00,-0.15828764,-0.49212843,-0.24040657,-0.3977878,-0.24463557,0.27029818,-0.20251648,0.18636036,-0.6184376,0.4303593,-0.37707344,0.28880903,0.2635433,-0.025733724,0.020106863,-0.50001085,-0.28016773,0.27817613,0.46094114,0.09887715,0.005559789,0.18316501,0.056844342,0.40822852,0.29819965,-0.016740654,-0.27328032,0.60514027,0.4055237,0.1700922,-0.53507495,-0.039567076
2024-12-06 14:00:00,-0.1603394,-0.49876827,-0.24386361,-0.40104032,-0.24700473,0.2723208,-0.20416681,0.18813145,-0.62471503,0.4338611,-0.38638735,0.292259,0.26873922,-0.026971303,0.018949028,-0.507462,-0.28258902,0.2795415,0.4671052,0.10028144,0.00392841,0.18284215,0.06046996,0.41287723,0.3005994,-0.015758265,-0.2743258,0.61094713,0.4092703,0.17272905,-0.53789055,-0.040214993
2024-12-06 15:00:00,-0.16227673,-0.50022525,-0.24572358,-0.4014297,-0.24793456,0.2728141,-0.2034987,0.18995422,-0.62676805,0.43415564,-0.3900609,0.2930666,0.27035302,-0.02691336,0.01750302,-0.5103054,-0.28236765,0.28009796,0.46926826,0.101640634,0.0037834775,0.18247095,0.063207865,0.4145717,0.30123523,-0.015470188,-0.27480954,0.6126199,0.41072336,0.1730068,-0.538016,-0.041749798
2024-12-06 16:00:00,-0.1637934,-0.50179356,-0.24750715,-0.40244514,-0.24916069,0.27491823,-0.20291239,0.19165781,-0.628837,0.43574908,-0.39248353,0.2942873,0.2719925,-0.02679699,0.016779732,-0.5133214,-0.28306377,0.28172952,0.4712535,0.10247591,0.004230695,0.18293484,0.06480676,0.41598237,0.3029013,-0.015476961,-0.27567297,0.6142785,0.41211304,0.17383265,-0.53939754,-0.04308442
2024-12-06 17:00:00,-0.16522142,-0.50614065,-0.24963951,-0.40620893,-0.25161588,0.27908322,-0.20415616,0.19375369,-0.6336898,0.440785,-0.3939085,0.29700077,0.27444512,-0.027333856,0.018497895,-0.5176516,-0.28672242,0.28490925,0.47507548,0.10219763,0.005595913,0.18520018,0.06456937,0.41835156,0.30680934,-0.01676428,-0.27820542,0.61798924,0.4143362,0.1758568,-0.544555,-0.04363372
2024-12-06 18:00:00,-0.16738327,-0.5124658,-0.25221592,-0.41227186,-0.25550705,0.2833031,-0.20697379,0.1971569,-0.64060193,0.44739997,-0.39431491,0.30037665,0.2770393,-0.028240912,0.021631729,-0.52224934,-0.2925578,0.2888526,0.4805429,0.10072699,0.006984165,0.18826771,0.06320207,0.42161798,0.31161323,-0.019513126,-0.28225544,0.62385577,0.41766828,0.1775544,-0.5522521,-0.04450345
2024-12-06 19:00:00,-0.16960412,-0.5203367,-0.25645953,-0.41917402,-0.25933892,0.2892692,-0.20976481,0.20079699,-0.6483584,0.4549983,-0.39999348,0.30477032,0.282341,-0.029148594,0.02349243,-0.53042185,-0.29877847,0.2930543,0.48779213,0.09964549,0.007034369,0.19128847,0.064482525,0.42725372,0.3172138,-0.020683642,-0.2865912,0.6316797,0.4220171,0.17999709,-0.55973667,-0.045502283
2024-12-06 20:00:00,-0.17092669,-0.52800846,-0.25931185,-0.4241383,-0.2621671,0.29251477,-0.21279228,0.20244762,-0.6554876,0.46084452,-0.4055796,0.30870768,0.28704748,-0.03052245,0.025066432,-0.5368175,-0.30339047,0.29550156,0.49397236,0.099488646,0.0069066435,0.19292073,0.06522274,0.4315611,0.32106096,-0.02109712,-0.28919637,0.63788074,0.42565563,0.18295908,-0.56532216,-0.045087986
2024-12-09 14:00:00,-0.17159328,-0.5342621,-0.2616138,-0.4276204,-0.26360202,0.29476228,-0.21463703,0.20319617,-0.66087806,0.464942,-0.41155618,0.3117521,0.29140547,-0.031679876,0.025919292,-0.54224616,-0.3059316,0.29705164,0.4985724,0.09994072,0.006312292,0.19403607,0.06702986,0.43499747,0.3236253,-0.020523082,-0.2908977,0.6423531,0.42840278,0.18572366,-0.56879973,-0.04427018
2024-12-09 15:00:00,-0.17362452,-0.53746855,-0.26406208,-0.42963028,-0.26499826,0.29569185,-0.21481645,0.20550379,-0.6640007,0.4662924,-0.41619027,0.31307924,0.2941665,-0.031736128,0.02518816,-0.5460451,-0.3068506,0.29795775,0.5018297,0.100618616,0.0058636423,0.19462396,0.07010314,0.43773717,0.32503822,-0.020394262,-0.29220298,0.6454529,0.43060198,0.18624964,-0.5701754,-0.045533463
2024-12-09 16:00:00,-0.17601937,-0.538997,-0.26617515,-0.43022794,-0.26645172,0.29594117,-0.21403913,0.20802942,-0.66583955,0.46634114,-0.41937727,0.31390607,0.29588342,-0.03132026,0.023461033,-0.5485507,-0.30696845,0.29892182,0.50404143,0.10162164,0.0056981426,0.19426726,0.07258092,0.43933707,0.325789,-0.020409372,-0.29291075,0.6474567,0.43260556,0.18600303,-0.5705032,-0.04775534
2024-12-09 17:00:00,-0.17610398,-0.5400837,-0.26668125,-0.43141204,-0.26711202,0.29876038,-0.21393871,0.20861876,-0.6671938,0.46917152,-0.41768792,0.31516126,0.29631853,-0.031208195,0.024854187,-0.54957247,-0.3084958,0.3012003,0.5046896,0.10123782,0.0075812405,0.19596973,0.07123719,0.4394838,0.32806793,-0.021255326,-0.2943036,0.6478891,0.43302828,0.18700242,-0.5730443,-0.047706
2024-12-09 18:00:00,-0.17683618,-0.54300755,-0.2675885,-0.43521833,-0.26924014,0.30180746,-0.21581633,0.21020254,-0.6704353,0.47356668,-0.4156696,0.31680754,0.29694796,-0.031472743,0.02771495,-0.5511808,-0.31235692,0.30369768,0.507041,0.0995697,0.009042328,0.19864333,0.069199234,0.4408256,0.3312008,-0.023516964,-0.29688326,0.6505199,0.43428728,0.18784744,-0.5780865,-0.047812395
2024-12-09 19:00:00,-0.1781441,-0.5472694,-0.2696619,-0.43957174,-0.2716813,0.30488423,-0.2179996,0.21233931,-0.67465794,0.47796473,-0.41754556,0.31901503,0.29935545,-0.031910293,0.029394176,-0.5549798,-0.31652746,0.3059175,0.5110463,0.098243,0.00913443,0.20054473,0.0690667,0.4438378,0.3343303,-0.024781894,-0.29956064,0.655085,0.43661323,0.18886986,-0.58279645,-0.048341878
2024-12-09 20:00:00,-0.17869423,-0.54957265,-0.27111006,-0.440888,-0.27242577,0.30599853,-0.21885376,0.21294048,-0.67666924,0.47922805,-0.42208523,0.3203157,0.30170068,-0.032198973,0.028612074,-0.5583346,-0.3178041,0.30610338,0.5135917,0.09845947,0.007989314,0.2003131,0.07091124,0.44630694,0.33519378,-0.023944635,-0.29996026,0.6576979,0.43783605,0.18960315,-0.58356494,-0.048590116
2024-12-10 14:00:00,-0.17989127,-0.55678314,-0.2738911,-0.4434377,-0.27391005,0.30780068,-0.22026624,0.21325818,-0.6828624,0.4827033,-0.4322546,0.32399166,0.3074914,-0.0335586,0.027572867,-0.56567025,-0.31967407,0.30700108,0.5191671,0.10041408,0.006417915,0.19993983,0.07454483,0.45063156,0.33739802,-0.022009816,-0.30028227,0.6625368,0.4411304,0.19330513,-0.5858878,-0.047912233
2024-12-10 15:00:00,-0.18103462,-0.55968195,-0.27552915,-0.44454992,-0.2743553,0.3090951,-0.2200361,0.2142829,-0.68567985,0.48425743,-0.43605548,0.3252591,0.3098627,-0.03377472,0.027519908,-0.5689281,-0.31989205,0.30774382,0.5213994,0.10167086,0.006822367,0.2008105,0.07705645,0.45236158,0.33882728,-0.021560695,-0.3010843,0.66413444,0.4423613,0.19490308,-0.58712006,-0.047889136
2024-12-10 16:00:00,-0.18168068,-0.56025314,-0.27621138,-0.44539702,-0.27480906,0.31057236,-0.21964526,0.21529934,-0.6863373,0.48547515,-0.43536535,0.32543316,0.31022382,-0.033508666,0.028304826,-0.5695955,-0.32037106,0.3089114,0.52173775,0.10164329,0.008014724,0.20235425,0.077286005,0.4524056,0.34024754,-0.022095945,-0.30195573,0.6643444,0.44265527,0.19549567,-0.5884273,-0.048073657
2024-12-10 17:00:00,-0.18169607,-0.56256837,-0.27700245,-0.44791216,-0.2757703,0.3135021,-0.22054963,0.21573773,-0.6882146,0.48895332,-0.4348377,0.32664123,0.31139457,-0.033730894,0.030377481,-0.571327,-0.32270855,0.3108988,0.5230633,0.10077893,0.009195244,0.20472759,0.076170444,0.45314592,0.34290913,-0.02289809,-0.30351782,0.6658369,0.4434321,0.19716322,-0.5916965,-0.04737688
2024-12-10 18:00:00,-0.18257403,-0.5657094,-0.27832472,-0.4514107,-0.27758598,0.3158992,-0.22224832,0.21714264,-0.6911683,0.49256453,-0.43514466,0.3279803,0.31282628,-0.03401652,0.032471817,-0.57363135,-0.32588783,0.3126085,0.5256067,0.09956209,0.0098779835,0.20698327,0.07552405,0.45493013,0.34557918,-0.024246272,-0.30565217,0.66879517,0.44494098,0.1982562,-0.5955815,-0.0473653
2024-12-10 19:00:00,-0.18442142,-0.57126456,-0.2811088,-0.45601737,-0.28027523,0.31912306,-0.22427686,0.21950254,-0.69635826,0.49733785,-0.43914664,0.3306807,0.3164329,-0.03448771,0.03387369,-0.5787928,-0.32997528,0.31497017,0.5305162,0.09878878,0.010021877,0.2090628,0.0765098,0.45863873,0.34914765,-0.025050368,-0.30840403,0.67403024,0.44797885,0.2000992,-0.6003586,-0.04786361
2024-12-10 20:00:00,-0.18574785,-0.57308406,-0.28286156,-0.45671368,-0.28108704,0.31959566,-0.22418234,0.22064427,-0.6979894,0.49745145,-0.44455913,0.33165655,0.31873357,-0.034399085,0.032035846,-0.58221203,-0.330351,0.3149249,0.53289545,0.09952381,0.0086403,0.20831344,0.07956034,0.4610898,0.34952983,-0.024072181,-0.30838445,0.6763461,0.4493774,0.20043021,-0.6001816,-0.04893554
2024-12-11 14:00:00,-0.18644506,-0.5768797,-0.28416806,-0.45716053,-0.2816906,0.3200201,-0.22438253,0.22046265,-0.70125765,0.49866125,-0.4507699,0.3337358,0.32194412,-0.035151593,0.03075124,-0.58609056,-0.33060467,0.31516233,0.53565335,0.101333275,0.0077237915,0.20730257,0.08181612,0.4630769,0.35028476,-0.022526484,-0.30782893,0.6783699,0.4511803,0.20268369,-0.6006647,-0.04857458
2024-12-11 15:00:00,-0.18842763,-0.5796675,-0.2852767,-0.4575426,-0.28279305,0.31826577,-0.22437623,0.22179398,-0.70432454,0.49826893,-0.45368,0.33480248,0.3235023,-0.035648637,0.029850889,-0.5874867,-0.33019078,0.31520408,0.5377785,0.10297154,0.0074650943,0.20614249,0.083407,0.46362922,0.34998995,-0.022570115,-0.3082025,0.67993253,0.45323306,0.20328978,-0.60120785,-0.04961901
2024-12-11 16:00:00,-0.1886649,-0.5813964,-0.28574973,-0.45880377,-0.2831623,0.31981233,-0.22399783,0.22252485,-0.70586497,0.5005168,-0.4512908,0.33591315,0.3240622,-0.035693027,0.031461257,-0.5875992,-0.33097273,0.31760064,0.5381686,0.10284951,0.009497215,0.20782363,0.08191943,0.46285546,0.3515721,-0.023588765,-0.3103377,0.6803188,0.4541728,0.20425048,-0.6036221,-0.04949764
2024-12-11 17:00:00,-0.18844971,-0.5829724,-0.28644675,-0.4610027,-0.28372467,0.3222506,-0.22434685,0.22291216,-0.70680755,0.50324064,-0.4499682,0.336912,0.32503867,-0.03559596,0.033077683,-0.58845484,-0.33263797,0.3197599,0.53877056,0.10190368,0.010482308,0.21003631,0.08071007,0.4631179,0.35340193,-0.024529796,-0.31240138,0.68135923,0.45504662,0.20496729,-0.606217,-0.04939369
2024-12-11 18:00:00,-0.18875274,-0.5855904,-0.28733268,-0.4642943,-0.28514677,0.324757,-0.22589582,0.22375754,-0.7089857,0.5070397,-0.44857803,0.3381582,0.32600433,-0.035698384,0.035510946,-0.5897932,-0.3358103,0.3217425,0.5406182,0.10041857,0.011766571,0.21269357,0.078916624,0.46432832,0.35595396,-0.026217435,-0.31484327,0.68362015,0.4562559,0.20574003,-0.6100291,-0.049174875
2024-12-11 19:00:00,-0.18955073,-0.588883,-0.28918517,-0.4683051,-0.28693998,0.3284435,-0.2275254,0.2253047,-0.71186805,0.51149744,-0.44972998,0.3398138,0.32807136,-0.035657242,0.037559357,-0.59313905,-0.3396095,0.32385695,0.5437001,0.09883197,0.01248288,0.2155424,0.07872903,0.46712768,0.35918143,-0.02740002,-0.3175198,0.6871336,0.4578848,0.20669821,-0.6141641,-0.049291722
2024-12-11 20:00:00,-0.18994452,-0.5929584,-0.29074067,-0.47172362,-0.2885638,0.33117285,-0.22970873,0.22600809,-0.71534985,0.5155514,-0.4525596,0.34175915,0.33069426,-0.036118872,0.03917824,-0.59687924,-0.34302765,0.32519367,0.54716116,0.09790325,0.012642731,0.21744882,0.07887401,0.47004908,0.361923,-0.02767903,-0.31914607,0.6906683,0.4595049,0.20847327,-0.6177384,-0.04863388
2024-12-12 14:00:00,-0.19049197,-0.59564674,-0.29211754,-0.47365832,-0.28945613,0.3327131,-0.23089063,0.22670922,-0.71770364,0.51747113,-0.456603,0.3429275,0.33296907,-0.036324143,0.039471935,-0.60027826,-0.34468234,0.32541248,0.5498043,0.09773171,0.012032589,0.2182465,0.08077474,0.4727407,0.3633458,-0.027134601,-0.31975523,0.69318956,0.46049005,0.2096028,-0.61926365,-0.048416786
2024-12-12 15:00:00,-0.19264992,-0.5987946,-0.29363728,-0.47474647,-0.29106337,0.33162314,-0.23184979,0.22838455,-0.721074,0.51759315,-0.46134633,0.34410587,0.3351401,-0.036714114,0.03841013,-0.6030723,-0.34547406,0.32501864,0.55309415,0.09857941,0.011049729,0.21720168,0.08328821,0.47503546,0.36369315,-0.02676813,-0.31978595,0.696029,0.46242666,0.21019983,-0.6199932,-0.049396567
2024-12-12 16:00:00,-0.19304416,-0.60036623,-0.29422003,-0.47580546,-0.2914672,0.33329067,-0.23182166,0.22914034,-0.72266716,0.5196994,-0.46075535,0.34510306,0.33584198,-0.036714084,0.03968971,-0.6040553,-0.34635186,0.32655713,0.5539916,0.09836413,0.01246049,0.21856816,0.08303338,0.47545373,0.3653902,-0.027212601,-0.32107487,0.6965955,0.4628633,0.21114567,-0.6218631,-0.049122028
2024-12-12 17:00:00,-0.19373149,-0.6010969,-0.29499835,-0.47739267,-0.29234976,0.33489102,-0.2320585,0.23036227,-0.7234444,0.52123266,-0.46018487,0.34550884,0.3362391,-0.03636323,0.04059088,-0.6048839,-0.347578,0.32773218,0.55478144,0.09751545,0.013044589,0.21996254,0.08318268,0.4761619,0.36679652,-0.02800307,-0.32228482,0.6975089,0.46335357,0.2112129,-0.6235944,-0.0496443
2024-12-12 18:00:00,-0.19445163,-0.60213935,-0.2955855,-0.4792984,-0.29357147,0.33642653,-0.23291305,0.23149636,-0.72464126,0.5233824,-0.45880586,0.346076,0.33632192,-0.036222994,0.042011958,-0.60546184,-0.34960622,0.32894927,0.5558721,0.09633368,0.013917912,0.22139633,0.08220823,0.47691873,0.36852315,-0.029252585,-0.32360843,0.69881713,0.46394122,0.21132514,-0.6259268,-0.04994545
2024-12-12 19:00:00,-0.19549122,-0.60053617,-0.29627913,-0.47911704,-0.2939967,0.33655766,-0.23239614,0.23292705,-0.72371554,0.5222536,-0.45955235,0.34552258,0.3359688,-0.035426907,0.040715825,-0.60584223,-0.34966904,0.32864052,0.55604684,0.09593411,0.013169401,0.22080186,0.08372258,0.4777227,0.36826584,-0.029345218,-0.32357216,0.6993626,0.46386462,0.20978752,-0.6250875,-0.051599972
2024-12-12 20:00:00,-0.19533722,-0.6019297,-0.296592,-0.47932816,-0.29442066,0.33739612,-0.2331694,0.2325859,-0.72513956,0.5235253,-0.4612667,0.34671888,0.33705258,-0.035826765,0.04065181,-0.6074368,-0.35057276,0.32904541,0.55729014,0.09621219,0.013139103,0.22049159,0.083553836,0.478643,0.3690937,-0.028789934,-0.3233271,0.7002782,0.4642892,0.21088049,-0.6258717,-0.051080003
2024-12-13 14:00:00,-0.19566594,-0.6037877,-0.29730937,-0.47917223,-0.29452682,0.33696416,-0.23338898,0.2322667,-0.72685707,0.52310807,-0.46658504,0.3477989,0.33911186,-0.036301695,0.03901081,-0.61013496,-0.35010874,0.3283311,0.5589681,0.09756178,0.011393486,0.21894929,0.08611576,0.48021474,0.36863333,-0.027202625,-0.32234377,0.701504,0.46499243,0.21198753,-0.6252918,-0.05101923
2024-12-13 15:00:00,-0.19743933,-0.6023299,-0.2977838,-0.47697198,-0.29435366,0.334672,-0.23165809,0.23351893,-0.72629637,0.5196797,-0.46916217,0.34702435,0.33877212,-0.035708144,0.03605138,-0.61023736,-0.3477595,0.32679865,0.55891633,0.099361956,0.010376185,0.21662895,0.08925699,0.4803364,0.3668348,-0.026566233,-0.32102334,0.70093983,0.46493238,0.21061566,-0.62254936,-0.052887462
2024-12-13 16:00:00,-0.19842646,-0.5982937,-0.29743797,-0.47336686,-0.2935899,0.33287418,-0.22888432,0.23451045,-0.723416,0.5158921,-0.46761802,0.34543812,0.33666202,-0.03454013,0.033353183,-0.60802627,-0.34480178,0.3260557,0.55659485,0.100786254,0.010551501,0.21460924,0.09029244,0.47843277,0.36498764,-0.026432764,-0.3196181,0.6983883,0.46395665,0.20847481,-0.61925375,-0.05487316
2024-12-13 17:00:00,-0.198382,-0.5962396,-0.29685807,-0.47128123,-0.2932151,0.33242568,-0.22758807,0.23437348,-0.7219452,0.51459706,-0.46544054,0.3450924,0.33532763,-0.034145392,0.032380264,-0.6064342,-0.34355205,0.32638952,0.55495626,0.10159269,0.011136105,0.21356195,0.08912708,0.4765323,0.36430362,-0.026668724,-0.31897053,0.69664323,0.4635029,0.207919,-0.6181576,-0.055551447
2024-12-13 18:00:00,-0.19799556,-0.59634894,-0.29608873,-0.47102898,-0.29329866,0.33179253,-0.22798663,0.23369697,-0.72231424,0.5148433,-0.46302244,0.34547934,0.3345413,-0.03463485,0.03300694,-0.6050475,-0.34368756,0.3268797,0.55440253,0.10177451,0.01168412,0.2131033,0.08665535,0.47496638,0.36396676,-0.027515527,-0.31926492,0.696191,0.46372008,0.2081725,-0.6188617,-0.055311218
2024-12-13 19:00:00,-0.19692856,-0.5976462,-0.29576373,-0.47181672,-0.2929266,0.33245847,-0.22851533,0.2324712,-0.72307235,0.5162112,-0.4626181,0.3463904,0.33511993,-0.035334878,0.03395657,-0.60523885,-0.34420013,0.327639,0.5544552,0.10172209,0.011676728,0.21345197,0.08512685,0.4745521,0.36415616,-0.027541671,-0.32008007,0.69652086,0.46408492,0.20918465,-0.6199639,-0.054299034
2024-12-13 20:00:00,-0.19599709,-0.5985274,-0.2956736,-0.47282374,-0.29251295,0.3334916,-0.22895432,0.23161057,-0.7233395,0.5175557,-0.46243843,0.34678647,0.3356364,-0.0356768,0.035033453,-0.60565114,-0.34477293,0.32803902,0.5545232,0.1014145,0.011838138,0.21456361,0.08441882,0.47473675,0.36459637,-0.027581487,-0.32091087,0.6967992,0.46410874,0.20983496,-0.62083876,-0.053353295
2024-12-16 14:00:00,-0.19519322,-0.60054153,-0.29600006,-0.4741913,-0.2923646,0.33477727,-0.22970538,0.23068371,-0.72436327,0.5193014,-0.46447206,0.347568,0.3372392,-0.036186047,0.035790984,-0.6073825,-0.3456701,0.3282893,0.5554915,0.10139106,0.0115519,0.21563023,0.08460806,0.4757619,0.36544093,-0.02694365,-0.32128254,0.6977998,0.46451405,0.2113018,-0.6218581,-0.05208206
2024-12-16 15:00:00,-0.19611868,-0.6021127,-0.29659617,-0.47473085,-0.29284346,0.33356312,-0.23008215,0.23111343,-0.72563213,0.51878303,-0.46727464,0.34771875,0.33833155,-0.036498226,0.03512175,-0.6084869,-0.34562808,0.3274492,0.5568788,0.10201807,0.010676239,0.21510965,0.08610478,0.47677425,0.36501643,-0.026617099,-0.32110107,0.69903725,0.46544796,0.21147668,-0.62166524,-0.052391544
2024-12-16 16:00:00,-0.1957761,-0.6034066,-0.29688907,-0.47547233,-0.29262733,0.33495685,-0.2299525,0.2309092,-0.726335,0.5204278,-0.46734503,0.34827492,0.33918208,-0.036623687,0.03614908,-0.60933214,-0.34610623,0.3283731,0.5572356,0.10202232,0.01165667,0.21643314,0.085839495,0.47694075,0.36617061,-0.02648681,-0.3218786,0.69924265,0.46567306,0.21263519,-0.6227202,-0.0515112
2024-12-16 17:00:00,-0.1954339,-0.6049207,-0.29720348,-0.4776379,-0.29311752,0.33714703,-0.23080677,0.23102576,-0.72729313,0.52327484,-0.46578592,0.3487338,0.33963937,-0.036670104,0.038514104,-0.6099263,-0.34791386,0.32974586,0.55782056,0.10089092,0.013035374,0.21907821,0.08462709,0.47731742,0.36816743,-0.02742223,-0.32337564,0.69987756,0.46590996,0.21371785,-0.62528324,-0.050585784
2024-12-16 18:00:00,-0.19588353,-0.60771126,-0.29798466,-0.48023129,-0.29435587,0.33802018,-0.23240942,0.23152426,-0.729485,0.5255454,-0.46672213,0.34959653,0.3410732,-0.037101448,0.039914798,-0.61143017,-0.3500421,0.3304998,0.5597719,0.100013435,0.013063457,0.22036847,0.084294826,0.4785762,0.36961123,-0.027957428,-0.32452437,0.70210737,0.46722305,0.21481144,-0.62771887,-0.050213777
2024-12-16 19:00:00,-0.19561902,-0.60972434,-0.29888624,-0.4824409,-0.2947157,0.34066388,-0.23308855,0.23164278,-0.7307352,0.52839553,-0.46794808,0.3505086,0.34264886,-0.03716462,0.04146367,-0.6136142,-0.35179025,0.33169237,0.56109226,0.09911832,0.013513174,0.22243997,0.08455534,0.48016006,0.3715851,-0.027902167,-0.32589102,0.7035903,0.46774948,0.21606135,-0.62978613,-0.04943887
2024-12-16 20:00:00,-0.1958963,-0.6130884,-0.3000392,-0.4847265,-0.29574275,0.34206203,-0.23454174,0.23182997,-0.7333514,0.53074753,-0.47165713,0.35186055,0.345168,-0.03761573,0.042181287,-0.61672246,-0.3535982,0.33214378,0.56362754,0.098917425,0.013062384,0.22348186,0.08574577,0.48242238,0.3731855,-0.027351286,-0.3264151,0.70600706,0.4690011,0.2178261,-0.6317383,-0.04875028
2024-12-17 14:00:00,-0.19765478,-0.6140749,-0.30127737,-0.48429114,-0.29615736,0.34073448,-0.23375542,0.23277703,-0.73429877,0.5287134,-0.47797352,0.35206136,0.3469024,-0.03747534,0.03932434,-0.6193801,-0.3525195,0.33070174,0.5653856,0.100280076,0.010906733,0.22150452,0.09009996,0.48451304,0.3721866,-0.025857951,-0.32503968,0.70735806,0.46984363,0.21765837,-0.62992346,-0.050042264
2024-12-17 15:00:00,-0.19978525,-0.6156001,-0.3019984,-0.4833181,-0.297046,0.33838478,-0.23311667,0.2340971,-0.7363475,0.52716345,-0.48096758,0.35263875,0.34786507,-0.037691034,0.037431825,-0.6201719,-0.3515154,0.3300778,0.56693137,0.10217136,0.010584309,0.2192902,0.09189014,0.4847885,0.37147117,-0.025403928,-0.32427147,0.70814234,0.4713499,0.21777865,-0.6291669,-0.051352836
2024-12-17 16:00:00,-0.20115021,-0.6147087,-0.30200392,-0.48170388,-0.29713392,0.33628777,-0.2315291,0.23551214,-0.7361552,0.5250612,-0.47918636,0.35229483,0.3469633,-0.037291072,0.036226247,-0.61837506,-0.34973878,0.3303474,0.5661699,0.10323176,0.011357317,0.2179069,0.09188686,0.48303825,0.37017748,-0.025989752,-0.32460228,0.7071968,0.47192782,0.21653974,-0.62821907,-0.053046457
2024-12-17 17:00:00,-0.20002353,-0.612847,-0.30151242,-0.48056126,-0.29598963,0.33771896,-0.22980213,0.23494521,-0.73404425,0.52524847,-0.4758066,0.35222277,0.3461197,-0.036660515,0.036369514,-0.6168932,-0.34877065,0.33198866,0.5639188,0.103157476,0.012686802,0.21869469,0.09031804,0.48113132,0.37034217,-0.026242737,-0.3253641,0.70517117,0.4712062,0.21625778,-0.6279104,-0.053015508
2024-12-17 18:00:00,-0.1993322,-0.61185247,-0.30147135,-0.48022294,-0.29554057,0.33870205,-0.22925958,0.23433638,-0.7327052,0.52524465,-0.47553083,0.35217217,0.34606618,-0.036252268,0.035908062,-0.6168911,-0.34858876,0.33232498,0.5630473,0.10319255,0.01256241,0.21907035,0.09007366,0.48088545,0.3703178,-0.026223447,-0.32535508,0.70454353,0.47083318,0.21606722,-0.6275403,-0.053132303
2024-12-17 19:00:00,-0.1987494,-0.6109603,-0.30137047,-0.4800719,-0.29515296,0.33997932,-0.22913724,0.23384544,-0.73174715,0.5258257,-0.47495168,0.3519575,0.34567147,-0.035940073,0.036192942,-0.61706424,-0.34898078,0.33239114,0.56251067,0.10307169,0.012992285,0.2198995,0.08954863,0.4809634,0.3708038,-0.026430782,-0.3253898,0.7041065,0.47012895,0.21613562,-0.62759435,-0.052766375
2024-12-17 20:00:00,-0.19848499,-0.6108827,-0.3014488,-0.4798512,-0.29500163,0.340457,-0.2292464,0.23331943,-0.7315085,0.52575904,-0.4768511,0.35190007,0.34595487,-0.03595812,0.03560243,-0.61812377,-0.34913895,0.33175704,0.5627425,0.10344057,0.012255352,0.21972442,0.09022793,0.48165616,0.3707834,-0.025904711,-0.3245904,0.70428956,0.4697999,0.21655852,-0.62715954,-0.052421607
2024-12-18 14:00:00,-0.20017394,-0.611813,-0.30157417,-0.47942942,-0.2960565,0.33750483,-0.22985141,0.23416376,-0.7331708,0.5240769,-0.47860894,0.35180518,0.34587583,-0.03646829,0.034416895,-0.61801565,-0.34889668,0.33030567,0.5641116,0.10448527,0.011307493,0.21765494,0.09086995,0.48186913,0.3695463,-0.026197415,-0.32379553,0.7053215,0.47089472,0.21606016,-0.6266339,-0.0534546
2024-12-18 15:00:00,-0.20105973,-0.61009043,-0.30144757,-0.47734815,-0.29558122,0.33545798,-0.22813788,0.23491922,-0.73204106,0.5213725,-0.47805697,0.35098308,0.34477532,-0.036097556,0.032682713,-0.61660427,-0.34681636,0.32973313,0.5631038,0.105459616,0.011070398,0.21580029,0.09155208,0.48069665,0.36773905,-0.026166212,-0.3233848,0.704287,0.47092038,0.21446875,-0.62456435,-0.054863058
2024-12-18 16:00:00,-0.20116857,-0.6077108,-0.3009686,-0.47494763,-0.294917,0.33388826,-0.2264123,0.23507932,-0.7300631,0.5188835,-0.47634912,0.35014373,0.34342945,-0.035541423,0.031057823,-0.6146285,-0.34473684,0.32948664,0.56131434,0.10627855,0.011127514,0.21431962,0.091352,0.4789653,0.36605927,-0.026211794,-0.3227849,0.7024974,0.4706202,0.21292946,-0.62243056,-0.056041516
2024-12-18 17:00:00,-0.19971031,-0.6060782,-0.30018598,-0.47339565,-0.29366475,0.3344235,-0.22534205,0.23373845,-0.72820973,0.5185005,-0.47473273,0.34999096,0.34275463,-0.035331354,0.030708816,-0.6135763,-0.3436532,0.3298888,0.5594074,0.106686085,0.011524646,0.21420604,0.09023237,0.47752,0.36558977,-0.02583604,-0.3223781,0.7006199,0.46974456,0.21295998,-0.62141967,-0.055510096
2024-12-18 18:00:00,-0.19823015,-0.6044063,-0.2994141,-0.4732889,-0.29277396,0.33609876,-0.22534493,0.23270431,-0.72656137,0.5195406,-0.4714672,0.3494316,0.3414907,-0.035046935,0.03218441,-0.6124364,-0.34401864,0.3303929,0.55776936,0.1059373,0.012748029,0.2159321,0.08840226,0.47659767,0.36621433,-0.026492845,-0.32277745,0.6991196,0.46836606,0.21302038,-0.62186664,-0.05450944
2024-12-18 19:00:00,-0.20331633,-0.59454495,-0.2992878,-0.46716094,-0.29334426,0.32657516,-0.22171365,0.23735395,-0.7198608,0.5069914,-0.46939287,0.34344992,0.3349296,-0.03172198,0.024398852,-0.60583746,-0.33807293,0.3249589,0.55460405,0.1073429,0.009411989,0.20969316,0.09307696,0.47464544,0.35848922,-0.02841441,-0.31924975,0.69599134,0.46734878,0.20326144,-0.61284286,-0.062627025
2024-12-18 20:00:00,-0.20886546,-0.57587534,-0.29782015,-0.4512167,-0.2927389,0.31006795,-0.212835,0.24328026,-0.70633227,0.48545048,-0.46147957,0.3338981,0.32337666,-0.025462374,0.010593597,-0.59139335,-0.3241881,0.31843513,0.5457802,0.11254574,0.005309498,0.19701663,0.096453935,0.4672385,0.3443085,-0.029618163,-0.31251281,0.68675834,0.46667752,0.18625844,-0.59578586,-0.07595683
2024-12-19 14:00:00,-0.2106138,-0.55436677,-0.29485106,-0.4301765,-0.29016787,0.2925517,-0.2017139,0.24513409,-0.6890977,0.4610525,-0.4514488,0.32423127,0.31131208,-0.019135825,-0.004982207,-0.5748235,-0.305686,0.31244925,0.5322883,0.12012406,0.00036046095,0.18251258,0.09764506,0.45664215,0.32759795,-0.029141102,-0.3037846,0.672751,0.46553314,0.16893077,-0.5758765,-0.088930406
2024-12-19 15:00:00,-0.20867363,-0.5418598,-0.28960803,-0.41419762,-0.28718483,0.2793141,-0.19515052,0.24146953,-0.6785577,0.4457213,-0.44039422,0.3196433,0.30324104,-0.018228382,-0.012686323,-0.5614058,-0.29262757,0.3082191,0.52046555,0.12574977,-0.00080285594,0.17087355,0.091518864,0.44439667,0.31482926,-0.029133815,-0.2979953,0.660814,0.46470082,0.1618664,-0.5642258,-0.094178446
2024-12-19 16:00:00,-0.20434728,-0.5340707,-0.28384677,-0.40413207,-0.28209853,0.27169213,-0.19105664,0.23494044,-0.67065835,0.43654194,-0.4307447,0.3177985,0.29724813,-0.01858332,-0.015663553,-0.551173,-0.28360635,0.30534077,0.51020354,0.12887807,-0.00091421045,0.16519822,0.0854367,0.43461058,0.30481622,-0.02947126,-0.2952438,0.6501646,0.46096593,0.15920398,-0.5568933,-0.09440751
2024-12-19 17:00:00,-0.1990903,-0.5204954,-0.2782778,-0.39486444,-0.27495712,0.2687827,-0.18619578,0.22845283,-0.6572253,0.4277597,-0.41926968,0.3131316,0.28884718,-0.015843086,-0.01791766,-0.5407571,-0.27510676,0.30192485,0.4975438,0.12939471,-0.00077029504,0.16393827,0.08255072,0.42723155,0.2966326,-0.029394407,-0.2921628,0.6376228,0.45289075,0.15466306,-0.54726905,-0.094044186
2024-12-19 18:00:00,-0.19517326,-0.5137957,-0.2724722,-0.3907466,-0.27121818,0.26598763,-0.1861805,0.22177121,-0.650174,0.42387375,-0.4099943,0.3102214,0.28273374,-0.016210482,-0.016188841,-0.53209585,-0.27274314,0.29821143,0.4905898,0.12890935,0.00022791512,0.16294888,0.076160476,0.42035958,0.29171664,-0.030351255,-0.28936106,0.6298656,0.44740438,0.154668,-0.54278255,-0.09088283
2024-12-19 19:00:00,-0.19071406,-0.5066935,-0.26735747,-0.38730496,-0.2661367,0.2647939,-0.18546796,0.215592,-0.64232856,0.4206433,-0.40262997,0.3069429,0.27699602,-0.016313247,-0.014571067,-0.5250299,-0.2702545,0.29485813,0.48373926,0.127576,0.00047150813,0.1630058,0.07206242,0.41562605,0.28771073,-0.030205917,-0.28714085,0.62277657,0.44102016,0.15418246,-0.5379148,-0.08716252
2024-12-19 20:00:00,-0.1863353,-0.50123745,-0.2629004,-0.38475055,-0.26148242,0.26416075,-0.1849693,0.20934477,-0.6353427,0.41821268,-0.39924794,0.30376333,0.27285546,-0.016775109,-0.013547767,-0.52015376,-0.2683319,0.2909991,0.47838825,0.12662381,-5.8297068e-05,0.16306084,0.06986958,0.41242674,0.284901,-0.028683972,-0.28406566,0.61696535,0.4351341,0.15495187,-0.53298867,-0.08261917
2024-12-20 14:00:00,-0.18405668,-0.492608,-0.25952777,-0.38033396,-0.25737453,0.26102677,-0.18269342,0.20535606,-0.6261759,0.41212028,-0.3969106,0.29819068,0.26755923,-0.015633732,-0.015444081,-0.5145382,-0.26384956,0.28582618,0.47227508,0.1265271,-0.0015185941,0.16187526,0.07099971,0.40962481,0.28081557,-0.0268501,-0.27958515,0.6102055,0.42929566,0.15275621,-0.5250493,-0.08105559
2024-12-20 15:00:00,-0.18741514,-0.48489445,-0.2574629,-0.37360245,-0.25799984,0.24692908,-0.18020853,0.20668408,-0.6190827,0.3994668,-0.3915381,0.29108933,0.26089644,-0.01461719,-0.019816745,-0.503114,-0.25576466,0.27982727,0.46808797,0.12876911,-0.0042842925,0.1550204,0.07021037,0.40321672,0.270976,-0.027607325,-0.27590963,0.60444564,0.42962876,0.14527151,-0.51603466,-0.08646459
2024-12-20 16:00:00,-0.18761629,-0.47555083,-0.25458413,-0.3631671,-0.2551105,0.23412102,-0.17404498,0.20556965,-0.6088168,0.38561535,-0.38378248,0.2853656,0.25474933,-0.012793697,-0.024827305,-0.49118012,-0.24395949,0.2761341,0.45941287,0.13163787,-0.006499024,0.1474613,0.068162575,0.3944735,0.25949946,-0.026470091,-0.27298197,0.5955454,0.4292732,0.13805994,-0.5051718,-0.09082664
2024-12-20 17:00:00,-0.18418461,-0.4673872,-0.24998683,-0.35439253,-0.2503733,0.22730851,-0.16898352,0.20117348,-0.5995447,0.37680426,-0.374164,0.28239664,0.24971177,-0.011010982,-0.026570667,-0.4811498,-0.23515767,0.27418736,0.44941944,0.1329512,-0.0061967876,0.14340506,0.06400989,0.38569087,0.25105816,-0.025475342,-0.27118817,0.5859476,0.42651168,0.13491777,-0.4975614,-0.09093592
2024-12-20 18:00:00,-0.1793805,-0.45364797,-0.24495599,-0.34577793,-0.24340694,0.22565663,-0.16338621,0.19516656,-0.5852295,0.36857322,-0.36540493,0.2772561,0.24297927,-0.006726846,-0.029162262,-0.4720084,-0.22680229,0.2709591,0.43707162,0.13275532,-0.0061487183,0.14298546,0.06351915,0.37979585,0.24459854,-0.023827795,-0.26756227,0.57379097,0.4185656,0.13061514,-0.4872551,-0.09041933
2024-12-20 19:00:00,-0.17472821,-0.4485678,-0.23935181,-0.34283304,-0.23927782,0.2263467,-0.1631767,0.18752328,-0.5794722,0.36761355,-0.36055565,0.27532992,0.23922352,-0.006723039,-0.02700523,-0.46693718,-0.2260603,0.2675313,0.43123913,0.131902,-0.0046897735,0.14344153,0.05977058,0.37523592,0.24286303,-0.022837158,-0.26383683,0.56709284,0.41246903,0.13330483,-0.48383692,-0.08497865
2024-12-20 20:00:00,-0.17082274,-0.4410681,-0.23457426,-0.34024644,-0.23455776,0.22719029,-0.1626883,0.18199286,-0.572315,0.36581138,-0.35529798,0.27146235,0.2342545,-0.0060743466,-0.025176395,-0.4617405,-0.22502193,0.26395825,0.42518824,0.1300186,-0.0035571698,0.1449763,0.058028292,0.3723238,0.24148652,-0.02194443,-0.2605566,0.5607086,0.40512612,0.13371982,-0.47971755,-0.080493756
2024-12-23 14:00:00,-0.16882405,-0.43592012,-0.23120815,-0.3373205,-0.23132332,0.22481683,-0.16171853,0.1771191,-0.5659538,0.3619212,-0.35582706,0.26721632,0.23074852,-0.0060894117,-0.026316505,-0.45790726,-0.22248247,0.25896323,0.42134124,0.1300348,-0.0051539745,0.14407063,0.058981676,0.37020898,0.23896202,-0.019937623,-0.25565264,0.5558489,0.4001209,0.13418287,-0.4735605,-0.07731212
2024-12-23 15:00:00,-0.16868928,-0.42892215,-0.22793478,-0.33276385,-0.22968392,0.21850312,-0.1602554,0.175794,-0.5599592,0.35557887,-0.34900928,0.26216254,0.22527991,-0.0054408535,-0.026405226,-0.44968402,-0.21866027,0.25546166,0.41635424,0.12984201,-0.0046007857,0.14152491,0.056604873,0.3646941,0.23448542,-0.01972368,-0.2529276,0.5505308,0.39730668,0.1316728,-0.46834895,-0.07712088
2024-12-23 16:00:00,-0.16498417,-0.42354217,-0.22311553,-0.3299057,-0.22668032,0.21747193,-0.15977737,0.17217475,-0.5551574,0.35376993,-0.33907044,0.26010308,0.2204764,-0.005345769,-0.023050506,-0.442652,-0.2177386,0.25496334,0.41038895,0.12748581,-0.00214497,0.1413108,0.050793957,0.35908553,0.23254678,-0.019760292,-0.25200647,0.5452377,0.3932474,0.13189295,-0.46686274,-0.073802926
2024-12-23 17:00:00,-0.16278535,-0.41920453,-0.21949807,-0.32817036,-0.22470479,0.21418992,-0.16027454,0.17031515,-0.5506827,0.35064298,-0.33114645,0.2579252,0.21657439,-0.0050461665,-0.020931471,-0.4356647,-0.21664983,0.25383246,0.405856,0.12524611,-0.0017930921,0.14071271,0.046458434,0.35495615,0.22951975,-0.020588282,-0.25168538,0.5414447,0.39037594,0.12994187,-0.4649346,-0.072507896
2024-12-23 18:00:00,-0.15895224,-0.41635996,-0.21570575,-0.32756382,-0.22190304,0.21421185,-0.16126128,0.16686371,-0.5473262,0.3506166,-0.32495415,0.25718465,0.21385129,-0.0052305683,-0.017801631,-0.43111145,-0.21729717,0.25310308,0.40200162,0.122524075,-0.00079343095,0.14124812,0.042065445,0.35231704,0.2286077,-0.020539071,-0.25151512,0.5383572,0.38681984,0.13001642,-0.46439454,-0.06885836
2024-12-23 19:00:00,-0.15489122,-0.41596645,-0.21286857,-0.32900506,-0.21933995,0.216409,-0.16342184,0.16326156,-0.54605573,0.35317254,-0.32280105,0.25717273,0.21315174,-0.006081134,-0.01430475,-0.4298312,-0.21963641,0.2521067,0.4003657,0.11981247,-0.00012747943,0.1432445,0.039617117,0.3522725,0.22987323,-0.019832265,-0.251163,0.5372474,0.3834096,0.13172254,-0.46528482,-0.063834794
2024-12-23 20:00:00,-0.15261538,-0.4144731,-0.2114158,-0.32974982,-0.21717896,0.21726447,-0.16475788,0.16131026,-0.54379416,0.35379365,-0.32354403,0.25566545,0.21278973,-0.006390102,-0.013020992,-0.42939407,-0.22056127,0.2499289,0.39928186,0.11803777,-0.00045648962,0.14465685,0.040145826,0.35332257,0.23085284,-0.018376175,-0.2497702,0.5365169,0.38029194,0.13221857,-0.46407136,-0.060394384
2024-12-24 14:00:00,-0.15191713,-0.4163162,-0.2110725,-0.32995075,-0.21624915,0.21513811,-0.16593455,0.15967703,-0.5441373,0.35346487,-0.3277886,0.2552218,0.214092,-0.007804416,-0.013125882,-0.43004453,-0.22021574,0.24770048,0.40020466,0.11837479,-0.0018801559,0.14391254,0.041653227,0.35399482,0.23090282,-0.016247284,-0.2477996,0.53731704,0.38002235,0.13400692,-0.46251374,-0.057519116
2024-12-24 15:00:00,-0.1518244,-0.41419894,-0.21051687,-0.32814473,-0.21503146,0.21234691,-0.16476418,0.15981317,-0.54172146,0.35072044,-0.32691234,0.2532145,0.21310888,-0.007512711,-0.01375569,-0.42772752,-0.21767068,0.2464806,0.39831525,0.11845437,-0.0019966569,0.14315,0.04259066,0.35268378,0.22951287,-0.014926877,-0.2467919,0.5355677,0.3791931,0.13318935,-0.45983702,-0.057062976
2024-12-24 16:00:00,-0.14963701,-0.4145347,-0.20936531,-0.32826006,-0.21372168,0.21396014,-0.16475075,0.15789208,-0.5414485,0.35226688,-0.32608163,0.25348726,0.21351717,-0.007999994,-0.012068324,-0.4276327,-0.217877,0.24690537,0.3970415,0.11773181,-0.0009366218,0.14428248,0.041852493,0.35191023,0.2308493,-0.013703126,-0.2463271,0.5345939,0.37804908,0.13551253,-0.4604681,-0.054214768
2024-12-26 14:00:00,-0.14828578,-0.41567189,-0.20882303,-0.32992142,-0.2133496,0.21555147,-0.16590956,0.15712845,-0.542346,0.3544062,-0.32550168,0.2537623,0.21418943,-0.008627012,-0.009891834,-0.42807692,-0.21943724,0.24734364,0.39704418,0.116535954,-0.00018180348,0.14620978,0.041297045,0.35227627,0.23274155,-0.013542544,-0.24650788,0.5350202,0.37732196,0.13711107,-0.46233702,-0.052004397
2024-12-26 15:00:00,-0.14835916,-0.41522202,-0.20903373,-0.33040774,-0.21328174,0.21512136,-0.16623807,0.15768272,-0.5416677,0.35402957,-0.32582974,0.25291258,0.21437056,-0.0085890815,-0.009781238,-0.42787158,-0.21953061,0.24701895,0.39687097,0.115912236,-0.0005203616,0.14679877,0.041945454,0.35271442,0.23315257,-0.013214324,-0.24631327,0.5353532,0.37704664,0.1367246,-0.46196187,-0.05186063
2024-12-26 16:00:00,-0.14752051,-0.41543165,-0.20861143,-0.33178818,-0.21345128,0.2173383,-0.1671174,0.15772918,-0.54233617,0.35625777,-0.32413357,0.2531368,0.21428709,-0.00883697,-0.007866133,-0.4281721,-0.22155419,0.24787292,0.39693356,0.11442439,0.0007712394,0.14844078,0.04071742,0.35325903,0.23531729,-0.013486724,-0.24677555,0.53583044,0.37631992,0.1375187,-0.46403807,-0.05062098
2024-12-26 17:00:00,-0.14720812,-0.4163786,-0.20835209,-0.33409792,-0.21440609,0.21902484,-0.1689892,0.15849724,-0.5438696,0.35862714,-0.32242545,0.25352183,0.21421207,-0.009303637,-0.005696751,-0.42845786,-0.22443154,0.24869001,0.3978805,0.112506375,0.0015509408,0.15005314,0.039295156,0.35427317,0.23741066,-0.014423292,-0.24756421,0.5372495,0.376022,0.13783625,-0.46695662,-0.04982672
2024-12-26 18:00:00,-0.14694506,-0.4166593,-0.20814049,-0.33599645,-0.21507154,0.22054604,-0.17062727,0.15926379,-0.54467404,0.36046314,-0.32130784,0.25364664,0.21401955,-0.009582214,-0.004102532,-0.42872393,-0.22690094,0.24906372,0.3986382,0.11060584,0.0019016806,0.15121238,0.03836238,0.35548115,0.2391204,-0.014955271,-0.24813761,0.53847533,0.37544873,0.1376813,-0.46903569,-0.04924155
2024-12-26 19:00:00,-0.14615628,-0.41736147,-0.20811814,-0.33831656,-0.2154056,0.22389197,-0.17243394,0.1593839,-0.5458538,0.3636292,-0.32203454,0.2541795,0.21459462,-0.010031067,-0.0023678094,-0.43069357,-0.22988695,0.2492221,0.39992636,0.10872845,0.0024101716,0.15296666,0.03827801,0.35775447,0.24193034,-0.01477338,-0.24838981,0.5399389,0.37435347,0.13854975,-0.47143134,-0.04775174
2024-12-26 20:00:00,-0.14639679,-0.4220401,-0.20898479,-0.341932,-0.2171468,0.22564062,-0.17570095,0.16011122,-0.55052215,0.36757758,-0.32491082,0.25609303,0.21675174,-0.011623703,-0.00032763556,-0.4340585,-0.23365927,0.24966048,0.40380907,0.107631296,0.0023674387,0.15416253,0.038428318,0.3606313,0.24494937,-0.014940675,-0.24900049,0.5439179,0.37543166,0.14074567,-0.47541362,-0.045981057
2024-12-27 14:00:00,-0.14618383,-0.426289,-0.21060449,-0.34521002,-0.21782683,0.2289742,-0.17762493,0.16059065,-0.554313,0.37178046,-0.3302039,0.25794715,0.2200159,-0.012896575,0.00088238344,-0.4390512,-0.23633206,0.25031707,0.4073217,0.107036225,0.0020044502,0.15585776,0.040628392,0.3642665,0.24841404,-0.013794716,-0.24958871,0.5475626,0.37626392,0.14338681,-0.47833237,-0.044046767
2024-12-27 15:00:00,-0.15160167,-0.42697436,-0.21328992,-0.34353048,-0.22060405,0.21922752,-0.17712788,0.16590953,-0.55464506,0.36478415,-0.3329273,0.25637946,0.2198144,-0.012606062,-0.0038538687,-0.43684304,-0.23238379,0.24885395,0.40962934,0.10936301,-0.0013493728,0.1509998,0.043767575,0.3640526,0.24350172,-0.013922226,-0.24950947,0.54960245,0.38058063,0.13910109,-0.47451532,-0.049934633
2024-12-27 16:00:00,-0.15218219,-0.4270894,-0.21433443,-0.34063601,-0.22005694,0.21749815,-0.17371318,0.16627651,-0.55397713,0.3624156,-0.33438691,0.25769606,0.22105862,-0.012110814,-0.0067108646,-0.43693084,-0.22831684,0.25046954,0.40859336,0.11167978,-0.001864126,0.14793381,0.045059677,0.362549,0.24151474,-0.012132939,-0.24998166,0.548596,0.3827384,0.13886222,-0.47203088,-0.051990233
2024-12-27 17:00:00,-0.15332368,-0.41741753,-0.21417254,-0.33457953,-0.21805088,0.21507177,-0.16801348,0.16722071,-0.54548067,0.35491487,-0.3320242,0.25386643,0.21785419,-0.00803221,-0.012212127,-0.4327411,-0.22129497,0.24919131,0.40264755,0.11359647,-0.002476044,0.14563917,0.048325527,0.35982615,0.23706579,-0.011042412,-0.24821074,0.54215914,0.38036573,0.1333631,-0.46429002,-0.057167865
2024-12-27 18:00:00,-0.15356582,-0.41488978,-0.2129516,-0.33115304,-0.21773921,0.21365595,-0.16598336,0.16515085,-0.5431385,0.35220996,-0.33134556,0.25345796,0.21660776,-0.007356964,-0.014180273,-0.4309324,-0.21864954,0.24811524,0.400474,0.11563565,-0.0022131708,0.14322059,0.047694635,0.35704535,0.23491254,-0.0106195845,-0.24618672,0.5390013,0.37980267,0.1336466,-0.4614857,-0.058172874
2024-12-27 19:00:00,-0.15328938,-0.41329423,-0.21115384,-0.3295462,-0.21733789,0.21243455,-0.16528125,0.16377798,-0.5423451,0.3509139,-0.32722768,0.253292,0.21447684,-0.007232398,-0.013485517,-0.42799032,-0.21776918,0.24800119,0.3984968,0.11606262,-0.0011081826,0.1424871,0.045126315,0.3540642,0.233074,-0.011839438,-0.24603088,0.53663886,0.3788439,0.13360745,-0.46134412,-0.05820752
2024-12-27 20:00:00,-0.15233989,-0.40968022,-0.2096084,-0.32773316,-0.21581487,0.21229543,-0.16405949,0.16233855,-0.538953,0.34906444,-0.32398945,0.251936,0.21222182,-0.006327428,-0.013629891,-0.42519045,-0.21641538,0.2473526,0.3955397,0.115789495,-0.0009057671,0.14248389,0.04390463,0.35205188,0.2313168,-0.012260806,-0.24559724,0.53373885,0.3766743,0.13239285,-0.45946252,-0.058314078
2024-12-30 14:00:00,-0.15284401,-0.4090942,-0.20935595,-0.32560498,-0.21521,0.20852147,-0.16320957,0.161048,-0.537174,0.34566888,-0.32555553,0.2510437,0.21175705,-0.0063714683,-0.015694223,-0.42352998,-0.21385443,0.24542405,0.39482987,0.11743947,-0.0027108993,0.14026342,0.044380125,0.35057282,0.22820851,-0.011846703,-0.24423368,0.5325808,0.3769697,0.13162306,-0.4561155,-0.0588981
2024-12-30 15:00:00,-0.15409216,-0.40809736,-0.20942062,-0.3219027,-0.21456431,0.20196527,-0.16089118,0.16095647,-0.53490293,0.3400472,-0.32531524,0.2497432,0.21073975,-0.006021641,-0.018428575,-0.4200446,-0.20895943,0.24386883,0.39320487,0.11994384,-0.0044013206,0.13679847,0.044662844,0.34758365,0.22311646,-0.011434164,-0.24357222,0.5305171,0.37855688,0.12950927,-0.45179105,-0.0608662
2024-12-30 16:00:00,-0.15465502,-0.40545863,-0.2092169,-0.31719106,-0.21333288,0.19616467,-0.15730533,0.16121078,-0.5310621,0.33388403,-0.32225573,0.24828959,0.20915742,-0.0046031848,-0.021111783,-0.41544223,-0.20306039,0.24348038,0.3896798,0.122149855,-0.00532292,0.13383853,0.044264104,0.3435955,0.21754986,-0.011225868,-0.24369532,0.526978,0.37980622,0.12649,-0.44731688,-0.063557155
2024-12-30 17:00:00,-0.15295632,-0.40198117,-0.20717353,-0.31350815,-0.21137132,0.19429436,-0.15469685,0.15971252,-0.52721494,0.3306801,-0.31555417,0.24756792,0.20668294,-0.0029857457,-0.021160237,-0.41054493,-0.19978449,0.24405743,0.38482422,0.12250944,-0.004189307,0.13310423,0.04131685,0.3392598,0.21402851,-0.012019064,-0.24417725,0.52244264,0.3788778,0.12483642,-0.445246,-0.06414414
2024-12-30 18:00:00,-0.15004078,-0.39548472,-0.20400512,-0.31072485,-0.20829962,0.19592573,-0.15295167,0.15690222,-0.5212054,0.3290228,-0.3082791,0.24559137,0.20299551,-0.0007995814,-0.020244025,-0.4057153,-0.19846934,0.243621,0.37901944,0.12100039,-0.0026824437,0.1344522,0.038514193,0.3363984,0.21235967,-0.012951586,-0.24363932,0.5168329,0.3746511,0.122779384,-0.44295135,-0.063484676
2024-12-30 19:00:00,-0.148128,-0.39016974,-0.20146337,-0.30867875,-0.20582037,0.19667423,-0.15261495,0.15390137,-0.51596725,0.3273051,-0.30572906,0.24316648,0.20020488,0.0005049929,-0.0203019,-0.40273613,-0.19798362,0.24104585,0.37540454,0.120114036,-0.0024282355,0.13505892,0.037533578,0.3351876,0.21130264,-0.012981977,-0.24142234,0.5129716,0.37039706,0.12162156,-0.4397322,-0.062196143
2024-12-30 20:00:00,-0.14604726,-0.38552824,-0.19863883,-0.30729693,-0.20344768,0.19859567,-0.15293057,0.15070027,-0.5121211,0.32723016,-0.3038367,0.24084279,0.19730122,0.0010445714,-0.019405916,-0.40093857,-0.19875887,0.23818395,0.37267345,0.11885167,-0.0013706312,0.1360678,0.03655574,0.33468187,0.21171379,-0.012560245,-0.23881489,0.50975823,0.36561185,0.12197804,-0.43770176,-0.059414007
2024-12-31 14:00:00,-0.14549994,-0.37993306,-0.19650438,-0.30498743,-0.20164786,0.19785233,-0.15266338,0.1488834,-0.50734204,0.32466045,-0.3031515,0.23721752,0.19407086,0.0018459782,-0.020380568,-0.39842916,-0.19781289,0.23450482,0.37004262,0.118292205,-0.0014836118,0.13573414,0.03723469,0.33388808,0.21085641,-0.011670489,-0.23545788,0.5065128,0.3613891,0.121138155,-0.43377864,-0.058223687
2024-12-31 15:00:00,-0.14479125,-0.37286153,-0.19410405,-0.30151492,-0.19939192,0.19746104,-0.15128702,0.14669308,-0.5013108,0.32151258,-0.3023735,0.23308712,0.19032723,0.0030441135,-0.022036444,-0.39575845,-0.19580516,0.23063867,0.36629546,0.11799886,-0.0012858976,0.13494511,0.03840893,0.33255124,0.20989749,-0.009894062,-0.23143673,0.5020455,0.35648423,0.12058971,-0.42882347,-0.05716566
2024-12-31 16:00:00,-0.14501819,-0.36314857,-0.19096696,-0.2975211,-0.19814621,0.19585323,-0.14986297,0.14620024,-0.49462208,0.31725186,-0.2966087,0.22800732,0.18452856,0.0049677864,-0.023047157,-0.38997042,-0.19385675,0.22749147,0.3613097,0.11682349,-0.00013739802,0.13378622,0.037575733,0.32952988,0.20835604,-0.009424109,-0.22802909,0.49650377,0.35136107,0.117934026,-0.4244752,-0.058075257
2024-12-31 17:00:00,-0.14419363,-0.35815287,-0.18737769,-0.2951882,-0.19730653,0.19483891,-0.1500853,0.14396957,-0.49107546,0.3152702,-0.29199955,0.22569463,0.18016307,0.0050199404,-0.02212055,-0.38567412,-0.19364488,0.22507007,0.35825354,0.11535086,0.0007939786,0.1323284,0.034851696,0.32654408,0.20711088,-0.0092202835,-0.22542575,0.4928372,0.34740153,0.118081264,-0.4228369,-0.056692727
2024-12-31 18:00:00,-0.14390874,-0.35428005,-0.18477234,-0.2925619,-0.19620965,0.19120634,-0.14985941,0.1423387,-0.48742554,0.31158575,-0.28937787,0.22343385,0.17674945,0.005151868,-0.022590306,-0.38122267,-0.19167557,0.22230159,0.35549223,0.114838675,0.00012418255,0.12995747,0.033669923,0.3235467,0.20414142,-0.00877763,-0.22331367,0.48971674,0.34467226,0.11727451,-0.41972122,-0.05604727
2024-12-31 19:00:00,-0.14243832,-0.3530503,-0.18235591,-0.29089254,-0.19467472,0.1890662,-0.14979647,0.13965246,-0.4857273,0.30999258,-0.28744072,0.22287282,0.17493506,0.0045671836,-0.021759715,-0.37823927,-0.19033685,0.2205537,0.35333657,0.114386626,8.477084e-05,0.1285133,0.032154832,0.3209877,0.20213741,-0.007979181,-0.22195032,0.48739153,0.34273863,0.118139274,-0.41813082,-0.053679638
2024-12-31 20:00:00,-0.14230618,-0.35498524,-0.18141305,-0.28961682,-0.19423078,0.18325031,-0.14998798,0.13860232,-0.485882,0.30696592,-0.28629392,0.2231439,0.17451705,0.0035420135,-0.02151293,-0.37485015,-0.18792287,0.21961157,0.35257417,0.11509367,-0.0012949128,0.1260922,0.030908938,0.31803256,0.19853503,-0.0077803545,-0.2218472,0.48681793,0.34396964,0.11825182,-0.4167384,-0.052618288
2025-01-02 14:00:00,-0.14063525,-0.35226056,-0.1810303,-0.28584188,-0.1905166,0.18061468,-0.14650215,0.13591737,-0.48059088,0.30276307,-0.288447,0.22160563,0.17461945,0.00471323,-0.024370514,-0.37304008,-0.18224189,0.21779433,0.34865648,0.11665573,-0.0031298697,0.12471998,0.03373165,0.31620076,0.19517218,-0.0049185567,-0.22013476,0.48298132,0.34257963,0.11761324,-0.41054502,-0.0517584
2025-01-02 15:00:00,-0.14217591,-0.3452379,-0.18068331,-0.27871478,-0.18876968,0.17180113,-0.14155596,0.13657364,-0.4723242,0.29261455,-0.28507286,0.21698597,0.17143135,0.007833183,-0.029331721,-0.36549258,-0.17353147,0.21538912,0.34299076,0.11943573,-0.0048528127,0.12095958,0.03516562,0.3110184,0.1880277,-0.0037189387,-0.21802847,0.4768471,0.34232253,0.11240801,-0.401741,-0.0558215
2025-01-02 16:00:00,-0.14125551,-0.33657286,-0.17812702,-0.2716915,-0.18590946,0.1681724,-0.13649625,0.13512453,-0.46384934,0.28545442,-0.2776184,0.21363816,0.1671844,0.011208437,-0.031821657,-0.35815275,-0.16707662,0.21450442,0.33521938,0.12059017,-0.004071541,0.118572354,0.033549037,0.305182,0.18297873,-0.0029545687,-0.21638726,0.46919784,0.33959758,0.108865246,-0.39540634,-0.05811999
2025-01-02 17:00:00,-0.14074475,-0.3205418,-0.17374513,-0.26254708,-0.18207093,0.16355014,-0.13097498,0.13417831,-0.44996452,0.2750323,-0.2657215,0.20672208,0.15909934,0.016890336,-0.035357684,-0.34625512,-0.15985599,0.21171805,0.32392365,0.12055355,-0.0033993013,0.11602962,0.031196725,0.29810473,0.1762963,-0.0030164532,-0.21325117,0.45777875,0.33303735,0.10121213,-0.38605392,-0.062630124
2025-01-02 18:00:00,-0.13992855,-0.3085714,-0.16900161,-0.25399768,-0.17816155,0.15904252,-0.12701985,0.13000485,-0.43788534,0.2657937,-0.2597259,0.20133469,0.15236391,0.020563561,-0.039185684,-0.33726984,-0.1537905,0.20658112,0.3153382,0.121483326,-0.0036054384,0.112280846,0.02964316,0.2920594,0.17005071,-0.0021151565,-0.20843402,0.44782028,0.32639155,0.09750076,-0.37646398,-0.06412015
2025-01-02 19:00:00,-0.13883734,-0.30283666,-0.16390494,-0.24797495,-0.17531238,0.15362684,-0.12530349,0.12524506,-0.4319784,0.25970054,-0.25382867,0.19880465,0.14683647,0.021406125,-0.039481264,-0.32932,-0.15007722,0.20247716,0.30981362,0.12205359,-0.003071908,0.10868026,0.026061464,0.2857017,0.16424224,-0.0023409277,-0.20510238,0.44086275,0.32216865,0.096818805,-0.37127364,-0.06250916
2025-01-02 20:00:00,-0.1362729,-0.29841542,-0.15886116,-0.24310444,-0.17146946,0.14874308,-0.123888075,0.120592244,-0.42678797,0.25464073,-0.246921,0.19685946,0.14198618,0.02192387,-0.038397357,-0.3213917,-0.14663681,0.19950807,0.30391985,0.121634714,-0.0025608726,0.106578946,0.02223337,0.27954474,0.15871754,-0.0025679357,-0.20300394,0.4344923,0.31807715,0.09634259,-0.36727226,-0.05948303
2025-01-03 14:00:00,-0.13214913,-0.29529804,-0.15464655,-0.23993064,-0.16655023,0.14727496,-0.12306072,0.114885844,-0.42214566,0.25237796,-0.24357125,0.19543074,0.1393842,0.02219465,-0.0369602,-0.31671125,-0.14439252,0.19643702,0.2986815,0.12080091,-0.0021938886,0.10676424,0.020417612,0.27589342,0.15577382,-0.0016356297,-0.20077035,0.42927486,0.31350416,0.09744802,-0.3636308,-0.054463424
2025-01-03 15:00:00,-0.13011605,-0.29322317,-0.15254518,-0.2361628,-0.16281433,0.14188461,-0.12184639,0.11148251,-0.4176385,0.2477245,-0.24194786,0.19329861,0.13780284,0.022467576,-0.037448887,-0.311745,-0.14033276,0.1935247,0.29471934,0.12154552,-0.0033131521,0.10572551,0.019993994,0.2721547,0.1517882,-0.00051473826,-0.19860414,0.42542124,0.3116267,0.09708576,-0.35852182,-0.051433794
2025-01-03 16:00:00,-0.12679853,-0.29043734,-0.14958027,-0.23349155,-0.15930545,0.14008397,-0.12072128,0.10847644,-0.41417295,0.24564424,-0.23640531,0.19176364,0.13562085,0.02303135,-0.035808016,-0.3069806,-0.1384396,0.19258636,0.28987157,0.12064605,-0.002218997,0.10633934,0.017456632,0.2685798,0.14986336,-0.00014103577,-0.19763806,0.4213767,0.3091375,0.09717957,-0.3565312,-0.048016965
2025-01-03 17:00:00,-0.1226891,-0.28787953,-0.14639893,-0.23257346,-0.15576434,0.14112335,-0.1210452,0.10483352,-0.41130385,0.24595901,-0.23202035,0.19044648,0.13409026,0.023292203,-0.033118825,-0.30383283,-0.13883463,0.19143951,0.2856983,0.11866069,-0.00092130154,0.10861915,0.015101057,0.26673007,0.15011886,2.1714717e-05,-0.19638537,0.41802943,0.3055856,0.09803493,-0.35593477,-0.043626435
2025-01-03 18:00:00,-0.11945023,-0.28703886,-0.1438553,-0.23264305,-0.15332532,0.14098355,-0.12270817,0.10211546,-0.41003925,0.24659368,-0.2287102,0.18939123,0.13302653,0.02281797,-0.030237168,-0.3012861,-0.14028043,0.19015877,0.2832523,0.11671771,-7.31647e-05,0.1106752,0.0126982,0.26555887,0.15079916,-0.00023207068,-0.19521216,0.41646582,0.30310795,0.09898083,-0.3562603,-0.039265133
2025-01-03 19:00:00,-0.11616348,-0.28674623,-0.14194956,-0.2334344,-0.15098126,0.14231136,-0.124643356,0.09960934,-0.4093706,0.24849692,-0.22733131,0.18856627,0.13280748,0.022084896,-0.027413286,-0.30044252,-0.14231798,0.1888769,0.28166962,0.1146031,0.0007218253,0.11322241,0.0112941675,0.2657461,0.15269935,7.909909e-05,-0.1941068,0.4157555,0.30072692,0.100426935,-0.3570066,-0.034599744
2025-01-03 20:00:00,-0.11376387,-0.2867692,-0.14115131,-0.23467465,-0.14925657,0.14420551,-0.12663363,0.09795522,-0.40908456,0.25076643,-0.22849748,0.18760386,0.1335269,0.021235075,-0.025454428,-0.3013174,-0.14435002,0.18733716,0.28124535,0.112909436,0.0012576114,0.115816966,0.011530276,0.26724595,0.15547064,0.00095630065,-0.19274333,0.41604197,0.29879722,0.101995975,-0.35751063,-0.03056109
2025-01-06 14:00:00,-0.11230436,-0.28854793,-0.14157239,-0.23558475,-0.1479939,0.14532922,-0.12830874,0.09627885,-0.40985137,0.25278187,-0.23361552,0.18730272,0.13570838,0.019856796,-0.024826251,-0.30417705,-0.14524913,0.1855526,0.2822556,0.11281699,0.0010350943,0.11743988,0.013764527,0.2693065,0.15815033,0.0028459504,-0.19082718,0.41750687,0.2982931,0.104818925,-0.3569998,-0.026745237
2025-01-06 15:00:00,-0.11333144,-0.2887549,-0.14301598,-0.23377825,-0.14762066,0.14113298,-0.12750198,0.096926875,-0.4086328,0.24975935,-0.23734432,0.18592902,0.1367157,0.01940927,-0.027255107,-0.3041337,-0.14206299,0.18446648,0.28236222,0.11464161,-0.00037591904,0.11613475,0.016565781,0.26895222,0.15718825,0.0048705824,-0.18932259,0.4178545,0.2998405,0.105084196,-0.3534453,-0.026781596
2025-01-06 16:00:00,-0.11225446,-0.28902188,-0.14292377,-0.2330996,-0.14680363,0.14192562,-0.12636563,0.09596423,-0.40874547,0.25021166,-0.23778027,0.18607625,0.13758256,0.019109339,-0.02706585,-0.30469722,-0.14081633,0.18506423,0.2812798,0.11529375,0.00058722124,0.11651875,0.017413575,0.26822358,0.15832949,0.0062228255,-0.18877913,0.41710708,0.29991317,0.10715928,-0.3531658,-0.02535066
2025-01-06 17:00:00,-0.11103192,-0.28675997,-0.14199209,-0.23359741,-0.14607045,0.1448726,-0.12603095,0.09557099,-0.40783685,0.25157052,-0.23567924,0.18496075,0.13718586,0.019385383,-0.025849145,-0.30449688,-0.14165106,0.18533322,0.2794925,0.11416349,0.0022708513,0.11871788,0.017293584,0.26826203,0.16069767,0.006271798,-0.18817993,0.41563836,0.2977188,0.10769212,-0.35415924,-0.024418712
2025-01-06 18:00:00,-0.11143468,-0.28373176,-0.14162773,-0.23378117,-0.14639492,0.1458399,-0.12613791,0.096577324,-0.40610316,0.25130728,-0.23452073,0.1830306,0.13613407,0.01983146,-0.02608705,-0.3038563,-0.14250821,0.18480968,0.27852792,0.113190874,0.0028501227,0.119657144,0.01728433,0.26857805,0.16199023,0.00606782,-0.1873165,0.41503322,0.29602295,0.10670165,-0.3540408,-0.025275916
2025-01-06 19:00:00,-0.1118191,-0.2765349,-0.1398733,-0.23065673,-0.14534517,0.14448637,-0.124604106,0.09668309,-0.4003198,0.24754262,-0.2318222,0.17919001,0.1326506,0.021423906,-0.02812545,-0.30010527,-0.14084703,0.18254724,0.27483386,0.112646624,0.0032405648,0.1186851,0.017028239,0.26683283,0.1607385,0.006600011,-0.18493092,0.4112634,0.29243308,0.10424711,-0.3501891,-0.02681017
2025-01-06 20:00:00,-0.11145778,-0.27432382,-0.13792348,-0.22849761,-0.14458252,0.14317065,-0.12448968,0.09465756,-0.39850038,0.24588588,-0.23134798,0.17822923,0.13069531,0.02125742,-0.028469972,-0.2982852,-0.14008152,0.18046431,0.2733832,0.11273455,0.0035544317,0.11719951,0.016297143,0.26519844,0.15961592,0.007120367,-0.1827399,0.40921485,0.29041693,0.10504221,-0.3482542,-0.025676392
2025-01-07 14:00:00,-0.111138016,-0.2743283,-0.13696349,-0.22651859,-0.14357607,0.14035982,-0.1241561,0.092709996,-0.39783275,0.24387395,-0.2324962,0.17807248,0.13007024,0.020698503,-0.029071067,-0.29700536,-0.13813993,0.17887226,0.27258122,0.11376654,0.0028998237,0.115514964,0.016741548,0.26343754,0.15770113,0.007962916,-0.18119651,0.4080683,0.29002354,0.106210545,-0.34596276,-0.024184026
2025-01-07 15:00:00,-0.11349644,-0.2656111,-0.1367701,-0.21768709,-0.14194006,0.12902091,-0.11813256,0.095295526,-0.38734865,0.23108307,-0.22761625,0.17269099,0.12520123,0.02439934,-0.03580938,-0.2875536,-0.12806591,0.177497,0.2661726,0.116724774,0.00029829144,0.109917544,0.017469693,0.25687987,0.1484861,0.009510193,-0.17985265,0.40148723,0.28979656,0.09937745,-0.33574855,-0.03018666
2025-01-07 16:00:00,-0.1136661,-0.2573228,-0.13508657,-0.2097091,-0.1395051,0.123998374,-0.11181672,0.09452867,-0.37830257,0.22233555,-0.22246718,0.16981006,0.12144542,0.028111588,-0.040471412,-0.28087133,-0.12012053,0.17679939,0.2590075,0.11913498,-0.00029659644,0.105263636,0.01698963,0.25105914,0.14216068,0.011168715,-0.1784721,0.3940056,0.2879369,0.09539182,-0.32793492,-0.034189515
2025-01-07 17:00:00,-0.11217805,-0.24355876,-0.13006598,-0.20094906,-0.13475601,0.12107244,-0.10610083,0.09126461,-0.36622372,0.21364531,-0.21352413,0.16446869,0.114863515,0.032900784,-0.043776073,-0.27133715,-0.113649555,0.17349172,0.24845399,0.119750276,0.00096844696,0.10258785,0.015162673,0.24436565,0.13658993,0.011947643,-0.17464817,0.38271028,0.28054538,0.09081297,-0.31931913,-0.036423557
2025-01-07 18:00:00,-0.111237764,-0.23775056,-0.12501603,-0.19587578,-0.13267316,0.11632788,-0.10452594,0.08819876,-0.36127278,0.20806827,-0.20460111,0.16255121,0.10920818,0.034317978,-0.043228716,-0.26293635,-0.11133929,0.17146443,0.24277626,0.11949743,0.0020269156,0.09983149,0.010083374,0.2378794,0.13147038,0.010235272,-0.17257848,0.3763735,0.27666524,0.089012474,-0.3164063,-0.03607013
2025-01-07 19:00:00,-0.108464405,-0.23223788,-0.120586194,-0.19286354,-0.12879567,0.11598784,-0.10390954,0.08409078,-0.35643196,0.20582733,-0.199458,0.16070852,0.10533629,0.03547225,-0.042177215,-0.2578221,-0.110645734,0.16865006,0.23768003,0.11792297,0.0029208697,0.09976461,0.0072817616,0.23472342,0.1290239,0.009734411,-0.1705748,0.37097633,0.2712429,0.088160455,-0.31368536,-0.033481978
2025-01-07 20:00:00,-0.106490605,-0.22008908,-0.11623678,-0.18510835,-0.12294456,0.11135028,-0.100612275,0.08047787,-0.3442073,0.19757226,-0.19434953,0.1540324,0.09946124,0.03882553,-0.04546903,-0.24889027,-0.105351396,0.16305597,0.22885908,0.11780377,0.0028435495,0.09808703,0.006687984,0.22952156,0.124211386,0.011121508,-0.1654904,0.36180323,0.2636812,0.08430807,-0.3038557,-0.032564692
2025-01-08 14:00:00,-0.10382929,-0.21511552,-0.1117462,-0.17744331,-0.11748867,0.10511324,-0.0983039,0.07358605,-0.33724225,0.19092739,-0.19301409,0.15117157,0.09570333,0.039264012,-0.047083028,-0.24240904,-0.099848114,0.15753801,0.22267048,0.11954723,0.0024940334,0.095024705,0.0060236044,0.22341047,0.119039714,0.013210628,-0.16012484,0.35481477,0.2594071,0.08567077,-0.29538932,-0.027538829
2025-01-08 15:00:00,-0.10049176,-0.21099278,-0.10765872,-0.16892184,-0.111426026,0.095950514,-0.09482628,0.06767551,-0.3305831,0.18246162,-0.18882328,0.14874393,0.09233667,0.039908066,-0.048405834,-0.23395424,-0.09210459,0.15398811,0.21499299,0.12189084,0.001896793,0.09190151,0.0048095696,0.21513464,0.11231774,0.015419841,-0.15630165,0.34740752,0.25691068,0.086340286,-0.28708524,-0.02251643
2025-01-08 16:00:00,-0.095776275,-0.20509142,-0.103397556,-0.16217451,-0.10545607,0.09077115,-0.09122857,0.06339858,-0.32368794,0.1760911,-0.18046123,0.1460442,0.08907087,0.041812226,-0.048394497,-0.22554587,-0.086348586,0.15272972,0.20580848,0.1221605,0.002818184,0.09140095,0.0020972379,0.2077798,0.10781217,0.01657739,-0.15415439,0.33972114,0.25326645,0.08564332,-0.2816741,-0.018576689
2025-01-08 17:00:00,-0.09295267,-0.18794733,-0.0996984,-0.15130612,-0.09815265,0.085203424,-0.08396867,0.06247239,-0.30642286,0.16434911,-0.16999754,0.1370412,0.0829657,0.04787126,-0.05360927,-0.2135636,-0.07741157,0.1502238,0.19197164,0.12240566,0.002796078,0.09010233,0.0007045157,0.20040436,0.10200886,0.018804159,-0.15002036,0.32741877,0.24561313,0.07800916,-0.2698151,-0.020892017
2025-01-08 18:00:00,-0.091001935,-0.175704,-0.09485028,-0.13899828,-0.09273164,0.07435939,-0.07774357,0.060541436,-0.2922829,0.15084061,-0.15836397,0.13119176,0.07589264,0.05204654,-0.057631265,-0.20023532,-0.068373166,0.14824721,0.18004839,0.12416413,0.002261784,0.08496691,-0.004649263,0.19006936,0.093309075,0.019900404,-0.14663725,0.3163707,0.24105614,0.07271089,-0.25964662,-0.022174396
2025-01-08 19:00:00,-0.08801247,-0.16503736,-0.08980378,-0.12795895,-0.086060286,0.06645551,-0.07209216,0.05682739,-0.2799241,0.13974649,-0.14979494,0.12714179,0.07041554,0.056063123,-0.061000023,-0.18952954,-0.060153894,0.14574297,0.16893367,0.1256678,0.001783045,0.08086483,-0.008371819,0.1814317,0.085616596,0.021256547,-0.14356326,0.3057216,0.2356391,0.068732984,-0.2499567,-0.021723352
2025-01-08 20:00:00,-0.083471686,-0.15187699,-0.08300484,-0.11847027,-0.07792099,0.06322783,-0.06774117,0.05075647,-0.26771387,0.13178964,-0.14200383,0.121816814,0.06454143,0.060112596,-0.06324585,-0.1799184,-0.05479636,0.14060286,0.15709247,0.12555063,0.0032594744,0.07955522,-0.011036929,0.17461501,0.081103005,0.022311535,-0.13798293,0.29400516,0.22616328,0.06607264,-0.2406843,-0.018776372
2025-01-10 14:00:00,-0.07882705,-0.1442717,-0.076723285,-0.11106314,-0.07035704,0.05955955,-0.066196375,0.042551868,-0.26029882,0.12657738,-0.13939103,0.11849646,0.06048766,0.061184537,-0.063985005,-0.17339377,-0.05124726,0.13404022,0.14893508,0.12619382,0.004667191,0.07904872,-0.012056526,0.16880263,0.07829944,0.023511186,-0.13129531,0.28572428,0.21849713,0.067669846,-0.23268807,-0.011780947
2025-01-10 15:00:00,-0.07594329,-0.123943515,-0.07319046,-0.092447445,-0.059629276,0.04710718,-0.05502627,0.039410144,-0.23657441,0.10785151,-0.1321716,0.10638702,0.052659538,0.06800613,-0.0747541,-0.15855329,-0.035417486,0.12902802,0.13301758,0.13083649,0.0030033905,0.07402457,-0.01079854,0.15738605,0.069182955,0.029179238,-0.122055426,0.2695133,0.20957085,0.06033943,-0.21223724,-0.0124858245
2025-01-10 16:00:00,-0.07167296,-0.105568044,-0.06604145,-0.076817706,-0.050387427,0.040706288,-0.0459864,0.033287995,-0.2190611,0.09453897,-0.1231303,0.09752655,0.044576835,0.07319822,-0.081054926,-0.14652433,-0.0250771,0.12337438,0.117331475,0.13381529,0.004709581,0.06976363,-0.012154259,0.14679722,0.06369181,0.033184357,-0.11288002,0.25414926,0.19920248,0.057920717,-0.1977951,-0.010682642
2025-01-10 17:00:00,-0.06701875,-0.095146306,-0.057860844,-0.06718926,-0.043096647,0.036001306,-0.042187877,0.0257781,-0.21118307,0.08720694,-0.11547021,0.09349641,0.03825098,0.07460277,-0.08215288,-0.13750625,-0.020696,0.118429855,0.10666731,0.13487405,0.007515259,0.06780683,-0.015235063,0.13775165,0.060257524,0.034054253,-0.10582354,0.24381036,0.19071099,0.059444927,-0.19057918,-0.0049230084
2025-01-10 18:00:00,-0.06253868,-0.087788545,-0.052058943,-0.05761127,-0.03654273,0.02689236,-0.038353525,0.021614484,-0.20370871,0.078018755,-0.10602462,0.090520285,0.033033196,0.075739466,-0.08362913,-0.12720513,-0.014710877,0.11704742,0.09676327,0.13612953,0.008249814,0.06535864,-0.019909818,0.1276706,0.05453147,0.0348214,-0.10238791,0.23570459,0.18622115,0.058817364,-0.18451317,-0.00015763938
2025-01-10 19:00:00,-0.05812528,-0.080308266,-0.04803273,-0.05135803,-0.030282572,0.023675278,-0.03553749,0.018003218,-0.19650392,0.07278269,-0.10040264,0.08738127,0.030227248,0.07765566,-0.085074306,-0.120930895,-0.011081889,0.11504039,0.088264,0.13607632,0.008913647,0.06531469,-0.022074193,0.122422114,0.05207488,0.03581547,-0.09956517,0.22909248,0.18098639,0.05757972,-0.1789679,0.0033435747
2025-01-10 20:00:00,-0.05355388,-0.069694854,-0.043351255,-0.044527054,-0.023023784,0.021841545,-0.032762595,0.013149716,-0.18717617,0.06773809,-0.09638929,0.08208715,0.026899394,0.079821214,-0.08747259,-0.1148659,-0.008077037,0.11042275,0.07885182,0.13608798,0.010528158,0.06601457,-0.022959948,0.11803666,0.0515268,0.037224945,-0.09374673,0.22121555,0.1730884,0.056703422,-0.17133269,0.0074259676
2025-01-13 14:00:00,-0.048086897,-0.06347645,-0.03757599,-0.03877391,-0.015898317,0.01853291,-0.03231603,0.005459726,-0.18279436,0.06451116,-0.09405831,0.079546526,0.023801882,0.07918855,-0.087578565,-0.10987176,-0.0063047484,0.10506518,0.07155849,0.13650714,0.0127506945,0.06675355,-0.024149388,0.11265751,0.05131635,0.03819978,-0.087436244,0.21530461,0.16696493,0.05989566,-0.16549471,0.016009517
2025-01-13 15:00:00,-0.04304833,-0.05647497,-0.033880956,-0.030597925,-0.008928791,0.011397462,-0.029325416,0.0008284338,-0.17543665,0.057494856,-0.089665234,0.076007634,0.020873744,0.07954416,-0.09016921,-0.10292496,-0.00057270564,0.10271549,0.06293926,0.13813823,0.013459492,0.06612606,-0.025456505,0.10534938,0.048876613,0.04068461,-0.0827791,0.20892823,0.16328065,0.060629707,-0.15809134,0.022183087
2025-01-13 16:00:00,-0.0389443,-0.051085003,-0.031377032,-0.025378183,-0.0046597198,0.0069625936,-0.026571343,-0.0008507669,-0.17016292,0.052562036,-0.08344548,0.07356789,0.018969614,0.080532864,-0.09159544,-0.09746088,0.0032656342,0.10314863,0.05575934,0.1385055,0.014093909,0.06585691,-0.028086878,0.10001135,0.047147453,0.04222328,-0.081197284,0.20433278,0.16109878,0.0601341,-0.15478298,0.025086112
2025-01-13 17:00:00,-0.034695886,-0.045193896,-0.028370738,-0.020408563,-0.00015063584,0.00265437,-0.02420392,-0.0025605038,-0.16452815,0.047710717,-0.07649072,0.07137972,0.017061193,0.08189459,-0.092647344,-0.09173158,0.006364206,0.10364356,0.04805945,0.13841297,0.014589721,0.06568994,-0.03181804,0.09474944,0.045453593,0.043095306,-0.07992948,0.19940351,0.15820877,0.058991812,-0.15189019,0.02767868
2025-01-13 18:00:00,-0.031205367,-0.04234203,-0.025836863,-0.018726513,0.0029433444,0.00025068596,-0.024342282,-0.004357025,-0.16244031,0.046056494,-0.07152064,0.07092575,0.016171705,0.08236185,-0.0918559,-0.08821888,0.0065406077,0.10380648,0.043338045,0.1373153,0.0150967715,0.0664859,-0.035392694,0.0918191,0.045086272,0.042630646,-0.07957698,0.19684717,0.15611498,0.058690853,-0.1516437,0.030581266
2025-01-13 19:00:00,-0.027759008,-0.04056385,-0.023588672,-0.018646419,0.006213285,-0.00029297918,-0.02636025,-0.0075380653,-0.16183019,0.04684151,-0.07004924,0.07074714,0.016210534,0.08194825,-0.09024984,-0.086708784,0.0050739497,0.10180977,0.040313624,0.13589479,0.015993636,0.06858571,-0.037146132,0.09088233,0.04656342,0.042006135,-0.07811571,0.1954181,0.15351042,0.05975086,-0.15126738,0.03510668
2025-01-13 20:00:00,-0.024684533,-0.037872143,-0.021901466,-0.01800713,0.009683222,-0.0006249063,-0.028053874,-0.010686327,-0.16003129,0.047374435,-0.07032767,0.069280356,0.016255695,0.08127997,-0.08956422,-0.08564201,0.004203476,0.09874356,0.037458897,0.13491997,0.01707115,0.07093348,-0.03739463,0.09050403,0.04875382,0.042195782,-0.07526168,0.19395402,0.15051787,0.061101314,-0.14939952,0.039782
2025-01-14 14:00:00,-0.021966726,-0.036854886,-0.020785257,-0.016566008,0.012372613,-0.0033344664,-0.029173424,-0.013313036,-0.15893073,0.04649333,-0.0700705,0.068669,0.016153306,0.080149,-0.089242056,-0.08413871,0.0049892943,0.09713662,0.034979805,0.1349257,0.017656842,0.072096065,-0.03777228,0.08868106,0.049633414,0.04306752,-0.073226176,0.19305171,0.14970943,0.063070714,-0.14767055,0.044400744
2025-01-14 15:00:00,-0.020323109,-0.02972909,-0.02038423,-0.011610977,0.016096547,-0.004946552,-0.025946422,-0.014337089,-0.1506077,0.042255893,-0.070922375,0.06382339,0.015078913,0.0814195,-0.093076095,-0.081973314,0.009256266,0.094691634,0.0296337,0.13626473,0.017960917,0.072080374,-0.035710916,0.086981714,0.04986246,0.046076193,-0.06910595,0.18874994,0.1462468,0.06214436,-0.14070258,0.045078248
2025-01-14 16:00:00,-0.019028485,-0.019340329,-0.018139198,-0.0055373013,0.019176189,-0.0058841333,-0.021206228,-0.014438771,-0.14133525,0.036956303,-0.067458734,0.057667285,0.01176944,0.08366844,-0.09720443,-0.07746765,0.012942246,0.09326428,0.022718765,0.13736781,0.019352814,0.0710855,-0.03580834,0.08395592,0.049858034,0.048287228,-0.06443753,0.18248463,0.1407725,0.060119394,-0.13490051,0.04352786
2025-01-14 17:00:00,-0.018172752,-0.011876836,-0.015018813,-0.00072452426,0.021350399,-0.007548472,-0.018138751,-0.015329938,-0.13565625,0.032701187,-0.06378707,0.053955764,0.008062404,0.0846802,-0.09956257,-0.073321655,0.014968907,0.092172235,0.017822787,0.13808583,0.02073442,0.069429755,-0.03726571,0.08042784,0.049254306,0.049077276,-0.060828626,0.17762275,0.13624029,0.059463263,-0.13143793,0.043143537
2025-01-14 18:00:00,-0.017429993,-0.009165011,-0.013040591,0.0042425096,0.022367485,-0.013615862,-0.015072459,-0.0145522505,-0.13222152,0.02674528,-0.057863638,0.053449035,0.0047400855,0.085337184,-0.10125239,-0.06825659,0.01858366,0.09471418,0.014022239,0.13909057,0.020133935,0.066098645,-0.04103317,0.07496621,0.044916697,0.049613267,-0.061404593,0.17460686,0.1359965,0.058151156,-0.13015819,0.04271084
2025-01-14 19:00:00,-0.016058963,-0.009343363,-0.0113807805,0.0056935847,0.023861479,-0.016118247,-0.014942946,-0.016096503,-0.13261364,0.025097283,-0.055887364,0.055098027,0.004173886,0.0855694,-0.10080543,-0.06653988,0.01960162,0.09491955,0.012136139,0.1391536,0.019847818,0.06495229,-0.04269323,0.07247357,0.042876683,0.04936321,-0.06222959,0.17321141,0.13564473,0.05832769,-0.12985101,0.0445399
2025-01-14 20:00:00,-0.014275496,0.0016671941,-0.01040069,0.014018983,0.028959587,-0.018958611,-0.008465063,-0.01509833,-0.120033994,0.017229257,-0.05163234,0.04901381,0.0018646531,0.08989646,-0.10643753,-0.06079988,0.025762992,0.09487012,0.0036316812,0.14083306,0.018990967,0.06308898,-0.04345712,0.068533026,0.03988522,0.052112635,-0.059321918,0.16585162,0.1305186,0.052756257,-0.12163341,0.041831587
2025-01-15 14:00:00,-0.012648006,0.0050611794,-0.007751595,0.019813541,0.03244362,-0.023656344,-0.005809743,-0.017907316,-0.11634401,0.011957897,-0.04927601,0.048827827,-7.6022e-05,0.09073024,-0.10834007,-0.05732189,0.029736217,0.09378131,-0.00092977285,0.1429114,0.018950384,0.06043879,-0.044891544,0.0637639,0.03691026,0.053190276,-0.05747991,0.16159715,0.1287451,0.052846048,-0.11708822,0.044084754
2025-01-15 15:00:00,-0.010739277,0.011887968,-0.005930301,0.027858961,0.03769213,-0.027340595,-0.00078246556,-0.020522075,-0.10816018,0.0051738415,-0.04874777,0.045652956,-0.0017579012,0.0931379,-0.11302991,-0.05381331,0.036151886,0.091406025,-0.0073874444,0.14607897,0.018606173,0.05841589,-0.043263186,0.059415735,0.034332037,0.05591172,-0.053104788,0.15538795,0.12496869,0.051450387,-0.10844877,0.045387212
2025-01-15 16:00:00,-0.008825176,0.015477218,-0.00259367,0.029148284,0.04029105,-0.025809644,-0.00040178187,-0.023757786,-0.108293846,0.0053380877,-0.04714924,0.04447514,-0.0030632801,0.09343411,-0.11302814,-0.05248311,0.0354019,0.0885878,-0.010200866,0.14611098,0.020790283,0.059281312,-0.043162517,0.05827693,0.035662916,0.055344373,-0.049428694,0.15274109,0.120819226,0.05287227,-0.10738574,0.04783407
2025-01-15 17:00:00,-0.007230186,0.015714847,-0.00017558783,0.027511071,0.0413201,-0.024916917,-0.0026688874,-0.02606225,-0.111592524,0.0076831896,-0.045096003,0.04480125,-0.003928039,0.09202161,-0.11090934,-0.05165448,0.032363802,0.08742285,-0.010338664,0.14468259,0.022639805,0.06125627,-0.044549882,0.05768819,0.037603788,0.053516004,-0.047857843,0.15308943,0.118993744,0.05507323,-0.109837815,0.051197093
2025-01-15 18:00:00,-0.0055678086,0.012372933,0.0010051541,0.02268117,0.04075797,-0.024127144,-0.007321732,-0.027511435,-0.117845476,0.01230477,-0.04285875,0.046869382,-0.0038632788,0.08957109,-0.10677537,-0.051865503,0.02728882,0.08754189,-0.008280098,0.1415991,0.023744673,0.06417211,-0.04704168,0.058360983,0.04007954,0.05074765,-0.04873033,0.15609132,0.11949772,0.05773551,-0.11565175,0.055229276
2025-01-15 19:00:00,-0.004409627,0.0072754696,0.00020780042,0.016615104,0.039390627,-0.022904875,-0.013046626,-0.02823465,-0.12404314,0.01803358,-0.043250214,0.049350098,-0.0022079237,0.086973205,-0.10239798,-0.05375521,0.022018254,0.087413855,-0.0048862174,0.13826247,0.02400301,0.06763405,-0.048372798,0.06078437,0.04314943,0.04852334,-0.05068536,0.1605094,0.12151438,0.060166866,-0.12135938,0.058976166
2025-01-15 20:00:00,-0.003743467,0.00096544623,-0.0020581968,0.011523023,0.038164083,-0.021903034,-0.01858644,-0.02961221,-0.12954518,0.023474889,-0.048132014,0.052171275,0.0009489246,0.08417111,-0.09881562,-0.057658143,0.018595159,0.08598553,-0.0008220002,0.1366697,0.023853123,0.07068929,-0.04689081,0.0640103,0.04623186,0.047945745,-0.052168563,0.16532975,0.12479754,0.063417114,-0.124338865,0.06306248
2025-01-16 14:00:00,-0.0027335426,-0.0016978905,-0.0039265193,0.009891398,0.038704786,-0.020980813,-0.021016171,-0.031569544,-0.13074465,0.026184434,-0.054503847,0.052504748,0.0036967918,0.082307346,-0.09796025,-0.061185732,0.018497597,0.08315144,0.00041685998,0.13707489,0.024060652,0.073076285,-0.0431258,0.06641099,0.049104363,0.049293168,-0.050859854,0.16741833,0.1262364,0.06650394,-0.12283483,0.066696934
2025-01-16 15:00:00,-0.0015817238,-0.0014671311,-0.0051384494,0.01199989,0.03930634,-0.023546608,-0.019408936,-0.031324394,-0.12827447,0.023646606,-0.05499994,0.051628895,0.004445534,0.08204358,-0.09967852,-0.0607401,0.022239394,0.08407206,-0.0017155781,0.13869834,0.023855692,0.073110096,-0.041626725,0.064865865,0.04879786,0.05183524,-0.050538562,0.16686289,0.12802522,0.067394584,-0.120517805,0.06754147
2025-01-16 16:00:00,-0.00047862064,-0.00039786845,-0.0052613914,0.013235897,0.03927671,-0.024877345,-0.017179416,-0.030064862,-0.1264282,0.021471264,-0.05198068,0.0510889,0.0045697205,0.082739234,-0.10068084,-0.05937308,0.02462567,0.086566605,-0.0045479387,0.1393452,0.02379362,0.07280062,-0.042333957,0.063095644,0.04831618,0.053109374,-0.051455684,0.16561069,0.12867482,0.066968374,-0.1206775,0.06659072
2025-01-16 17:00:00,-0.00015569199,0.0004900694,-0.004944686,0.0119846165,0.038519137,-0.023844853,-0.016657898,-0.0285201,-0.1263558,0.021845313,-0.048815574,0.050825797,0.0046673976,0.083380535,-0.10016233,-0.058665387,0.023640752,0.08857297,-0.005725935,0.13836354,0.023920696,0.07337403,-0.044151448,0.063211195,0.04910955,0.052415237,-0.052647732,0.16523148,0.12806621,0.065741315,-0.12317474,0.06489532
2025-01-16 18:00:00,-0.0011136131,0.002516538,-0.0045823604,0.008425683,0.037014388,-0.019894417,-0.017903348,-0.026436279,-0.12658304,0.024831133,-0.046879213,0.049290434,0.004278641,0.083619684,-0.098777644,-0.05871073,0.019143261,0.08880458,-0.0048721954,0.13543338,0.024377411,0.075071484,-0.04624818,0.06613988,0.05176851,0.0503335,-0.052899554,0.1656834,0.12558755,0.06358539,-0.12691191,0.062311415
2025-01-16 19:00:00,-0.0026305364,0.00066289306,-0.005162362,0.0057108626,0.035282154,-0.019013204,-0.0208537,-0.025958316,-0.12874109,0.027262652,-0.04883036,0.05005695,0.0042706244,0.082383335,-0.09712436,-0.06006977,0.01590126,0.0880144,-0.0015731975,0.13395533,0.024427304,0.07551187,-0.046955843,0.06826162,0.052876674,0.0489557,-0.053493194,0.16809645,0.12594004,0.06387898,-0.12904812,0.062183872
2025-01-16 20:00:00,-0.00376127,-0.0025863275,-0.00598111,0.0028959215,0.033634536,-0.017900616,-0.023852078,-0.026135858,-0.13200256,0.030151704,-0.05217146,0.051469266,0.0049746186,0.08085667,-0.09534758,-0.06228292,0.013405135,0.08678109,0.0021036714,0.13287854,0.024484688,0.07611385,-0.046157338,0.070598856,0.053995088,0.048141107,-0.05383975,0.17072967,0.12696177,0.06527716,-0.13089436,0.063129134
2025-01-17 14:00:00,-0.004540599,-0.0049098805,-0.0070666187,0.0018078759,0.032843843,-0.017339205,-0.025335846,-0.026616767,-0.13348341,0.031567864,-0.05637048,0.052119665,0.005948294,0.07974257,-0.09489897,-0.06440051,0.013142101,0.08533328,0.004461013,0.13307704,0.024465762,0.076353356,-0.043908533,0.07215349,0.054678783,0.04866158,-0.053369164,0.17236513,0.12802733,0.06682323,-0.13043514,0.06412777
2025-01-17 15:00:00,-0.0049900273,-0.010479711,-0.008620609,0.0022744238,0.032317005,-0.019931307,-0.02607563,-0.028438222,-0.13676356,0.031336002,-0.06145121,0.05519867,0.007661771,0.07802022,-0.09457202,-0.06686818,0.015928712,0.08510923,0.006843537,0.1357075,0.023460394,0.07500994,-0.04057788,0.07158085,0.053238414,0.050528392,-0.053918973,0.17443597,0.1324585,0.06996659,-0.12877828,0.06660217
2025-01-17 16:00:00,-0.0044576945,-0.014146149,-0.010089867,0.0037351102,0.032488763,-0.022149472,-0.024415942,-0.029204533,-0.13810419,0.02970195,-0.06360328,0.057319775,0.009732567,0.0779089,-0.09533024,-0.06813337,0.020297192,0.08640594,0.006588578,0.13864562,0.022498196,0.07390441,-0.037592407,0.0699821,0.051412784,0.05293133,-0.05502887,0.17478238,0.13619676,0.07158856,-0.12687837,0.06769614
2025-01-17 17:00:00,-0.0038163094,-0.016227663,-0.010611877,0.0009193793,0.03153438,-0.018489318,-0.024170002,-0.028525494,-0.14123233,0.0324779,-0.06235511,0.05819594,0.011934932,0.07832699,-0.09397434,-0.06980686,0.019287676,0.08810239,0.006852895,0.13847306,0.023238054,0.07580735,-0.03665997,0.07125714,0.05355233,0.052349202,-0.056268506,0.17557944,0.13676183,0.07205639,-0.13001409,0.06709101
2025-01-17 18:00:00,-0.004222733,-0.018993057,-0.011453744,-0.0040700287,0.029580358,-0.013875436,-0.026559426,-0.027582623,-0.14565948,0.03760749,-0.06240101,0.059096485,0.013923902,0.07760109,-0.09122644,-0.072606385,0.014973743,0.088898376,0.009616375,0.13690442,0.024022171,0.0788115,-0.036717635,0.074490264,0.057344295,0.05035883,-0.057387136,0.17840534,0.13724372,0.07266827,-0.13490519,0.06658421
2025-01-17 19:00:00,-0.005659663,-0.021984868,-0.013122328,-0.008852541,0.027132567,-0.009766348,-0.029620012,-0.026334533,-0.14934233,0.042648852,-0.06511751,0.059584312,0.015589792,0.07628346,-0.08900534,-0.07623741,0.010490106,0.08865297,0.013841219,0.13539618,0.024389716,0.08142027,-0.036105342,0.07867802,0.060866527,0.04875499,-0.0581932,0.1821895,0.13823543,0.07338241,-0.13867667,0.06590608
2025-01-17 20:00:00,-0.006959847,-0.024644323,-0.01448752,-0.012502968,0.024849448,-0.0070280656,-0.032243893,-0.025268653,-0.15235524,0.046424434,-0.0676214,0.05995287,0.01652078,0.074843094,-0.08736276,-0.07906602,0.0070116594,0.088356435,0.017622255,0.13413776,0.02469825,0.08318868,-0.03558463,0.08191307,0.06346083,0.04762713,-0.058683403,0.18545473,0.1393402,0.07437822,-0.14166836,0.065625556
2025-01-21 14:00:00,-0.00835069,-0.027491398,-0.016020373,-0.0149406865,0.022891179,-0.005214026,-0.034182437,-0.024773082,-0.15476608,0.0491338,-0.071714826,0.060528576,0.017512199,0.07342085,-0.08649643,-0.08214341,0.005180113,0.087635316,0.02117356,0.13389193,0.024694664,0.08397599,-0.03388131,0.08457551,0.06507526,0.04748082,-0.0588011,0.18831798,0.14093195,0.07589084,-0.14288607,0.06561179
2025-01-21 15:00:00,-0.009449967,-0.027657472,-0.017223738,-0.013727002,0.021714829,-0.0068771075,-0.032797806,-0.023109648,-0.15325941,0.047096066,-0.07257101,0.06004212,0.01708113,0.07347646,-0.088260636,-0.082044035,0.0072368104,0.08885314,0.021549866,0.13492996,0.024025679,0.08262467,-0.033051528,0.08404666,0.06355701,0.048756965,-0.05939889,0.18861479,0.14261585,0.07542035,-0.14163622,0.063757285
2025-01-21 16:00:00,-0.010097493,-0.029032335,-0.0172707,-0.015799597,0.019655477,-0.00549512,-0.032813385,-0.021485575,-0.15541762,0.04833301,-0.07060638,0.06096343,0.017012816,0.073472254,-0.087322615,-0.082245395,0.005851738,0.09083986,0.022736244,0.1339343,0.024215719,0.08243416,-0.03408168,0.08462093,0.0638931,0.04788833,-0.0610475,0.18946213,0.14325066,0.075111486,-0.1449582,0.06207259
2025-01-21 17:00:00,-0.011039072,-0.031628296,-0.01773388,-0.019292466,0.017201733,-0.004143603,-0.034456603,-0.019568775,-0.15868762,0.05073013,-0.06893295,0.06254302,0.017353188,0.07311326,-0.08538986,-0.08287288,0.002892483,0.09280301,0.025103316,0.132036,0.02393139,0.08287173,-0.035859484,0.086048655,0.06455468,0.046192594,-0.06342576,0.19160953,0.14434142,0.07442894,-0.14960259,0.060620274
2025-01-21 18:00:00,-0.012232772,-0.035897635,-0.01908362,-0.023366153,0.014622226,-0.0029347688,-0.03729233,-0.01804333,-0.16277553,0.053940855,-0.06950766,0.06489769,0.01857273,0.07231848,-0.08302275,-0.084703624,-0.0004087463,0.09410472,0.028806932,0.13020732,0.023182591,0.083513394,-0.036951408,0.08841354,0.0652806,0.044636972,-0.06616225,0.1949406,0.14646022,0.074212946,-0.15397154,0.059869554
2025-01-21 19:00:00,-0.013846866,-0.040534638,-0.021043941,-0.028671026,0.011698194,0.0005715452,-0.04082609,-0.016555708,-0.16737401,0.058965586,-0.0723946,0.06689893,0.020647552,0.07125245,-0.08029424,-0.0882176,-0.0047545508,0.094226316,0.033797868,0.12801124,0.022719245,0.08512909,-0.03665294,0.09280517,0.06748517,0.043092534,-0.068293706,0.198926,0.14821003,0.07434042,-0.15847996,0.0591727
2025-01-21 20:00:00,-0.015345664,-0.045534663,-0.023162857,-0.03276158,0.009224758,0.0027086847,-0.044159114,-0.01571754,-0.17160995,0.062970944,-0.076494426,0.06895155,0.022798713,0.069824144,-0.07813251,-0.09186177,-0.007700078,0.09395328,0.038606152,0.1269038,0.022214653,0.086282805,-0.035505153,0.096485294,0.06920116,0.042391703,-0.06976286,0.20295054,0.15063368,0.07542898,-0.16149274,0.059335276
2025-01-22 14:00:00,-0.016833961,-0.05170945,-0.025688209,-0.036384597,0.0069858506,0.004967537,-0.047166534,-0.01578112,-0.17650951,0.067110606,-0.083016984,0.07154231,0.025781553,0.068005085,-0.07619036,-0.09687106,-0.009468168,0.09326706,0.04383617,0.12710884,0.021661546,0.087197974,-0.0325547,0.100261025,0.07095453,0.042572603,-0.0707431,0.20726252,0.15393205,0.07792776,-0.1632787,0.060244165
2025-01-22 15:00:00,-0.018142406,-0.0561565,-0.028048486,-0.03803064,0.005279638,0.0057705194,-0.04790809,-0.015236475,-0.17921555,0.06869406,-0.08791347,0.07312947,0.028122034,0.06694242,-0.07593349,-0.100377575,-0.008839134,0.09366695,0.047105983,0.1283961,0.020994762,0.08729148,-0.029477172,0.10229706,0.07146178,0.04366635,-0.07159574,0.21009424,0.15720855,0.079669125,-0.16344744,0.060113125
2025-01-22 16:00:00,-0.019275084,-0.061405875,-0.03001362,-0.041535273,0.0028168112,0.008704636,-0.049044237,-0.014439281,-0.18399838,0.07225954,-0.09119139,0.075338334,0.030782048,0.06583573,-0.074346006,-0.104371324,-0.009974323,0.09494823,0.050876424,0.12891376,0.021002317,0.08823669,-0.027135193,0.104860656,0.07333192,0.04370374,-0.07316093,0.21336913,0.16019392,0.08173312,-0.1663154,0.059789117
2025-01-22 17:00:00,-0.020372014,-0.06661459,-0.031675763,-0.04720898,-0.0004005581,0.013363443,-0.051338866,-0.012689132,-0.19002432,0.07775119,-0.09226137,0.07734637,0.033204716,0.0645604,-0.071394734,-0.108239815,-0.013881158,0.096812084,0.055285633,0.127657,0.021485109,0.09058909,-0.02642458,0.108410604,0.076868035,0.042207085,-0.07527685,0.21733576,0.16232257,0.08312692,-0.17225406,0.059154578
2025-01-22 18:00:00,-0.022331376,-0.07122267,-0.03384766,-0.05400552,-0.004513979,0.018786695,-0.054489538,-0.009606324,-0.19556904,0.08404316,-0.09351805,0.07860911,0.03526045,0.0631643,-0.0683459,-0.11237161,-0.019504882,0.098482445,0.060714766,0.12512997,0.021700298,0.093392625,-0.026448097,0.11337457,0.08105017,0.04017983,-0.07768112,0.22217871,0.16413084,0.08333535,-0.17918745,0.057399936
2025-01-22 19:00:00,-0.025064364,-0.07712648,-0.036442265,-0.0618881,-0.0098665655,0.023979437,-0.058786348,-0.005746398,-0.20222819,0.09105398,-0.09514538,0.08052311,0.037056442,0.061274298,-0.064794034,-0.11692716,-0.026364632,0.10034759,0.06779952,0.12178237,0.021542396,0.095916525,-0.027133677,0.11915586,0.08515752,0.03764043,-0.08076773,0.22835466,0.16672799,0.083392195,-0.18753913,0.055283166
2025-01-22 20:00:00,-0.027986724,-0.08440096,-0.03959105,-0.06921391,-0.015249088,0.027803142,-0.06358007,-0.00232853,-0.20923942,0.097549945,-0.09881385,0.08338365,0.03933395,0.059110396,-0.061487295,-0.12209158,-0.032356106,0.10188634,0.07558924,0.119083546,0.020809557,0.09753179,-0.027133524,0.1248401,0.08824213,0.035779633,-0.08411612,0.23519629,0.17052406,0.0840445,-0.19485497,0.053669076
2025-01-23 14:00:00,-0.030845277,-0.090284534,-0.043183573,-0.073009655,-0.0187153,0.030060362,-0.06640638,-0.000609152,-0.21328367,0.10125864,-0.10709445,0.08562132,0.04234324,0.057466056,-0.060798477,-0.12798198,-0.03436297,0.101677716,0.08204998,0.11918914,0.019557975,0.09749305,-0.024012875,0.12977117,0.08950298,0.036356512,-0.08576073,0.24049082,0.17435639,0.0853815,-0.19635594,0.05227854
2025-01-23 15:00:00,-0.032986954,-0.10050454,-0.04618042,-0.07869269,-0.023282625,0.03200559,-0.06997236,0.00094471127,-0.22231612,0.10646745,-0.111848526,0.09076433,0.045900267,0.05506301,-0.0577093,-0.13364936,-0.037138402,0.10414622,0.089377016,0.119270176,0.018859677,0.09783388,-0.022204563,0.13354015,0.091113366,0.03565561,-0.08921937,0.24692833,0.18017322,0.088480055,-0.20214376,0.052288257
2025-01-23 16:00:00,-0.034812078,-0.10723176,-0.049263038,-0.082643405,-0.026966825,0.03246281,-0.07108285,0.0042852834,-0.22716591,0.108657055,-0.1136953,0.09406906,0.0486702,0.054284602,-0.05667205,-0.13673648,-0.03794559,0.10791675,0.09364486,0.11930015,0.017518971,0.09782498,-0.021252006,0.13579683,0.091161326,0.035656184,-0.09340793,0.25137874,0.18517189,0.088690475,-0.20622772,0.050010987
2025-01-23 17:00:00,-0.036472633,-0.111400016,-0.05215674,-0.086124405,-0.029441088,0.03610393,-0.071616456,0.0061572865,-0.23027773,0.11199277,-0.11826958,0.096148655,0.05204111,0.054091156,-0.056125127,-0.1413353,-0.039099276,0.10957265,0.097452596,0.1196132,0.01676412,0.09840255,-0.018848125,0.1394847,0.09268686,0.035996526,-0.09589594,0.25458878,0.18791428,0.08883741,-0.20827252,0.04765533
2025-01-23 18:00:00,-0.038534097,-0.11555397,-0.05417899,-0.09032935,-0.032946363,0.039307196,-0.072619416,0.009125575,-0.23445559,0.11535152,-0.11950051,0.09805845,0.05395334,0.053677186,-0.054957684,-0.14461054,-0.041771017,0.11206876,0.101598516,0.11906671,0.016624954,0.09927653,-0.018413331,0.14274342,0.09436379,0.034839272,-0.0986753,0.25811583,0.19035544,0.088480376,-0.21272433,0.04481799
2025-01-23 19:00:00,-0.04102493,-0.11945682,-0.05606953,-0.096467435,-0.037219882,0.044825297,-0.07476113,0.012653589,-0.23949784,0.1208679,-0.12044678,0.09967737,0.055520635,0.052947864,-0.052719142,-0.14853735,-0.0469762,0.114302725,0.10699874,0.11688169,0.016744249,0.101003855,-0.01871593,0.14752227,0.09749644,0.03277269,-0.10153736,0.26238605,0.19194546,0.08770178,-0.21928322,0.041711897
2025-01-23 20:00:00,-0.043419555,-0.12549919,-0.058305703,-0.102553666,-0.041451626,0.049005974,-0.078526214,0.015057951,-0.24597332,0.12674281,-0.12368188,0.102393776,0.05762103,0.05130586,-0.049932547,-0.15349846,-0.052351676,0.115599036,0.1137366,0.11513982,0.016459689,0.10232304,-0.018665653,0.15241931,0.10037066,0.030927874,-0.104136355,0.26804954,0.1946796,0.08840521,-0.22551417,0.040317334
2025-01-24 14:00:00,-0.045905884,-0.13095945,-0.061186515,-0.10480146,-0.04441084,0.047992226,-0.080298655,0.017259598,-0.24955633,0.12786171,-0.12814271,0.10490781,0.059493225,0.050153263,-0.049952473,-0.15678343,-0.053072825,0.117118,0.11874767,0.11588887,0.014744418,0.10109323,-0.01751085,0.15483648,0.099509016,0.031164113,-0.10671302,0.27265808,0.19911942,0.08863397,-0.22694793,0.03839608
2025-01-24 15:00:00,-0.047785953,-0.13488215,-0.06358619,-0.10658838,-0.046574175,0.049279306,-0.08033104,0.018832155,-0.2522132,0.1293441,-0.13233054,0.10702966,0.06174184,0.049868576,-0.050337534,-0.16025884,-0.052943327,0.11861131,0.12236273,0.11689289,0.013807647,0.100240976,-0.015394218,0.1571963,0.09924045,0.031757265,-0.10886883,0.27542037,0.20220728,0.08893044,-0.22770429,0.036243167
2025-01-24 16:00:00,-0.04912263,-0.13923123,-0.065103926,-0.11036387,-0.04914789,0.05307245,-0.081381135,0.020192936,-0.25688207,0.1332835,-0.13447052,0.10937765,0.06392336,0.049257517,-0.048839126,-0.16403748,-0.055282302,0.120286725,0.12630214,0.116658166,0.0140395,0.101077594,-0.01430561,0.16014719,0.10112105,0.030902697,-0.11088212,0.27839458,0.20418029,0.089866124,-0.23155102,0.03496323
2025-01-24 17:00:00,-0.050988853,-0.14220098,-0.06655296,-0.11552863,-0.05240722,0.058217328,-0.083090164,0.02296742,-0.2611501,0.13819245,-0.13523799,0.11047928,0.06531349,0.048605397,-0.046907835,-0.16752295,-0.059680574,0.121933155,0.13059418,0.11485052,0.014472717,0.10300574,-0.014183734,0.16416375,0.10426311,0.029200584,-0.11290965,0.2818005,0.20512107,0.08951223,-0.23703054,0.032847177
2025-01-24 18:00:00,-0.053875484,-0.14453724,-0.068610296,-0.12019166,-0.05618243,0.062412966,-0.084991075,0.026465364,-0.26434556,0.14221743,-0.13767368,0.111015946,0.06634496,0.04790272,-0.04608099,-0.1712549,-0.06388469,0.123011485,0.13558008,0.113247976,0.014321069,0.10402201,-0.013771061,0.16860887,0.10671471,0.028011482,-0.114814565,0.28586796,0.20643948,0.088568315,-0.24128833,0.029666197
2025-01-24 19:00:00,-0.057021283,-0.14627975,-0.07035312,-0.123593196,-0.05982606,0.06528182,-0.08638405,0.02970983,-0.2667998,0.14493784,-0.14022736,0.11152607,0.06665419,0.04733555,-0.046025995,-0.1742838,-0.06702017,0.12382355,0.1402168,0.11216703,0.014057381,0.10386706,-0.013319612,0.1722687,0.107988894,0.027198024,-0.11641998,0.28928858,0.20769791,0.087614454,-0.24429971,0.026228122
2025-01-24 20:00:00,-0.05956705,-0.1511862,-0.07210389,-0.12762941,-0.06337273,0.06842266,-0.08887714,0.03123179,-0.27210417,0.14915365,-0.14461067,0.11408557,0.068174794,0.045829423,-0.044653453,-0.17898527,-0.07037795,0.12441674,0.14615199,0.11160881,0.01386126,0.103698045,-0.012245093,0.17613094,0.10961487,0.02641723,-0.11804784,0.2937081,0.20995215,0.08902596,-0.24814183,0.024937578
2025-01-27 14:00:00,-0.06139344,-0.15746266,-0.07420503,-0.13024907,-0.065876424,0.0688477,-0.09083521,0.03178803,-0.27744064,0.15174398,-0.14972705,0.11732504,0.07044102,0.04413163,-0.043784868,-0.18319161,-0.07148042,0.12530349,0.15129729,0.11255947,0.01287212,0.10285155,-0.010394368,0.17845,0.10983428,0.02645759,-0.119664125,0.29804075,0.21364118,0.09126643,-0.25025466,0.024871536
2025-01-27 15:00:00,-0.06413554,-0.15144575,-0.076510854,-0.12398861,-0.064785495,0.064234674,-0.08438729,0.033586636,-0.26846996,0.14350004,-0.1539993,0.11329144,0.06892213,0.04719925,-0.051925402,-0.1816753,-0.06316393,0.12455848,0.14889607,0.116877556,0.010417665,0.09836959,-0.0052175745,0.17660072,0.10443425,0.030218314,-0.11775615,0.29440635,0.21382502,0.087619856,-0.23998779,0.018900145
2025-01-27 16:00:00,-0.06587929,-0.14234027,-0.07538996,-0.116807505,-0.0635978,0.06261578,-0.07698443,0.03399355,-0.2599662,0.1362868,-0.15172106,0.10919984,0.06536426,0.05111237,-0.057933785,-0.17780584,-0.05636175,0.12407743,0.1435893,0.1204416,0.010833584,0.0941008,-0.0031869821,0.17272522,0.100257695,0.032625325,-0.11530032,0.28768894,0.21099655,0.08458384,-0.23223764,0.013121985
2025-01-27 17:00:00,-0.06691219,-0.14198521,-0.07322853,-0.114749745,-0.064233705,0.061811294,-0.074715815,0.032683827,-0.2611191,0.13449444,-0.14864497,0.110626146,0.0634146,0.051419936,-0.05789115,-0.17625377,-0.055048086,0.1250899,0.14287433,0.122267,0.0117204515,0.09124029,-0.0046361685,0.16944586,0.097601935,0.031767257,-0.11544033,0.2857176,0.21082005,0.085368335,-0.23233345,0.011658233
2025-01-27 18:00:00,-0.06741405,-0.13959077,-0.0718533,-0.11433183,-0.06408003,0.06322737,-0.073239714,0.033007488,-0.2606593,0.13398491,-0.14531082,0.11023539,0.061821584,0.052471206,-0.05788297,-0.17481548,-0.055472784,0.12586214,0.14176844,0.12210815,0.012338483,0.0909237,-0.005860608,0.16838653,0.096532956,0.03044467,-0.11614921,0.28410462,0.20889172,0.083744034,-0.2329044,0.009587806
2025-01-27 19:00:00,-0.06806989,-0.14104235,-0.07130216,-0.1130199,-0.06486416,0.05897643,-0.072711535,0.033966057,-0.2613537,0.13122986,-0.1411233,0.11163223,0.060235206,0.052582286,-0.057818603,-0.17188269,-0.054708473,0.12788281,0.14161605,0.122652754,0.0113243,0.0887409,-0.009116393,0.1654513,0.09266112,0.028877862,-0.11854982,0.2843391,0.21083342,0.08215679,-0.23371866,0.008238081
2025-01-27 20:00:00,-0.06765123,-0.13696483,-0.07098589,-0.109409586,-0.062434927,0.057557907,-0.06979808,0.033517353,-0.25615498,0.12750551,-0.14013106,0.110076934,0.059172776,0.054830424,-0.060512625,-0.16954714,-0.051602393,0.12723093,0.1384257,0.1234839,0.010215691,0.08731803,-0.008983515,0.16387273,0.08956733,0.029599382,-0.118542664,0.28118497,0.2092649,0.07918904,-0.22911775,0.00658153
2025-01-28 14:00:00,-0.06713326,-0.13748896,-0.07041553,-0.10595651,-0.060749397,0.05366865,-0.06827815,0.031247534,-0.25503117,0.12423306,-0.14022592,0.111098215,0.058956545,0.05524202,-0.061732035,-0.16784649,-0.04840418,0.12647173,0.13706055,0.12566029,0.009170828,0.085047945,-0.0091925375,0.16112433,0.08601603,0.030161189,-0.11833661,0.2796077,0.21036063,0.079202846,-0.22573623,0.0076070055
2025-01-28 15:00:00,-0.066788174,-0.12518415,-0.06968427,-0.095299944,-0.055980667,0.047598306,-0.059929773,0.032495774,-0.24086963,0.1127811,-0.1344401,0.104542434,0.05484421,0.06090159,-0.06916709,-0.15975724,-0.03859125,0.1260091,0.12780242,0.12861446,0.0077276547,0.081526466,-0.008754026,0.15530585,0.079199,0.033017747,-0.115960725,0.2705342,0.20667942,0.07206325,-0.21466586,0.0027730316
2025-01-28 16:00:00,-0.06672114,-0.11952495,-0.06753316,-0.090902224,-0.054177925,0.047679875,-0.056385055,0.031019323,-0.23608106,0.10929274,-0.1315375,0.102731064,0.05241744,0.063399546,-0.071416706,-0.15717712,-0.035975542,0.1246482,0.12394029,0.1298737,0.008415259,0.079459116,-0.009444222,0.15294376,0.077126816,0.033333898,-0.11407905,0.2657838,0.20358977,0.07053831,-0.21087515,0.00088406354
2025-01-28 17:00:00,-0.0672247,-0.12050394,-0.06580012,-0.09040967,-0.054991797,0.045897935,-0.056355327,0.031006105,-0.2380355,0.108404405,-0.12723106,0.104336604,0.05073346,0.06339531,-0.07017977,-0.1550346,-0.0366171,0.12590843,0.12409021,0.1298598,0.008818585,0.07800314,-0.012767252,0.15067114,0.074895486,0.031230155,-0.11526295,0.26544386,0.20415735,0.07019813,-0.21312809,0.00027805567
2025-01-28 18:00:00,-0.06630999,-0.12322163,-0.06445353,-0.09380598,-0.055364832,0.04870579,-0.05907227,0.030022442,-0.24232209,0.1122992,-0.12533441,0.10672888,0.050829407,0.0626111,-0.06675206,-0.15578039,-0.040774442,0.1264608,0.12583266,0.1276351,0.009560119,0.07961265,-0.015210647,0.15182745,0.07584408,0.028667212,-0.116958864,0.26701248,0.2038657,0.07096023,-0.21767747,0.0017859563
2025-01-28 19:00:00,-0.064988054,-0.12569183,-0.06369586,-0.098018184,-0.0553167,0.052214157,-0.06304435,0.02873604,-0.24614565,0.11730971,-0.12534192,0.10808727,0.051585753,0.06131432,-0.063124165,-0.15739655,-0.045917206,0.12560554,0.12803693,0.12483466,0.010365505,0.08261128,-0.016677845,0.15440057,0.07855663,0.026523903,-0.11755382,0.2692921,0.20298359,0.07211588,-0.22175011,0.004696913
2025-01-28 20:00:00,-0.06376124,-0.13007614,-0.063858666,-0.102116734,-0.055660203,0.05384772,-0.067555964,0.02760572,-0.2507041,0.121983804,-0.1267362,0.10989246,0.053027254,0.059171,-0.05961302,-0.15949933,-0.050380252,0.12494468,0.13108848,0.122651815,0.010638612,0.085259154,-0.017667003,0.1567518,0.081245594,0.025126796,-0.11816007,0.27281705,0.20385051,0.07428175,-0.22561955,0.008590363
2025-01-29 14:00:00,-0.062514454,-0.13397914,-0.06507961,-0.10530786,-0.05516541,0.056477513,-0.0710657,0.025823213,-0.25381532,0.12660295,-0.13245487,0.110987306,0.05584487,0.05708701,-0.05753856,-0.16368328,-0.053136833,0.12299323,0.13395971,0.12170722,0.010607905,0.08803475,-0.0155625455,0.16023572,0.084710374,0.025667917,-0.11753673,0.27607647,0.20459053,0.07741214,-0.22681227,0.012820292
2025-01-29 15:00:00,-0.061942816,-0.13544902,-0.06610873,-0.10747118,-0.05521579,0.05836081,-0.072933465,0.025707178,-0.2552695,0.12939686,-0.13518241,0.11051498,0.057500813,0.055741757,-0.056497343,-0.16602768,-0.0547409,0.1221396,0.13540916,0.12088323,0.011193371,0.09042099,-0.0140136145,0.16255231,0.08796009,0.026282225,-0.116759874,0.27802882,0.20490098,0.07928026,-0.2278665,0.015145883
2025-01-29 16:00:00,-0.061567426,-0.13679045,-0.06635497,-0.11122264,-0.056630418,0.061579805,-0.07525745,0.026673384,-0.25806645,0.13346452,-0.13458997,0.110336035,0.058209535,0.05427888,-0.05401262,-0.1677122,-0.05834134,0.12266207,0.13707836,0.11857407,0.012440929,0.09315315,-0.014573295,0.16487032,0.09207161,0.025600195,-0.11684484,0.2801354,0.20478861,0.08072076,-0.23219097,0.01651764
2025-01-29 17:00:00,-0.061779976,-0.13984409,-0.06679867,-0.11604704,-0.059413508,0.06342262,-0.078570515,0.028882936,-0.26223916,0.13760912,-0.13271451,0.11126058,0.05849613,0.052491304,-0.05087542,-0.16888587,-0.062977605,0.12436378,0.13981031,0.11554038,0.0128944535,0.09523602,-0.016735617,0.16700959,0.09539461,0.023903277,-0.11835643,0.28355625,0.20591539,0.08142578,-0.23853037,0.01710108
2025-01-29 18:00:00,-0.06328532,-0.13706025,-0.068083175,-0.115738615,-0.060633376,0.06107265,-0.07799514,0.032944992,-0.25855526,0.13519183,-0.13129136,0.10915777,0.057337817,0.0532811,-0.05287584,-0.16675864,-0.062323913,0.12565412,0.13910857,0.11444478,0.011551799,0.09407042,-0.017787185,0.1670018,0.09421276,0.024542328,-0.1196315,0.28377563,0.20637193,0.0778387,-0.23777473,0.013450127
2025-01-29 19:00:00,-0.06573424,-0.1321727,-0.06918289,-0.11377999,-0.06147082,0.06056847,-0.075753294,0.035732247,-0.25313914,0.13206038,-0.13284862,0.10671796,0.05622446,0.055219002,-0.056646124,-0.16594402,-0.0602742,0.12525909,0.13828924,0.11492872,0.010702376,0.09146556,-0.016609516,0.1676398,0.09275691,0.02623646,-0.11950238,0.28204745,0.20528564,0.07431146,-0.23405075,0.008290172
2025-01-29 20:00:00,-0.06846616,-0.13220769,-0.06990443,-0.108441934,-0.06240478,0.052644853,-0.072510146,0.03724937,-0.24982904,0.12475865,-0.13258329,0.1073672,0.05453899,0.05623477,-0.060263194,-0.1627054,-0.054133274,0.12651074,0.13758245,0.11840665,0.008396902,0.08519548,-0.016934317,0.16385463,0.08615437,0.027792055,-0.12061581,0.2803142,0.20814256,0.07235771,-0.22949058,0.004526712
2025-01-30 14:00:00,-0.06860584,-0.12731227,-0.06852272,-0.10352948,-0.060273975,0.051260483,-0.0680874,0.036291756,-0.24476618,0.119893126,-0.1313039,0.106456324,0.053032067,0.05909832,-0.06334702,-0.16001405,-0.049054965,0.12594843,0.13340728,0.120358676,0.008184183,0.082152724,-0.015880909,0.16110815,0.08231862,0.029320491,-0.119712956,0.2751234,0.20578918,0.07024988,-0.22433406,0.0021173134
2025-01-30 15:00:00,-0.06890781,-0.12346841,-0.06718376,-0.09800826,-0.058213577,0.04764383,-0.06414503,0.034994826,-0.24009888,0.114169456,-0.12957343,0.105353355,0.05135533,0.06133481,-0.06623479,-0.15645894,-0.04385706,0.12519084,0.12959366,0.123004146,0.0076923,0.07909736,-0.015492436,0.15711443,0.07800162,0.030250803,-0.118221,0.27055445,0.2042059,0.06865339,-0.21905607,0.00064038485
2025-01-30 16:00:00,-0.06808992,-0.11845932,-0.06476052,-0.09324883,-0.055578098,0.045586098,-0.06066571,0.033454567,-0.23570396,0.1097162,-0.12532872,0.10374577,0.048901644,0.06356039,-0.067939766,-0.15220955,-0.040327616,0.124631375,0.12482649,0.12422334,0.008079585,0.077405676,-0.016617175,0.1531661,0.07473454,0.030398786,-0.116681255,0.26562434,0.20132339,0.0670259,-0.21534297,5.736947e-06
2025-01-30 17:00:00,-0.06678483,-0.115509965,-0.06204333,-0.09175359,-0.053693786,0.04593653,-0.059961885,0.031449936,-0.23445554,0.10886418,-0.121470235,0.10308313,0.046913546,0.06445737,-0.0672832,-0.1495887,-0.04052815,0.12378329,0.12207845,0.12361764,0.009116817,0.07760768,-0.01861434,0.15114169,0.07381271,0.029237676,-0.11550332,0.26278713,0.19835137,0.06667957,-0.21491748,0.0009866208
2025-01-30 18:00:00,-0.06561044,-0.117022075,-0.06017288,-0.09357536,-0.053698793,0.04596519,-0.06203229,0.030517757,-0.2373169,0.11060362,-0.1174448,0.10431948,0.04560713,0.06372784,-0.06437728,-0.14813218,-0.04354476,0.12431453,0.12232754,0.12160423,0.009736567,0.07869457,-0.022025619,0.15036944,0.07378583,0.026709467,-0.11618538,0.2633822,0.19784299,0.06716979,-0.21857545,0.0029858723
2025-01-30 19:00:00,-0.064186424,-0.12140242,-0.059892677,-0.09781639,-0.054095805,0.04803926,-0.066185795,0.029248297,-0.24222587,0.11532729,-0.11759415,0.106686175,0.046701875,0.062041085,-0.060549617,-0.14987557,-0.048116133,0.124184,0.12495834,0.11912434,0.0099546295,0.08120323,-0.02360619,0.15229814,0.07580566,0.024772964,-0.1175041,0.26638383,0.19858885,0.06892266,-0.22310823,0.0063361526
2025-01-30 20:00:00,-0.06262928,-0.124383904,-0.06044686,-0.09927967,-0.05318603,0.047167186,-0.06884566,0.028074346,-0.24398188,0.11697864,-0.118932314,0.10777517,0.04815841,0.060856827,-0.05888366,-0.15058695,-0.049475975,0.12354853,0.1259551,0.11822745,0.009428567,0.082752995,-0.02388853,0.15301181,0.076618016,0.024672393,-0.117964216,0.26830605,0.19970979,0.07009806,-0.22392857,0.009720966
2025-01-31 14:00:00,-0.062429473,-0.11841161,-0.062255673,-0.09301138,-0.049484804,0.042695593,-0.06445567,0.028342225,-0.2342619,0.11017383,-0.12144746,0.10347763,0.04802468,0.06318499,-0.06457457,-0.14815569,-0.042412326,0.12196637,0.12181267,0.12092599,0.0074883774,0.08077158,-0.02077536,0.15106803,0.073741525,0.028612714,-0.11564081,0.26451313,0.1987682,0.06703714,-0.21436721,0.008231483
2025-01-31 15:00:00,-0.06123431,-0.11570651,-0.06100893,-0.08905713,-0.0470248,0.041911352,-0.06197188,0.02526334,-0.23124447,0.10773512,-0.12294834,0.10248573,0.047725316,0.06383833,-0.066406675,-0.14768209,-0.038759194,0.119696796,0.11867353,0.12318824,0.008249064,0.079589106,-0.01884279,0.14917694,0.0731302,0.030756194,-0.1127407,0.26115152,0.19721518,0.068781264,-0.20976624,0.009871956
2025-01-31 16:00:00,-0.059531137,-0.11608524,-0.059082143,-0.08950941,-0.045830086,0.04414637,-0.06260199,0.022172026,-0.23358914,0.10983773,-0.12309804,0.103044525,0.048015412,0.06294459,-0.06464627,-0.14859669,-0.039684646,0.1183333,0.11794789,0.12338553,0.010187785,0.08124179,-0.01813734,0.1488395,0.075205155,0.030576404,-0.11078176,0.26031175,0.19558224,0.072023556,-0.21075454,0.013245162
2025-01-31 17:00:00,-0.058346674,-0.117940016,-0.058436267,-0.09173964,-0.04582219,0.046035256,-0.06448387,0.020992503,-0.23688668,0.1128143,-0.122878976,0.10360165,0.048756268,0.061438084,-0.062307287,-0.14979166,-0.042089276,0.11824861,0.118738115,0.12266263,0.011394319,0.08369474,-0.018229138,0.14938477,0.07789804,0.029726323,-0.110265814,0.2616695,0.19538534,0.07443031,-0.2136012,0.016017444
2025-01-31 18:00:00,-0.058323197,-0.1127437,-0.05851621,-0.0908294,-0.0448905,0.047292177,-0.06320973,0.022262104,-0.23256333,0.111866795,-0.12221919,0.09968216,0.04777656,0.06230714,-0.06410666,-0.1487111,-0.04186479,0.11740615,0.116450846,0.12212963,0.011933176,0.08501667,-0.017445397,0.14979157,0.0794165,0.030480135,-0.10868155,0.26006138,0.19288005,0.07264162,-0.21157569,0.014653161
2025-01-31 19:00:00,-0.059215337,-0.10614068,-0.058389485,-0.08586936,-0.04359013,0.04518174,-0.05967973,0.022471763,-0.22516471,0.10685808,-0.12307688,0.09526974,0.045387384,0.06393844,-0.06876347,-0.1463666,-0.038090058,0.11552298,0.113248244,0.12406279,0.011686204,0.0829902,-0.015724845,0.14796858,0.078059465,0.032553528,-0.10550487,0.25643617,0.19048123,0.07091095,-0.20514026,0.012261234
2025-01-31 20:00:00,-0.059528038,-0.097570725,-0.056549728,-0.078281894,-0.04110214,0.04203788,-0.054364003,0.021154262,-0.21643078,0.09979335,-0.12226431,0.090518504,0.041557867,0.06637325,-0.074082404,-0.14218818,-0.03240892,0.11297919,0.10780233,0.12691405,0.011929695,0.07964661,-0.01401354,0.14393754,0.075182006,0.03502879,-0.10095519,0.25002873,0.1866169,0.06945585,-0.19696361,0.010286711
2025-02-03 14:00:00,-0.059191428,-0.09660528,-0.05416455,-0.074161634,-0.03969031,0.03950462,-0.052126065,0.017546274,-0.21585605,0.096752,-0.12267834,0.090744376,0.039668527,0.06593181,-0.075197354,-0.1406755,-0.0293518,0.11111008,0.10596071,0.12940292,0.012457952,0.076981336,-0.013080638,0.1402258,0.0727423,0.035973534,-0.098251306,0.2471476,0.1856617,0.07192306,-0.19357234,0.012347367
2025-02-03 15:00:00,-0.059167773,-0.09200285,-0.05432506,-0.06310688,-0.03682667,0.028316986,-0.044166863,0.018338986,-0.20684758,0.08428105,-0.11816967,0.088177174,0.03648976,0.06866209,-0.081563525,-0.13327289,-0.01781492,0.11275776,0.099551946,0.13457131,0.00963333,0.07115745,-0.013043825,0.13176037,0.063809425,0.039283283,-0.097650126,0.24077785,0.18703437,0.068168916,-0.184652,0.009882085
2025-02-03 16:00:00,-0.056777157,-0.079298384,-0.05287665,-0.045879513,-0.030617073,0.016310629,-0.03097613,0.020656236,-0.18960848,0.06632579,-0.1055327,0.082571685,0.031652715,0.075945824,-0.09009602,-0.12106991,-0.0018867888,0.11617907,0.08507536,0.14016895,0.0067458693,0.064107366,-0.016408645,0.11990032,0.052090444,0.043788765,-0.097188935,0.22853069,0.18518707,0.059585266,-0.17251012,0.0046084896
2025-02-03 17:00:00,-0.05345556,-0.07108552,-0.047716476,-0.038819827,-0.025108308,0.015113596,-0.026038261,0.017251924,-0.1832966,0.06047433,-0.09742286,0.08134827,0.028878283,0.080232084,-0.0919626,-0.11539297,0.0021719187,0.11519427,0.07549983,0.14155978,0.007829761,0.062208243,-0.019726116,0.11425292,0.048542544,0.04346939,-0.09534708,0.22024536,0.179391,0.05687204,-0.16804616,0.0045126006
2025-02-03 18:00:00,-0.05093132,-0.067261375,-0.043155268,-0.03649406,-0.020994216,0.01489054,-0.025978489,0.013154328,-0.18219838,0.05934068,-0.09299931,0.08138199,0.027179707,0.08144578,-0.09108733,-0.11177999,0.0013802014,0.11300755,0.07115507,0.14125806,0.009460611,0.0629573,-0.022520721,0.11125508,0.047676615,0.0413076,-0.0931029,0.21636182,0.17465037,0.05653116,-0.16676134,0.0073322505
2025-02-03 19:00:00,-0.04803413,-0.065351315,-0.039505117,-0.03530077,-0.01741542,0.013094638,-0.027345533,0.009944614,-0.18215162,0.058813065,-0.088316925,0.081554495,0.025498997,0.0812877,-0.08942583,-0.10788286,-9.7587705e-05,0.11188998,0.06817214,0.13998705,0.010603556,0.06416799,-0.026224671,0.10836657,0.046897657,0.039334968,-0.09190594,0.2144261,0.17187732,0.056789234,-0.16677389,0.011491846
2025-02-03 20:00:00,-0.045010455,-0.06211389,-0.03663452,-0.036025822,-0.013972014,0.014868848,-0.02966729,0.0070019364,-0.18119629,0.06074629,-0.085890405,0.08012003,0.024376955,0.08101705,-0.087617666,-0.10584287,-0.003378475,0.10947293,0.06578672,0.13724679,0.012069043,0.06707047,-0.02837878,0.10853519,0.048789322,0.03786805,-0.09001466,0.21298502,0.16777362,0.057104103,-0.16676265,0.015461311
2025-02-04 14:00:00,-0.04278534,-0.060776584,-0.03501617,-0.036574088,-0.0111239925,0.015881691,-0.032422602,0.0032079294,-0.180714,0.06281995,-0.08830824,0.07897081,0.024120908,0.0795507,-0.08653128,-0.10599941,-0.0057375953,0.10548224,0.06523432,0.13592526,0.013239767,0.06944454,-0.027845245,0.10938917,0.051308393,0.037711136,-0.086941145,0.21280998,0.16495842,0.05944021,-0.1650253,0.020546816
2025-02-04 15:00:00,-0.04199225,-0.061688043,-0.035550825,-0.035030082,-0.010449022,0.011469893,-0.032620452,0.0031412765,-0.17983365,0.060721174,-0.08764347,0.07887355,0.02373543,0.07842628,-0.087068364,-0.10421641,-0.0038870387,0.106154695,0.064908534,0.13632825,0.012615612,0.06875546,-0.028704077,0.107396,0.0500407,0.038833804,-0.087221175,0.21325688,0.167012,0.06007138,-0.1638532,0.02256623
2025-02-04 16:00:00,-0.039273314,-0.062068827,-0.034136735,-0.03554432,-0.009242497,0.010754004,-0.033624284,0.0016236268,-0.18088022,0.06136501,-0.08481343,0.0795964,0.023635466,0.07778676,-0.08532248,-0.10294844,-0.0044530444,0.10667578,0.06306258,0.13501716,0.013338335,0.06965118,-0.030638045,0.10600912,0.050529443,0.038731255,-0.08766007,0.2127922,0.1669324,0.061529405,-0.16541252,0.025637731
2025-02-04 17:00:00,-0.037738062,-0.05716125,-0.03316485,-0.036167294,-0.0075790137,0.013404343,-0.0338945,0.001632411,-0.17758276,0.06235998,-0.08300036,0.07653282,0.023270946,0.07853539,-0.08510925,-0.10185209,-0.006085582,0.10550406,0.06023854,0.13279912,0.014387667,0.07189123,-0.031307995,0.10713239,0.053135313,0.03871323,-0.08617235,0.2109133,0.16330417,0.06015371,-0.16506135,0.025817811
2025-02-04 18:00:00,-0.036728576,-0.057668723,-0.031747237,-0.039173983,-0.008306757,0.014043067,-0.037018187,0.0012153387,-0.18004209,0.06506953,-0.080297425,0.07684214,0.022345897,0.077066876,-0.082112044,-0.10119848,-0.010197587,0.10553128,0.06088391,0.1299275,0.01548657,0.073519155,-0.034408886,0.107618995,0.055380598,0.036740795,-0.08606696,0.21207781,0.16238953,0.06126324,-0.16915935,0.027861644
2025-02-04 19:00:00,-0.035779953,-0.059624396,-0.03106638,-0.04375515,-0.009504855,0.015297234,-0.041285157,0.0013453253,-0.18354937,0.06914949,-0.07850411,0.077710815,0.022078756,0.075289555,-0.07842473,-0.10135378,-0.015306696,0.10564884,0.06267755,0.126106,0.01597314,0.07581885,-0.03725204,0.109305985,0.05797395,0.0345921,-0.08683707,0.21443708,0.16209212,0.062226668,-0.17446609,0.030149803
2025-02-04 20:00:00,-0.035458304,-0.061376788,-0.031919666,-0.04704584,-0.00996317,0.016838457,-0.04520428,0.0008250028,-0.18518633,0.072691076,-0.082091436,0.07796189,0.023448091,0.07359812,-0.076388426,-0.10350123,-0.018615883,0.10363331,0.06498261,0.123953655,0.016135931,0.077850014,-0.03674694,0.11211856,0.060814723,0.034421254,-0.086608045,0.2168981,0.16197285,0.06358232,-0.1759884,0.03254953
2025-02-05 14:00:00,-0.03564891,-0.06721518,-0.03370311,-0.05061747,-0.011413425,0.017651852,-0.04935824,-0.0003020391,-0.19000117,0.07671226,-0.08824558,0.08038831,0.026116367,0.07093268,-0.074038506,-0.10766335,-0.020776853,0.10213095,0.06929496,0.123533,0.016094,0.079291105,-0.034412667,0.11504442,0.06332824,0.03482349,-0.08679081,0.22102842,0.16447921,0.06712249,-0.17784205,0.035847023
2025-02-05 15:00:00,-0.03609606,-0.07039451,-0.03596826,-0.051678345,-0.0123337805,0.017193887,-0.05012335,0.00018768013,-0.19122414,0.07748536,-0.092686705,0.08115001,0.028330531,0.06973757,-0.07422829,-0.11016688,-0.019593496,0.10218479,0.071238264,0.12438618,0.015536892,0.07965646,-0.03155037,0.11642089,0.0642481,0.036576983,-0.08707498,0.2232123,0.16697681,0.068837814,-0.17735457,0.036696162
2025-02-05 16:00:00,-0.036242615,-0.074069954,-0.037042156,-0.055198565,-0.014486894,0.019397575,-0.051481523,0.0011408031,-0.19524145,0.08067906,-0.09343067,0.08270937,0.030101474,0.068582915,-0.07233331,-0.11254734,-0.021200553,0.10364202,0.07337585,0.12363565,0.016032279,0.08111924,-0.030734234,0.1182496,0.06663126,0.036387056,-0.088291235,0.22561216,0.1687532,0.07063457,-0.18120271,0.037037537
2025-02-05 17:00:00,-0.036409184,-0.07724022,-0.038312316,-0.057236433,-0.015878066,0.019418258,-0.0525653,0.0020144768,-0.19769774,0.082098156,-0.09436459,0.08412562,0.031727117,0.067690715,-0.071244106,-0.11408508,-0.021694787,0.10508878,0.07477817,0.12362653,0.015719444,0.08181627,-0.030311696,0.118991725,0.06766966,0.036547553,-0.08969667,0.22774328,0.170906,0.071688354,-0.18334806,0.03723319
2025-02-05 18:00:00,-0.036260366,-0.0806625,-0.038629517,-0.063336626,-0.018388286,0.024199743,-0.05567488,0.0030665323,-0.20324768,0.08809075,-0.09328293,0.08562957,0.032988947,0.066385664,-0.067438245,-0.11657186,-0.027048137,0.10628569,0.07772243,0.12059852,0.016591556,0.08498626,-0.031306762,0.12239697,0.07190793,0.0342515,-0.09109596,0.23060343,0.17117193,0.07263596,-0.19035113,0.037798103
2025-02-05 19:00:00,-0.037102997,-0.0856921,-0.040303707,-0.06987977,-0.021741219,0.027430091,-0.060168408,0.0051195584,-0.20895377,0.09395803,-0.09411549,0.08740448,0.03472783,0.06449619,-0.063773915,-0.11971654,-0.032796875,0.10737336,0.0824254,0.11756691,0.016504498,0.08780922,-0.032255933,0.12642819,0.075705744,0.03214708,-0.09313237,0.2355601,0.17309734,0.07334383,-0.1972571,0.038176786
2025-02-05 20:00:00,-0.038181186,-0.09147624,-0.0428373,-0.0751795,-0.02461341,0.029855195,-0.064604566,0.006406307,-0.21414171,0.099134095,-0.09843966,0.0895859,0.037476387,0.062420893,-0.06098403,-0.124057576,-0.036997087,0.10750035,0.087668166,0.11585063,0.016038973,0.089850634,-0.031456277,0.13068423,0.0788454,0.031438116,-0.09491418,0.24078082,0.17590825,0.074868456,-0.20172113,0.03905693
2025-02-06 14:00:00,-0.03968259,-0.0976047,-0.046035416,-0.078994796,-0.027213305,0.03147727,-0.067708805,0.0075303763,-0.21860836,0.10290069,-0.10506077,0.09194774,0.04094513,0.06053097,-0.059640814,-0.12915246,-0.03883771,0.10761602,0.092905164,0.11591099,0.015278785,0.09086899,-0.028757855,0.134692,0.081006244,0.03205043,-0.09643417,0.24571976,0.17959163,0.07684293,-0.20383969,0.039422557
2025-02-06 15:00:00,-0.040984157,-0.10423299,-0.048943542,-0.08258343,-0.029774234,0.033480894,-0.0699216,0.008278191,-0.22382005,0.106638335,-0.11128608,0.09482889,0.044662017,0.058727518,-0.058308475,-0.13445735,-0.039882466,0.10834602,0.09778644,0.11670504,0.014841381,0.091744825,-0.02555887,0.13817465,0.08314866,0.032786064,-0.097921014,0.25022158,0.18350494,0.079579115,-0.2061193,0.039854445
2025-02-06 16:00:00,-0.042341758,-0.1091548,-0.05120427,-0.086808875,-0.03285104,0.036463562,-0.07117149,0.010584205,-0.22844377,0.110323854,-0.11366158,0.09676783,0.047281947,0.05762157,-0.056914624,-0.13825051,-0.041760117,0.1104953,0.10161504,0.116421625,0.0148795955,0.09320377,-0.023876365,0.14126964,0.0856477,0.03254716,-0.10000584,0.25390396,0.18636268,0.08080893,-0.21023515,0.03873671
2025-02-06 17:00:00,-0.043800686,-0.11322377,-0.052938618,-0.092798576,-0.036408126,0.041921172,-0.073457815,0.0130673945,-0.23368597,0.116118245,-0.115079,0.09826745,0.049407806,0.056389764,-0.05431279,-0.14238311,-0.046312697,0.11221626,0.106047824,0.1145108,0.015427082,0.09572059,-0.023278069,0.145613,0.089851886,0.031148829,-0.101926245,0.25780502,0.18782465,0.081549145,-0.21644405,0.0374506
2025-02-06 18:00:00,-0.046045516,-0.119406916,-0.055294886,-0.099979654,-0.04124617,0.046476934,-0.07727201,0.016406313,-0.24063727,0.12258715,-0.11696864,0.10067776,0.051470708,0.054460905,-0.051086273,-0.14709808,-0.05221297,0.11432095,0.112474844,0.112126514,0.015375046,0.09795135,-0.02343154,0.15062039,0.09386191,0.029068075,-0.10473552,0.26377413,0.19065334,0.08227574,-0.22420985,0.036025953
2025-02-06 19:00:00,-0.04856577,-0.123156406,-0.057950944,-0.10519473,-0.045038834,0.050412666,-0.080074534,0.019535303,-0.24459784,0.12724945,-0.12105467,0.1017783,0.05347042,0.05314202,-0.049735107,-0.15157622,-0.056402817,0.11509474,0.11797802,0.11051081,0.014976324,0.09929095,-0.022313535,0.1555142,0.09684296,0.028408483,-0.106708,0.26860213,0.19275959,0.08217304,-0.22852221,0.033939525
2025-02-06 20:00:00,-0.051586807,-0.12791303,-0.061077803,-0.10794245,-0.048578754,0.051157076,-0.08166823,0.02215106,-0.24798559,0.12916984,-0.12681851,0.103710115,0.055596095,0.05191318,-0.050119814,-0.15586235,-0.057514004,0.116214246,0.12343371,0.1112094,0.0138526065,0.0983579,-0.020144705,0.15894423,0.09724218,0.028910404,-0.10871368,0.27325058,0.19650854,0.082680434,-0.2299653,0.03139156
2025-02-07 14:00:00,-0.05388342,-0.13469428,-0.06388048,-0.109842286,-0.051493093,0.050797973,-0.08247352,0.023278378,-0.2529208,0.13060954,-0.13247648,0.107457995,0.058455046,0.05056078,-0.050131172,-0.16023676,-0.05691745,0.118124224,0.12838772,0.11329728,0.0125990445,0.0966192,-0.017565738,0.16094632,0.09655943,0.02975514,-0.11112509,0.27742457,0.20146835,0.08468347,-0.23107994,0.029980995
2025-02-07 15:00:00,-0.05688663,-0.13009548,-0.066531315,-0.105969355,-0.05182506,0.04975674,-0.07651256,0.02658727,-0.24633205,0.12517127,-0.13581845,0.10457584,0.058292147,0.05359774,-0.056567498,-0.1603625,-0.05075328,0.119209684,0.12721746,0.11688112,0.011056774,0.093417905,-0.013004798,0.16076207,0.09309076,0.032805637,-0.111122005,0.27508625,0.20198122,0.08081384,-0.22424364,0.022901714
2025-02-07 16:00:00,-0.059520304,-0.120837845,-0.06639353,-0.098096564,-0.05097404,0.047723252,-0.06825583,0.027922548,-0.2365054,0.11680291,-0.13529307,0.10000056,0.05509566,0.05798582,-0.064060256,-0.15715234,-0.043065093,0.11895555,0.12246437,0.12150367,0.010533756,0.08846222,-0.010046322,0.15738049,0.088327006,0.035632458,-0.1086098,0.268554,0.19957785,0.07675216,-0.21515056,0.015479989
2025-02-07 17:00:00,-0.061446868,-0.118817784,-0.06463489,-0.094588414,-0.051259443,0.04778273,-0.06441408,0.026386313,-0.23576543,0.11402976,-0.13511047,0.1003274,0.05315834,0.059091046,-0.06616624,-0.15673153,-0.040353477,0.118614316,0.12165564,0.12465857,0.011184877,0.08490572,-0.009138688,0.15490218,0.08552806,0.035761937,-0.10733982,0.2656337,0.19855967,0.07730584,-0.2124674,0.012792129
2025-02-07 18:00:00,-0.06212183,-0.11976776,-0.062409535,-0.094963446,-0.052632645,0.047697242,-0.0635681,0.026755832,-0.23936656,0.113979675,-0.1292158,0.10218271,0.05100293,0.059050072,-0.06439544,-0.15477122,-0.04169403,0.12117697,0.12194227,0.12454918,0.012259163,0.08373517,-0.012511164,0.15238829,0.08356053,0.032979917,-0.10910752,0.26532948,0.19859546,0.07701931,-0.21630055,0.011328157
2025-02-07 19:00:00,-0.062417746,-0.113736786,-0.061093964,-0.09337734,-0.05139953,0.04887912,-0.061485425,0.028013952,-0.23503,0.11203105,-0.12482995,0.099395074,0.048491675,0.061294995,-0.06577716,-0.15161568,-0.041786328,0.12132852,0.11903991,0.12356591,0.012329363,0.08356736,-0.014219515,0.15139443,0.08216257,0.031946667,-0.10925731,0.26243463,0.19523856,0.072926,-0.21489286,0.00805008
2025-02-07 20:00:00,-0.062407464,-0.113943405,-0.059610568,-0.094567284,-0.051613435,0.050342027,-0.063226946,0.026824981,-0.23676091,0.11378931,-0.12338507,0.10021124,0.047229614,0.060831532,-0.0640436,-0.15145338,-0.044892095,0.12041853,0.1202489,0.12209258,0.012987001,0.08375439,-0.016568039,0.15177034,0.08224906,0.029887486,-0.1095225,0.26286277,0.19398002,0.07302267,-0.21677095,0.008799911
2025-02-10 14:00:00,-0.06162262,-0.1191423,-0.059550487,-0.09678313,-0.051389143,0.051201466,-0.0666564,0.023891278,-0.24162015,0.117336564,-0.12739551,0.10316421,0.048677888,0.058682367,-0.061594263,-0.1544302,-0.047500245,0.11863154,0.1237005,0.12179847,0.012794268,0.08465049,-0.016104046,0.15331209,0.08298306,0.028987266,-0.10964165,0.2658126,0.19516727,0.07626287,-0.21834543,0.013012122
2025-02-10 15:00:00,-0.061244458,-0.12278495,-0.06096346,-0.098355114,-0.051340193,0.051529985,-0.06820748,0.023286648,-0.2442857,0.11936512,-0.1306015,0.10443887,0.05061535,0.057443015,-0.06083477,-0.1567751,-0.048106745,0.11828377,0.12604176,0.12193535,0.012314089,0.08583431,-0.014535937,0.15480746,0.08384117,0.029182682,-0.110179245,0.26834333,0.19709538,0.07791569,-0.2189059,0.015242647
2025-02-10 16:00:00,-0.060064107,-0.12495101,-0.061309658,-0.1009333,-0.051486492,0.05399156,-0.06979642,0.02288147,-0.24705344,0.122675516,-0.13053815,0.10514051,0.052001875,0.0564366,-0.058761396,-0.1584053,-0.050242715,0.11861977,0.12716126,0.12067045,0.013074332,0.08820781,-0.014556091,0.15629956,0.086413234,0.028711043,-0.11061671,0.2700147,0.1976174,0.07951178,-0.22167334,0.017416589
2025-02-10 17:00:00,-0.059187233,-0.12613592,-0.061336964,-0.104506254,-0.05231367,0.056884807,-0.07211668,0.023589157,-0.24957034,0.12650701,-0.12878364,0.10519092,0.052645054,0.055406615,-0.056098096,-0.1593881,-0.053962693,0.11924112,0.12826648,0.1181307,0.013926255,0.091096535,-0.015945833,0.15822874,0.08980267,0.027414676,-0.11121268,0.2718472,0.1974333,0.08009122,-0.22601345,0.018817417
2025-02-10 18:00:00,-0.058921345,-0.1303969,-0.06178145,-0.109850004,-0.054968998,0.05850176,-0.076068014,0.02550117,-0.254667,0.13120762,-0.1261443,0.1068937,0.053097095,0.053579044,-0.0522368,-0.16048591,-0.059286036,0.12118502,0.1313267,0.11470296,0.014060274,0.093541965,-0.018971782,0.16046073,0.092860796,0.024958078,-0.11336078,0.275814,0.1991069,0.08063546,-0.23327139,0.020020168
2025-02-10 19:00:00,-0.058748886,-0.13576987,-0.0632154,-0.115587145,-0.057527497,0.06054585,-0.08078079,0.027142398,-0.2599686,0.13658409,-0.12653953,0.10922104,0.0549186,0.051687703,-0.048470974,-0.16307756,-0.06455742,0.12240817,0.13532987,0.11145249,0.013586792,0.09596902,-0.020670246,0.16385008,0.09608171,0.023289483,-0.115816064,0.28055117,0.20140947,0.08140008,-0.23981431,0.0215544
2025-02-10 20:00:00,-0.05902835,-0.1419861,-0.065735385,-0.12137577,-0.05999723,0.06370032,-0.08568284,0.028398812,-0.26553005,0.14261706,-0.13102397,0.11178297,0.058408808,0.049642637,-0.045288075,-0.16796789,-0.06929875,0.12251503,0.14050293,0.10918523,0.013104701,0.09859372,-0.019922115,0.16877337,0.10003802,0.022724096,-0.11773238,0.28592438,0.2040501,0.08296573,-0.2449933,0.023313813
2025-02-11 14:00:00,-0.05993451,-0.14969686,-0.06922708,-0.12649645,-0.062533006,0.06645797,-0.090060346,0.029372491,-0.27169606,0.1482324,-0.13883005,0.11490473,0.06320815,0.047249854,-0.043072227,-0.17461227,-0.07246314,0.12250242,0.14664333,0.10874173,0.012424131,0.1006335,-0.017026793,0.17407067,0.10382431,0.023270003,-0.119201355,0.29205692,0.20791134,0.08587937,-0.24862158,0.025093846
2025-02-11 15:00:00,-0.061878577,-0.15700379,-0.073153146,-0.13080578,-0.06582303,0.067903265,-0.092455976,0.032009482,-0.27717662,0.15193643,-0.1452449,0.11782122,0.06752294,0.04537364,-0.042315032,-0.18031342,-0.07382923,0.12438539,0.15234578,0.10931492,0.011490708,0.10157998,-0.013974279,0.17832632,0.10630026,0.024084654,-0.12153647,0.29786366,0.21279958,0.08791688,-0.25174183,0.024525773
2025-02-11 16:00:00,-0.063045695,-0.16276628,-0.0757063,-0.13504228,-0.06871088,0.07066053,-0.09395875,0.034112453,-0.28232288,0.15594247,-0.14848289,0.120531335,0.0708549,0.04403974,-0.04086327,-0.18474357,-0.07560574,0.12683922,0.15642054,0.10927874,0.011449948,0.10288089,-0.012226518,0.18152763,0.10915393,0.024184082,-0.12379962,0.30198476,0.21616225,0.08978163,-0.25591674,0.02392716
2025-02-11 17:00:00,-0.064550035,-0.16572219,-0.07806376,-0.13765854,-0.070910215,0.07246144,-0.09430741,0.036456205,-0.28466928,0.15787712,-0.15159062,0.12175062,0.0732902,0.043549016,-0.04098488,-0.18799184,-0.076261185,0.1286702,0.15914497,0.10971965,0.011038011,0.103424504,-0.010387499,0.18398403,0.110803574,0.024636928,-0.12549375,0.30483598,0.21856058,0.09011775,-0.25777474,0.021977037
2025-02-11 18:00:00,-0.06613164,-0.16987953,-0.0796613,-0.14325552,-0.07457286,0.07756139,-0.09616825,0.03922551,-0.29017806,0.16334422,-0.15236801,0.12386134,0.07514776,0.042456266,-0.038629428,-0.19204868,-0.08067895,0.13118295,0.16358644,0.10815096,0.011728192,0.105439425,-0.010340385,0.18794236,0.114694476,0.023084644,-0.12788263,0.30870426,0.2202107,0.090666085,-0.26421243,0.020289745
2025-02-11 19:00:00,-0.0681608,-0.17638001,-0.0821609,-0.14888711,-0.07872924,0.08036895,-0.09931609,0.042188145,-0.29672185,0.16827431,-0.15508503,0.12690386,0.077620655,0.040729754,-0.03644234,-0.19671592,-0.085054435,0.13364418,0.16953808,0.10713274,0.011231003,0.10651962,-0.010241091,0.19192712,0.117430955,0.021652337,-0.1308721,0.31458628,0.22378048,0.09158249,-0.27037182,0.01889886
2025-02-11 20:00:00,-0.06988167,-0.18340638,-0.085192524,-0.15374748,-0.08212173,0.082971305,-0.10213159,0.044309586,-0.3030745,0.17295122,-0.16006905,0.1303384,0.081094876,0.03901097,-0.034838602,-0.20224695,-0.08831705,0.13566275,0.17557049,0.106979564,0.010387734,0.10729397,-0.0088703595,0.19607563,0.11976151,0.021150328,-0.13371782,0.32041192,0.22783375,0.0930785,-0.2749076,0.018091857
2025-02-12 14:00:00,-0.07158094,-0.19066107,-0.08881902,-0.1584113,-0.08511205,0.08659591,-0.10440603,0.045944184,-0.30942613,0.17799789,-0.167418,0.13379976,0.08567427,0.03731406,-0.033836935,-0.20927964,-0.090880014,0.13727646,0.18191554,0.107675865,0.009613183,0.10833457,-0.005800545,0.20096001,0.12260026,0.021391254,-0.13604589,0.32626253,0.2319969,0.095295615,-0.2783852,0.01749533
2025-02-12 15:00:00,-0.07556674,-0.19098043,-0.09348861,-0.15708326,-0.08687098,0.085074216,-0.10104269,0.049059667,-0.30724964,0.17482165,-0.17635089,0.13292927,0.08785306,0.03826567,-0.040027022,-0.213313,-0.08637084,0.13787681,0.18501787,0.111776926,0.0070380075,0.10549477,0.00048584864,0.20332201,0.12049167,0.024203148,-0.13609876,0.32819033,0.23558351,0.09378435,-0.27284056,0.011643693
2025-02-12 16:00:00,-0.07818656,-0.18701166,-0.09398385,-0.15436915,-0.08845435,0.08517294,-0.09619519,0.051798515,-0.30448726,0.1716015,-0.17437676,0.13150758,0.08631952,0.04041772,-0.043622375,-0.2121879,-0.08296468,0.14008287,0.18370079,0.11419594,0.0077429274,0.102875955,0.0015385784,0.20184976,0.118488684,0.0249854,-0.13666914,0.32594335,0.23596323,0.09156785,-0.27056402,0.0055816546
2025-02-12 17:00:00,-0.08047877,-0.18657386,-0.09343109,-0.1516618,-0.09048559,0.080898836,-0.09303759,0.05401417,-0.30378142,0.16699505,-0.16955715,0.13241893,0.084026486,0.041501597,-0.045355003,-0.20890518,-0.08005675,0.14321044,0.18259917,0.11637664,0.007182829,0.09883338,-0.00092402473,0.1979831,0.1136654,0.024034325,-0.13896753,0.32465568,0.23812148,0.08952245,-0.27029946,0.0006383732
2025-02-12 18:00:00,-0.08049022,-0.18573433,-0.09209005,-0.15232505,-0.09085216,0.08348264,-0.09193988,0.054022998,-0.30463222,0.16783844,-0.16585264,0.13381428,0.082983136,0.042554013,-0.044465262,-0.20822997,-0.08125455,0.14508635,0.18202637,0.11578847,0.007841449,0.09842558,-0.0031504743,0.19737823,0.11275636,0.02223986,-0.14110908,0.3234452,0.23716722,0.08804099,-0.27245083,-0.0015585348
2025-02-12 19:00:00,-0.08032587,-0.18586999,-0.09120432,-0.15451507,-0.091188684,0.08672653,-0.09333504,0.053483844,-0.30637413,0.17047954,-0.16461828,0.13462424,0.08265996,0.042653527,-0.04267753,-0.20898043,-0.084604375,0.14490196,0.18318166,0.11433545,0.0084698275,0.099622525,-0.0047197305,0.19869198,0.113671884,0.020190243,-0.14196135,0.32394725,0.23576309,0.08733672,-0.27505362,-0.0016686544
2025-02-12 20:00:00,-0.080671325,-0.19001043,-0.092018165,-0.1580279,-0.09246631,0.08940777,-0.096407816,0.05317851,-0.3108251,0.17464232,-0.16741508,0.13664883,0.08420269,0.041244105,-0.040600024,-0.21242757,-0.08857319,0.14458598,0.1873145,0.11341524,0.008364041,0.10101493,-0.0048484765,0.20161398,0.115528464,0.01878291,-0.14298359,0.3275936,0.23680021,0.08859617,-0.27836296,-0.0003470704
2025-02-13 14:00:00,-0.08080765,-0.19516313,-0.09357286,-0.16171299,-0.09365198,0.09230837,-0.09935452,0.05295237,-0.31576106,0.1793164,-0.17173088,0.13878495,0.086728275,0.03944176,-0.03862596,-0.21694292,-0.091966584,0.1444665,0.19180988,0.1128324,0.008182949,0.102822244,-0.0037582554,0.20505945,0.11812571,0.018249754,-0.1438852,0.33179927,0.23861891,0.09084092,-0.28153127,0.0016964301
2025-02-13 15:00:00,-0.08246785,-0.19710821,-0.09610251,-0.16140385,-0.09458591,0.08965732,-0.098981276,0.05489888,-0.3158319,0.17782325,-0.1749362,0.13882914,0.08798243,0.03915536,-0.040720206,-0.21810175,-0.09020815,0.14508991,0.19382702,0.11428687,0.0064830426,0.10173443,-0.001876004,0.20575586,0.116857365,0.019230176,-0.14476156,0.33396703,0.24164481,0.09025051,-0.2798729,0.00015533715
2025-02-13 16:00:00,-0.082388535,-0.19904351,-0.09668326,-0.16241811,-0.095311865,0.0910753,-0.09871877,0.055160366,-0.31776464,0.1793933,-0.17497563,0.1401222,0.08898397,0.038884033,-0.04013994,-0.2194929,-0.090519175,0.14650752,0.19474451,0.114420116,0.006901158,0.10197362,-0.0017927773,0.20625718,0.11766359,0.01925981,-0.14588583,0.33488458,0.24298978,0.09125187,-0.2814698,8.714199e-05
2025-02-13 17:00:00,-0.08260386,-0.20167184,-0.09735764,-0.16645852,-0.09724228,0.09522107,-0.10032553,0.056523673,-0.3216543,0.18381554,-0.17447802,0.1415987,0.09025484,0.038181137,-0.037829507,-0.22212948,-0.09419588,0.14829464,0.1972851,0.11281349,0.007732642,0.1041123,-0.0023845844,0.20881124,0.120747015,0.017828893,-0.14762637,0.3373454,0.24375525,0.091798455,-0.2864228,-0.00021855533
2025-02-13 18:00:00,-0.08386406,-0.20340267,-0.09852529,-0.17030099,-0.09977086,0.09796904,-0.1022497,0.059280835,-0.32439762,0.18708757,-0.17427498,0.14218056,0.090919286,0.037609998,-0.036464278,-0.22416674,-0.09797485,0.14974703,0.20018415,0.11099072,0.0078027826,0.10561012,-0.0031723343,0.2116168,0.12315646,0.016364042,-0.14942054,0.34041354,0.24473949,0.090918094,-0.2906717,-0.0017978102
2025-02-13 19:00:00,-0.085844025,-0.20619327,-0.1003469,-0.17030294,-0.10162218,0.094077975,-0.10287211,0.061558776,-0.3253717,0.18532991,-0.17560023,0.14330547,0.0914516,0.03714567,-0.037666943,-0.22424228,-0.09724861,0.15097307,0.20240404,0.11191405,0.005935857,0.10338265,-0.0035235696,0.21164952,0.12097494,0.016403984,-0.15124078,0.34297448,0.24814455,0.089867055,-0.29051113,-0.003965348
2025-02-13 20:00:00,-0.085817546,-0.2093387,-0.10131808,-0.17011379,-0.10160416,0.09337592,-0.10270755,0.060802154,-0.3270718,0.18555266,-0.17858434,0.1456491,0.093320474,0.036827,-0.037956916,-0.22598685,-0.096017644,0.15156873,0.20360725,0.113249764,0.00508349,0.102143526,-0.0024847575,0.21191299,0.119944304,0.017268788,-0.1523858,0.34397227,0.25030762,0.09098814,-0.28997952,-0.0037127584
2025-02-14 14:00:00,-0.08522341,-0.21332109,-0.102796935,-0.17136201,-0.101053536,0.09597938,-0.10299574,0.058882706,-0.32997388,0.1883676,-0.18489859,0.1479555,0.096867606,0.036083885,-0.03773958,-0.23067395,-0.09579707,0.15114404,0.20580254,0.11486688,0.004752962,0.10300343,0.00087108836,0.21416818,0.12140812,0.018435072,-0.15230606,0.3456722,0.25168493,0.0938445,-0.28981492,-0.0018620268
2025-02-14 15:00:00,-0.08605996,-0.2189973,-0.10556037,-0.17603989,-0.103119805,0.10118456,-0.10454331,0.05986484,-0.33596724,0.1940639,-0.19017845,0.15033369,0.10095984,0.034607854,-0.036267057,-0.23721991,-0.098765075,0.15268908,0.21076225,0.11536762,0.005312482,0.1057837,0.0037638731,0.21854314,0.12572056,0.018188361,-0.15365975,0.3502829,0.25424433,0.096612774,-0.29394236,-0.0013839602
2025-02-14 16:00:00,-0.08669567,-0.22147644,-0.10708504,-0.1795658,-0.1048864,0.10532248,-0.105650924,0.06135387,-0.33942807,0.19808716,-0.19169429,0.15087861,0.10283142,0.033657078,-0.034930937,-0.24088104,-0.1017225,0.1541631,0.21361123,0.114864886,0.006217126,0.108419165,0.0047178194,0.22133134,0.12949249,0.017500054,-0.15451987,0.35325217,0.2553164,0.0979825,-0.29764727,-0.0014929101
2025-02-14 17:00:00,-0.087143525,-0.22338772,-0.10788564,-0.18378277,-0.10703896,0.11016761,-0.10761382,0.06301258,-0.34301615,0.20291984,-0.1916973,0.1513043,0.10375269,0.032537233,-0.03266411,-0.24403183,-0.10627406,0.15555951,0.2165149,0.11307849,0.0074223354,0.11126223,0.004230272,0.22436109,0.1338397,0.016134817,-0.15550333,0.35622862,0.25558084,0.09895513,-0.30272037,-0.0015108362
2025-02-14 18:00:00,-0.088341296,-0.22914606,-0.10913377,-0.19131573,-0.111812785,0.1152069,-0.11202547,0.066617705,-0.3508029,0.21034698,-0.190243,0.15374687,0.1046948,0.030252509,-0.028254107,-0.24798228,-0.11419218,0.15864863,0.222468,0.109578505,0.008368424,0.11438224,0.0016976781,0.22877304,0.13920096,0.012856916,-0.15845403,0.36232504,0.2576903,0.09975245,-0.3126651,-0.0018447712
2025-02-14 19:00:00,-0.0893316,-0.23553845,-0.11114024,-0.19840176,-0.11596604,0.11931546,-0.116986424,0.069814704,-0.3579588,0.21725708,-0.19179186,0.15652332,0.10677984,0.027990513,-0.024595335,-0.25265974,-0.12128442,0.16077092,0.22871532,0.10637599,0.008119118,0.116773784,0.00039956346,0.23367599,0.14375277,0.010779221,-0.16141784,0.3689943,0.26040822,0.100568496,-0.32097623,-0.0016575381
2025-02-14 20:00:00,-0.09046316,-0.24234408,-0.11389802,-0.20517309,-0.11972484,0.12379067,-0.12182148,0.07272923,-0.3650631,0.22425225,-0.19624388,0.15954444,0.11009835,0.025785688,-0.02167765,-0.25876576,-0.12754264,0.16215196,0.23546611,0.10389663,0.0077196425,0.119107425,0.00097114965,0.23956029,0.14849599,0.009767525,-0.16402411,0.3758249,0.26326808,0.10181406,-0.32799113,-0.0011890605
2025-02-18 14:00:00,-0.091826275,-0.25100523,-0.11775229,-0.21054222,-0.12280767,0.12674895,-0.12612006,0.07452063,-0.3726043,0.23021573,-0.2053554,0.16340986,0.11542632,0.02320889,-0.02026407,-0.2667172,-0.13139975,0.16298097,0.24290787,0.10378009,0.0065504797,0.12029779,0.004072178,0.24549702,0.15239152,0.010437433,-0.16576552,0.38327265,0.26758334,0.10491665,-0.3323667,-6.315857e-05
2025-02-18 15:00:00,-0.094381474,-0.26080254,-0.12250053,-0.21598332,-0.12691878,0.12842254,-0.12910245,0.07797731,-0.38114107,0.23523992,-0.21349776,0.16792403,0.12104587,0.020719014,-0.019599162,-0.27437812,-0.13401216,0.16590154,0.25075144,0.104735315,0.0053306203,0.12089442,0.0074694194,0.25078225,0.15561065,0.010871764,-0.1688246,0.39122203,0.27374822,0.10770152,-0.33711952,-0.00084046274
2025-02-18 16:00:00,-0.096209824,-0.2685452,-0.12613466,-0.22176187,-0.1308706,0.13213035,-0.13085115,0.081745185,-0.38865006,0.24081448,-0.21714094,0.1719504,0.12538938,0.019082941,-0.018072132,-0.28035998,-0.13722953,0.17016621,0.25667816,0.10454664,0.0053519886,0.12253322,0.009170029,0.2550301,0.1595272,0.010354038,-0.17256482,0.39733878,0.27839544,0.109572455,-0.3434377,-0.0022795424
2025-02-18 17:00:00,-0.09784861,-0.2739406,-0.12899297,-0.22833471,-0.1348859,0.13791229,-0.13284983,0.08584987,-0.3950097,0.2472558,-0.2187418,0.17493068,0.12855189,0.017974943,-0.015899073,-0.28574497,-0.14220735,0.17413217,0.26191223,0.102859735,0.0058631357,0.12521964,0.009716567,0.25977027,0.16448012,0.008951578,-0.17617193,0.40268648,0.28124225,0.11006009,-0.35084206,-0.0042556077
2025-02-18 18:00:00,-0.09974396,-0.27939373,-0.13174438,-0.23449843,-0.13898708,0.14251576,-0.13578816,0.08961592,-0.40124464,0.25311968,-0.22142246,0.17773223,0.13143988,0.016645283,-0.014010716,-0.29116994,-0.14754057,0.17697635,0.26769167,0.10128243,0.0058507007,0.12717438,0.009994786,0.2646328,0.1688051,0.0075399503,-0.17918997,0.40863627,0.28410444,0.1105059,-0.35759872,-0.0059742257
2025-02-18 19:00:00,-0.10194018,-0.28334415,-0.13460988,-0.23843719,-0.14208138,0.14514972,-0.13783401,0.0927405,-0.4055194,0.25656024,-0.22628641,0.17970476,0.13418286,0.01568909,-0.014088765,-0.29619288,-0.15067288,0.17845167,0.27277797,0.10096726,0.0051359516,0.12765084,0.011666965,0.26889458,0.17130437,0.007331278,-0.18116736,0.41368282,0.28676394,0.11066574,-0.36090976,-0.008005127
2025-02-18 20:00:00,-0.10373672,-0.29075396,-0.1375033,-0.24350257,-0.1457225,0.14862266,-0.14070106,0.095081724,-0.41308853,0.26217347,-0.23136178,0.18370175,0.13790114,0.013746776,-0.01256606,-0.30261844,-0.15476346,0.18094747,0.2793923,0.100896075,0.005010618,0.12852733,0.012846369,0.27345648,0.1747812,0.006662965,-0.18370113,0.41991973,0.29049933,0.11295778,-0.36657035,-0.008561805
2025-02-19 14:00:00,-0.10618805,-0.29963464,-0.14155897,-0.24808685,-0.14947239,0.14944717,-0.14311036,0.09808094,-0.4209804,0.26614988,-0.23806581,0.18814006,0.14266294,0.011671014,-0.012242705,-0.3091097,-0.1572034,0.18403909,0.28647172,0.10214502,0.003566891,0.12827642,0.01505005,0.2775234,0.17673126,0.0065107197,-0.18684909,0.42711776,0.29629457,0.11511794,-0.370946,-0.009984702
2025-02-19 15:00:00,-0.107499525,-0.31007615,-0.14618891,-0.25385153,-0.15265581,0.15390512,-0.14508693,0.10004533,-0.43029407,0.27302524,-0.24655047,0.19382676,0.14940976,0.009389624,-0.011082582,-0.3182189,-0.16033712,0.18816209,0.2940811,0.103618346,0.00281878,0.12957227,0.018126424,0.28270113,0.18082853,0.006840829,-0.1904944,0.43470132,0.3022255,0.11902692,-0.37659258,-0.010185428
2025-02-19 16:00:00,-0.10942423,-0.3186877,-0.15079379,-0.25938106,-0.15612815,0.15760486,-0.14649999,0.103337996,-0.43822503,0.27857774,-0.25292167,0.19810861,0.15511821,0.0077432767,-0.01041434,-0.32588124,-0.1632995,0.19234696,0.30079484,0.104829535,0.0023564454,0.13137607,0.020884719,0.28738752,0.18464781,0.006448094,-0.19423778,0.4416389,0.307754,0.121344306,-0.38196442,-0.011683442
2025-02-19 17:00:00,-0.11083726,-0.3244717,-0.15427077,-0.26548618,-0.15957591,0.16423097,-0.14764489,0.106970675,-0.44472173,0.28536063,-0.25567457,0.20118162,0.15908764,0.006739445,-0.008740913,-0.3325165,-0.16801748,0.19680013,0.30623823,0.104210734,0.0033018552,0.13472044,0.022033092,0.29215145,0.19002773,0.0050913095,-0.19800562,0.44721937,0.3110684,0.12260303,-0.38882953,-0.013384223
2025-02-19 18:00:00,-0.11321409,-0.33236927,-0.15814596,-0.27336103,-0.16491024,0.17048079,-0.15083335,0.11187642,-0.45358956,0.29333642,-0.25868776,0.2051169,0.16312249,0.005002834,-0.0063120984,-0.34005886,-0.17513752,0.20155147,0.31397367,0.10285345,0.0038216691,0.13787983,0.022082094,0.29806292,0.19600362,0.0026487745,-0.2023839,0.4553162,0.31556857,0.12379988,-0.3980707,-0.0155805275
2025-02-19 19:00:00,-0.11573227,-0.33916408,-0.16167986,-0.2787969,-0.16928197,0.17301762,-0.153585,0.11607691,-0.46059006,0.29809418,-0.2626244,0.20844102,0.16655135,0.0035162196,-0.005518414,-0.34585172,-0.17990264,0.20490126,0.32062662,0.10244573,0.0031000227,0.13876678,0.02250513,0.30257297,0.19912174,0.0011555776,-0.20592037,0.46249244,0.32025176,0.12429636,-0.40400875,-0.017996646
2025-02-19 20:00:00,-0.11830062,-0.34507662,-0.16587174,-0.28442925,-0.17330877,0.1783436,-0.1554253,0.12038187,-0.46730822,0.30398595,-0.268664,0.21191883,0.17080365,0.0024477765,-0.0054108202,-0.3536321,-0.18456188,0.20838505,0.3276434,0.102197215,0.0027822163,0.14019985,0.024690297,0.30850637,0.20333177,0.0004407987,-0.20956731,0.4693975,0.32432145,0.12481117,-0.40954435,-0.020854421
2025-02-20 14:00:00,-0.120447904,-0.35380006,-0.16994995,-0.2897387,-0.17715003,0.18243548,-0.15816833,0.12286677,-0.4759449,0.31025198,-0.2769887,0.21663834,0.17628552,0.00036276877,-0.0049503595,-0.36242378,-0.18886372,0.21122256,0.33561915,0.10318026,0.0022011828,0.14094612,0.0270943,0.31411743,0.20736137,0.00024366379,-0.2121825,0.47697932,0.32925338,0.12782472,-0.4150465,-0.021778367
2025-02-20 15:00:00,-0.12593621,-0.35250694,-0.17422879,-0.2891478,-0.18016727,0.17927152,-0.15566704,0.12903702,-0.47547334,0.30617973,-0.28191227,0.21557036,0.17696644,0.0019140244,-0.011056375,-0.36446744,-0.18603903,0.2122735,0.33866787,0.105839394,-8.93008e-05,0.1379449,0.03197437,0.31616673,0.20483635,0.0005465485,-0.2135169,0.47941673,0.33296862,0.12341148,-0.41179505,-0.029710822
2025-02-20 16:00:00,-0.1276822,-0.34762752,-0.17406446,-0.28565687,-0.18060558,0.17910339,-0.15184909,0.13005963,-0.47219574,0.30310848,-0.27988002,0.21468163,0.17482151,0.0037868842,-0.014384676,-0.36298078,-0.18295136,0.2130446,0.3366372,0.107555084,0.00068086945,0.1350441,0.032078397,0.31428257,0.20275278,0.0009683147,-0.21319288,0.47642493,0.332586,0.12133866,-0.40882614,-0.03412871
2025-02-20 17:00:00,-0.128718,-0.34713548,-0.17334843,-0.28503495,-0.18174721,0.17939454,-0.15110652,0.12985384,-0.47289908,0.3028768,-0.27816927,0.21578538,0.17368677,0.00397896,-0.014698423,-0.36258858,-0.18290043,0.21390507,0.3367722,0.10840468,0.0013606809,0.1334359,0.030557182,0.3129703,0.20166546,-0.00012051314,-0.21363866,0.47565228,0.33270732,0.121391535,-0.4095882,-0.036044806
2025-02-20 18:00:00,-0.1284997,-0.34575546,-0.17227194,-0.2851647,-0.1815973,0.18134223,-0.15082027,0.12892747,-0.4726637,0.30367246,-0.27642775,0.21606556,0.17242378,0.004200116,-0.014063384,-0.3623631,-0.18371704,0.21400571,0.33627814,0.1080861,0.0020504575,0.13354753,0.029304076,0.31249142,0.20151162,-0.0010025762,-0.21396655,0.47461474,0.33120662,0.12132057,-0.4104197,-0.036317438
2025-02-20 19:00:00,-0.12874714,-0.34815758,-0.17197028,-0.2865718,-0.1826,0.1812591,-0.15231879,0.12855974,-0.47517696,0.3050344,-0.27587363,0.21733508,0.17233343,0.0032447353,-0.012697849,-0.36273295,-0.18557763,0.21426126,0.33794415,0.10790152,0.001988696,0.13343313,0.027619,0.3124655,0.20142257,-0.002344951,-0.21475413,0.47617525,0.33189112,0.122092046,-0.41265073,-0.035742484
2025-02-20 20:00:00,-0.1284196,-0.35163745,-0.17265561,-0.28856838,-0.18305223,0.18243867,-0.1535698,0.12828046,-0.4780932,0.30749002,-0.27747807,0.21908116,0.17383438,0.0021881834,-0.011452399,-0.36483318,-0.18733159,0.21507211,0.34011114,0.107751556,0.0015949607,0.13409448,0.02728464,0.3136313,0.20226905,-0.002751343,-0.21605211,0.4785275,0.3331825,0.12337961,-0.41488793,-0.0346011
2025-02-21 14:00:00,-0.12815574,-0.3563695,-0.17438433,-0.29106474,-0.1835597,0.18431224,-0.15486331,0.12815687,-0.48178056,0.31072095,-0.281743,0.22120391,0.17693366,0.0009601638,-0.010640305,-0.36882687,-0.18903205,0.21598884,0.34322262,0.1081521,0.000977397,0.13525055,0.028495725,0.31598598,0.20407796,-0.0024520084,-0.21721616,0.48182517,0.33524412,0.12543103,-0.4170426,-0.033218883
2025-02-21 15:00:00,-0.1312113,-0.35715294,-0.17762038,-0.29047835,-0.1848694,0.18077558,-0.15341666,0.13142008,-0.48162806,0.30768004,-0.28602314,0.22060978,0.17846195,0.0015209392,-0.014447678,-0.37013042,-0.18637425,0.21624723,0.34518427,0.11031372,-0.0012786891,0.13349643,0.031968493,0.31710798,0.2021048,-0.0018864013,-0.21789028,0.4837501,0.33859372,0.123133965,-0.4142969,-0.03712202
2025-02-21 16:00:00,-0.1313679,-0.35777384,-0.17881691,-0.28897077,-0.18433724,0.18143314,-0.15099634,0.13064542,-0.481357,0.30734286,-0.28939623,0.22140755,0.18012331,0.0018111467,-0.016555022,-0.37223577,-0.1840378,0.21685387,0.34516752,0.11255779,-0.0015256777,0.13241635,0.03398102,0.3170808,0.20176053,-0.00035026297,-0.21760775,0.48336822,0.33996487,0.1243406,-0.41240427,-0.037777208
2025-02-21 17:00:00,-0.13161677,-0.35370272,-0.17850626,-0.28661412,-0.18333338,0.18188632,-0.14834571,0.13037673,-0.47813833,0.30527368,-0.28822666,0.21961865,0.17889617,0.0033826157,-0.01830392,-0.37111795,-0.18162185,0.21644796,0.3426057,0.11363917,-0.0007572528,0.13246965,0.035143625,0.31585026,0.20086008,-3.0197203e-05,-0.21672875,0.48035678,0.33849448,0.12325472,-0.40977138,-0.039296158
2025-02-21 18:00:00,-0.1329774,-0.34358758,-0.17720938,-0.28054136,-0.18162598,0.17866786,-0.14387265,0.13023064,-0.4691202,0.2977276,-0.28558403,0.21426588,0.17438407,0.0068103597,-0.023334362,-0.3660571,-0.17606291,0.21349066,0.33691025,0.115284316,-0.0012115315,0.13022795,0.03692932,0.3125256,0.19666842,0.0007967241,-0.21346037,0.4739489,0.33499926,0.119020544,-0.40190488,-0.04329828
2025-02-21 19:00:00,-0.13436055,-0.3335873,-0.17503506,-0.27370715,-0.1803786,0.17513475,-0.13951525,0.12935737,-0.46061677,0.29029325,-0.28163892,0.20943862,0.1690021,0.00993938,-0.027856588,-0.3602181,-0.17081949,0.2105239,0.331276,0.117063865,-0.0011527147,0.1268142,0.03707948,0.30818543,0.19212034,0.0014165565,-0.20999393,0.46713376,0.3315431,0.115442105,-0.39452952,-0.047123782
2025-02-21 20:00:00,-0.13332167,-0.33308357,-0.17226595,-0.27106255,-0.1791728,0.17455178,-0.13862614,0.124843754,-0.46004602,0.28946856,-0.28100985,0.20989533,0.16720976,0.009120554,-0.02743848,-0.3587914,-0.16980174,0.20878935,0.32979858,0.118348464,-0.0005015638,0.12471737,0.035198655,0.30510342,0.19009727,0.0017183684,-0.20781472,0.46430832,0.32999137,0.11825037,-0.39311084,-0.044877708
2025-02-24 14:00:00,-0.13191836,-0.33427224,-0.17117983,-0.27064747,-0.1774338,0.17514423,-0.13834308,0.121523865,-0.46070588,0.29024068,-0.28270873,0.21040998,0.16732813,0.008072525,-0.026597597,-0.35950065,-0.1693801,0.2076419,0.3294701,0.119231164,-0.00056864135,0.12498191,0.035561543,0.30428898,0.189551,0.0020921007,-0.20679173,0.46343946,0.32882634,0.120877266,-0.39265615,-0.041954808
2025-02-24 15:00:00,-0.13638633,-0.33014748,-0.1723569,-0.26484925,-0.17893313,0.1623105,-0.13476393,0.12661895,-0.45524934,0.2788472,-0.27753264,0.20623298,0.1631925,0.01027675,-0.031550255,-0.35094047,-0.16160688,0.20671454,0.32679665,0.1219755,-0.0034668744,0.11996649,0.035171103,0.29897118,0.18027918,0.0009129271,-0.20762832,0.46059597,0.33205435,0.11350134,-0.38640213,-0.04934386
2025-02-24 16:00:00,-0.13588399,-0.32461,-0.17050949,-0.2579928,-0.17728598,0.15609385,-0.12969984,0.12679651,-0.44865447,0.27091035,-0.2681688,0.20486912,0.15931846,0.013047092,-0.033655714,-0.3428675,-0.15494001,0.20796987,0.31996965,0.123266935,-0.0035460833,0.11570442,0.031092782,0.29208118,0.17327183,0.0005720332,-0.20884672,0.45474198,0.3326267,0.10900404,-0.3817376,-0.052956134
2025-02-24 17:00:00,-0.13243124,-0.31738716,-0.16581196,-0.25252628,-0.17324571,0.15386924,-0.12664393,0.122904785,-0.44132066,0.26586473,-0.2578987,0.20346132,0.15474993,0.015879452,-0.03320847,-0.3345098,-0.15106401,0.20734233,0.31166625,0.12254588,-0.0023317449,0.11440578,0.026226077,0.2859016,0.16821852,-0.00048511475,-0.2084598,0.44676334,0.32852942,0.10594496,-0.37783104,-0.05281707
2025-02-24 18:00:00,-0.12835926,-0.3120348,-0.16074365,-0.2507305,-0.16949582,0.15503863,-0.126926,0.11821706,-0.43676677,0.2651846,-0.24953863,0.20226869,0.15073352,0.017278746,-0.030251812,-0.32863587,-0.15184,0.20559542,0.30605346,0.119959645,-0.00047331117,0.11573911,0.021398094,0.28272155,0.16666162,-0.002181258,-0.20732723,0.44111365,0.3229593,0.10472062,-0.3769207,-0.049767822
2025-02-24 19:00:00,-0.12555313,-0.30579472,-0.15686676,-0.24982707,-0.16616164,0.15655127,-0.12809515,0.11515743,-0.431643,0.2647063,-0.2443425,0.19930318,0.14700705,0.018434547,-0.028340876,-0.3242969,-0.15349737,0.20241201,0.301933,0.116947226,0.00056545995,0.11756794,0.018759605,0.2818911,0.16647741,-0.0030060895,-0.20523506,0.43699145,0.3169378,0.10284461,-0.37516135,-0.046955414
2025-02-24 20:00:00,-0.123759046,-0.3019936,-0.15420291,-0.24852718,-0.16347633,0.15647866,-0.1295451,0.112111814,-0.42783386,0.26389197,-0.24407461,0.19668914,0.1447442,0.018532798,-0.027887747,-0.3221416,-0.15429819,0.19829202,0.2998976,0.115457654,0.000665633,0.11803739,0.018191006,0.28173497,0.16635305,-0.0022822693,-0.20210482,0.43462637,0.3124304,0.10285169,-0.37229317,-0.043521874
2025-02-25 14:00:00,-0.12364867,-0.29600057,-0.1527,-0.24418856,-0.16052602,0.15296152,-0.12814103,0.11005186,-0.42116866,0.25896522,-0.24598977,0.19232106,0.14214693,0.019653276,-0.031212498,-0.31912988,-0.15060732,0.19346541,0.29675406,0.11616325,-0.00048718415,0.116232365,0.02063426,0.2803896,0.16396928,0.00010557845,-0.19771893,0.43066552,0.3086482,0.1017046,-0.36502525,-0.042446308
2025-02-25 15:00:00,-0.1275029,-0.28341928,-0.15248749,-0.23258384,-0.1587962,0.13955516,-0.12098004,0.11293865,-0.40716264,0.24334514,-0.24155936,0.18399338,0.13557689,0.024701707,-0.040370163,-0.3076926,-0.13805768,0.19004858,0.28958172,0.120130196,-0.0037748031,0.10883765,0.022792626,0.2731187,0.15364902,0.0027428865,-0.19383368,0.42177752,0.30749547,0.09311861,-0.35110492,-0.04999929
2025-02-25 16:00:00,-0.12601057,-0.27295083,-0.147538,-0.22126521,-0.15396316,0.1328684,-0.11401726,0.10779057,-0.3956314,0.23269,-0.23523387,0.180033,0.12960394,0.027916681,-0.044438247,-0.2984203,-0.12805572,0.18623805,0.27930403,0.12282057,-0.0035543907,0.102722496,0.021449398,0.26424193,0.14582178,0.0057819,-0.18919489,0.41044343,0.30284882,0.09163527,-0.34058708,-0.050408535
2025-02-25 17:00:00,-0.12539274,-0.26500776,-0.14268056,-0.21188273,-0.15054315,0.123089164,-0.10898283,0.10499536,-0.38685638,0.2216503,-0.22497165,0.17677145,0.12348211,0.030656341,-0.046192106,-0.28661442,-0.1195833,0.18388855,0.27005672,0.124704465,-0.003523415,0.09765723,0.017588716,0.25420508,0.13656059,0.00579172,-0.18686451,0.40076727,0.29969627,0.088454805,-0.3333188,-0.051506244
2025-02-25 18:00:00,-0.121940196,-0.25614688,-0.13714725,-0.20445828,-0.14466842,0.11951095,-0.10482537,0.099756785,-0.37750557,0.2145338,-0.21626106,0.17386836,0.11834687,0.033722874,-0.046726394,-0.27744478,-0.1137253,0.18123004,0.26010948,0.12463373,-0.00273473,0.09596154,0.0145238675,0.24693935,0.13050982,0.0062656216,-0.18436432,0.3909986,0.2935004,0.08632158,-0.32659033,-0.049876235
2025-02-25 19:00:00,-0.11854112,-0.24583435,-0.13150448,-0.19786818,-0.13870718,0.1167001,-0.10192745,0.094668426,-0.36752796,0.20816433,-0.20792922,0.16936731,0.11274651,0.036801353,-0.047066767,-0.26826513,-0.109618984,0.1771927,0.25060952,0.12373645,-0.001636181,0.095485196,0.011643279,0.24089642,0.12594889,0.0064285696,-0.1806396,0.3815605,0.28593123,0.08373344,-0.3196469,-0.04762941
2025-02-25 20:00:00,-0.11667767,-0.24036261,-0.12745962,-0.19129528,-0.13438983,0.10909031,-0.099937476,0.09096161,-0.36024868,0.20050067,-0.2016182,0.16626586,0.10833983,0.0381559,-0.047861718,-0.25928354,-0.10474805,0.1739277,0.24400632,0.12436698,-0.002235828,0.09288071,0.008378983,0.23417433,0.11977118,0.0065820105,-0.17787173,0.37502527,0.28248736,0.081787296,-0.31318736,-0.045443326
2025-02-26 14:00:00,-0.11278206,-0.23132142,-0.12309361,-0.18470989,-0.12758917,0.10752064,-0.09662178,0.08541862,-0.35041463,0.19518378,-0.19816831,0.16196942,0.10444036,0.04073971,-0.04953879,-0.2532068,-0.09998966,0.16935815,0.23554422,0.12415182,-0.0018309541,0.09262259,0.008289035,0.2301828,0.11640394,0.008682691,-0.17369263,0.36664766,0.27552623,0.08058712,-0.3049716,-0.042012744
2025-02-26 15:00:00,-0.11142846,-0.22331268,-0.1201319,-0.17711897,-0.12309851,0.101120085,-0.093062334,0.082421534,-0.3412077,0.18708917,-0.19397083,0.15711966,0.10040216,0.04304704,-0.05245307,-0.24537046,-0.09375343,0.16565187,0.228588,0.12552315,-0.0023049302,0.090355605,0.0077344812,0.2244988,0.111468285,0.010284375,-0.16956949,0.35933736,0.2715077,0.07816993,-0.29647598,-0.0409275
2025-02-26 16:00:00,-0.10708928,-0.21764171,-0.114590175,-0.1727937,-0.1182334,0.10031229,-0.091824345,0.0766642,-0.33652517,0.18474069,-0.18772742,0.15490794,0.09634404,0.04377032,-0.05069493,-0.23967792,-0.09226599,0.16271518,0.22187953,0.124388896,-3.389083e-05,0.090549886,0.004595235,0.2196992,0.10975899,0.010812279,-0.16612291,0.3528384,0.26593107,0.07968767,-0.29343313,-0.035832264
2025-02-26 17:00:00,-0.10268691,-0.21192673,-0.10949727,-0.16999467,-0.11338632,0.09990664,-0.092018306,0.07168054,-0.33189696,0.18325558,-0.18209946,0.1519393,0.09278758,0.044174094,-0.048457637,-0.23429705,-0.09223751,0.15948424,0.21583377,0.12228491,0.0018221214,0.092252076,0.0018695891,0.21618949,0.109323114,0.010857046,-0.16261277,0.34737536,0.25984743,0.080539316,-0.2910158,-0.030413412
2025-02-26 18:00:00,-0.10090812,-0.19566888,-0.10580737,-0.1603412,-0.107030526,0.093511015,-0.08697483,0.070752345,-0.3158173,0.17243089,-0.17413315,0.14239737,0.08604489,0.04877108,-0.05340885,-0.22286625,-0.08510776,0.15530816,0.20450573,0.1220684,0.001555657,0.09042376,0.0008909516,0.20977859,0.10447012,0.013133127,-0.1572618,0.3367998,0.25203505,0.07403183,-0.27936915,-0.031611115
2025-02-26 19:00:00,-0.098355815,-0.18528035,-0.10056948,-0.1518931,-0.10182504,0.0887074,-0.0837319,0.06601961,-0.30529028,0.16483533,-0.16891193,0.1372354,0.08031726,0.050775718,-0.05567653,-0.21470307,-0.08021114,0.15048951,0.19588275,0.122364655,0.0024554916,0.08753304,-0.001423113,0.2034786,0.1005876,0.015151355,-0.15183333,0.3278985,0.24543777,0.07310083,-0.2709066,-0.029215716
2025-02-26 20:00:00,-0.09535456,-0.1798588,-0.0955608,-0.14690755,-0.0976582,0.085301176,-0.08272894,0.06107644,-0.30041188,0.16084999,-0.1647132,0.13490877,0.0762932,0.051119365,-0.055270683,-0.20888086,-0.07788416,0.1468124,0.19006307,0.12193555,0.003758883,0.08626628,-0.0037153624,0.19851,0.098041214,0.015912268,-0.14790018,0.32190755,0.24035151,0.07422869,-0.26672995,-0.024877936
2025-02-27 14:00:00,-0.09255223,-0.17866609,-0.092596896,-0.14407337,-0.09430711,0.08213538,-0.08280123,0.05688864,-0.29851097,0.15865311,-0.16348273,0.13427225,0.0748315,0.05044848,-0.0544328,-0.20563398,-0.07610678,0.14424913,0.18673067,0.12194717,0.0040898304,0.085911125,-0.0045547225,0.19508615,0.0963535,0.016764019,-0.14540133,0.3189587,0.23789348,0.07625782,-0.26403227,-0.019990899
2025-02-27 15:00:00,-0.09192248,-0.16334349,-0.09199188,-0.12887536,-0.087238684,0.06905873,-0.072755486,0.057686314,-0.2785873,0.1411942,-0.15705776,0.12466392,0.06905326,0.056762062,-0.06421614,-0.19270216,-0.060839094,0.14219633,0.17441665,0.12618595,0.0008169096,0.08032027,-0.0032605715,0.18555947,0.08624838,0.021640282,-0.1407061,0.3066908,0.2337379,0.06765104,-0.24705866,-0.024177328
2025-02-27 16:00:00,-0.08910957,-0.15119481,-0.08706147,-0.118821606,-0.08167659,0.06554358,-0.066326685,0.053788178,-0.26710865,0.13244197,-0.14963347,0.11988181,0.063735485,0.06086877,-0.06773394,-0.18467413,-0.053645507,0.13908944,0.16332863,0.12778094,0.0021304656,0.07691254,-0.0050287433,0.17847899,0.08185589,0.024104249,-0.13608123,0.29595843,0.22728565,0.06554277,-0.2382929,-0.024209343
2025-02-27 17:00:00,-0.086622216,-0.14135668,-0.0815149,-0.11050975,-0.07664241,0.06084695,-0.062226824,0.04991723,-0.25830528,0.12472495,-0.14173892,0.11588238,0.05850176,0.06364617,-0.069470234,-0.17584254,-0.048773177,0.1362026,0.15400137,0.12859455,0.0033939555,0.07462269,-0.008039992,0.17112805,0.07748167,0.02450589,-0.13174038,0.2868248,0.22091775,0.063772626,-0.23181683,-0.022922017
2025-02-27 18:00:00,-0.083449215,-0.13535866,-0.07608291,-0.105092645,-0.07203333,0.057167117,-0.06061785,0.045584105,-0.25325227,0.11997927,-0.13494039,0.113784224,0.05425929,0.06471301,-0.06904921,-0.16872792,-0.046615362,0.13370697,0.14699475,0.1281682,0.0046986546,0.073622346,-0.011778664,0.16515523,0.074176155,0.0240222,-0.12867977,0.28042412,0.21568668,0.06358814,-0.22822163,-0.01939831
2025-02-27 19:00:00,-0.080074236,-0.1216071,-0.07115619,-0.096439034,-0.0650173,0.05328222,-0.056265026,0.042909645,-0.24046254,0.11185879,-0.12677053,0.10674384,0.048632864,0.06852391,-0.07216315,-0.1587501,-0.041824788,0.13030794,0.13595614,0.12765004,0.005425513,0.07270529,-0.01431049,0.15902819,0.0705826,0.025233958,-0.12384429,0.2704693,0.20734188,0.05920044,-0.2195395,-0.018431172
2025-02-27 20:00:00,-0.07768512,-0.10832379,-0.06711536,-0.08500974,-0.057808414,0.04720402,-0.05044034,0.0388036,-0.2256053,0.10115516,-0.12295095,0.0992903,0.0432104,0.07229603,-0.07810295,-0.14963548,-0.034200616,0.1251224,0.1254996,0.12980454,0.0052266438,0.06952332,-0.01429579,0.15208466,0.06612446,0.028218236,-0.11684327,0.2597376,0.19956207,0.056119345,-0.20673785,-0.017272122
2025-02-28 14:00:00,-0.07566136,-0.10312102,-0.06318142,-0.07785572,-0.053043574,0.0435881,-0.047386266,0.03269977,-0.21977171,0.095733345,-0.123779275,0.096707635,0.0400124,0.072840996,-0.08088583,-0.14584099,-0.029591959,0.119728886,0.12011738,0.1320463,0.005802639,0.06721175,-0.0127181895,0.1474619,0.0634165,0.030466173,-0.11080986,0.25334558,0.19486259,0.05822838,-0.19876868,-0.012914993
2025-02-28 15:00:00,-0.073186025,-0.09249879,-0.059950374,-0.06700732,-0.046901733,0.03770357,-0.040966272,0.028782465,-0.2085345,0.086134285,-0.120367125,0.090534076,0.035590094,0.07601274,-0.08644146,-0.13818893,-0.021120284,0.11611067,0.110758975,0.135218,0.006105447,0.06469182,-0.0108977705,0.1402562,0.059349418,0.033910275,-0.1040024,0.24369049,0.18918885,0.05684312,-0.18782994,-0.011204094
2025-02-28 16:00:00,-0.0692914,-0.083028354,-0.054276034,-0.05978468,-0.041286595,0.035704922,-0.037358463,0.023740418,-0.20183894,0.0809078,-0.11411111,0.086208925,0.030963939,0.07769978,-0.08765448,-0.13167094,-0.01774317,0.11265665,0.10193598,0.13577558,0.008815315,0.06406306,-0.012337789,0.13406454,0.05787374,0.03536588,-0.09826309,0.2356282,0.18220827,0.05765247,-0.18215603,-0.007586263
2025-02-28 17:00:00,-0.06525104,-0.08002398,-0.048874997,-0.05682321,-0.03755644,0.03273626,-0.037443697,0.01939264,-0.20143889,0.07894269,-0.107083,0.08569062,0.027517747,0.07666411,-0.08509193,-0.12629576,-0.017900586,0.111578405,0.0969719,0.13469255,0.011156913,0.06432794,-0.01686664,0.12834562,0.056567766,0.034221638,-0.09600856,0.23201245,0.1785949,0.0597599,-0.18223828,-0.0019496903
2025-02-28 18:00:00,-0.061800286,-0.07121181,-0.046604343,-0.048838034,-0.031350367,0.02718534,-0.033292696,0.017631434,-0.19103266,0.07128086,-0.102345906,0.08064003,0.024436962,0.079064645,-0.0889361,-0.119308814,-0.012030587,0.11010872,0.08833505,0.13580343,0.010760888,0.06341853,-0.017905828,0.12252592,0.053497404,0.03624017,-0.09260688,0.22515076,0.17406555,0.057041883,-0.1741865,-0.00023406744
2025-02-28 19:00:00,-0.058136195,-0.06771145,-0.043224223,-0.043794468,-0.027130991,0.022460029,-0.031564668,0.0142367855,-0.18738008,0.06688667,-0.097657315,0.07982226,0.022261884,0.07929081,-0.08922726,-0.11436619,-0.009030353,0.10906711,0.08250329,0.13635232,0.011332473,0.062239446,-0.020965643,0.117138214,0.05089335,0.036978073,-0.09102697,0.22096023,0.17203802,0.0574851,-0.17080358,0.0038938671
2025-02-28 20:00:00,-0.054326363,-0.0642738,-0.04114777,-0.035761803,-0.021845087,0.013362348,-0.027703604,0.012460094,-0.18085288,0.058497243,-0.09166028,0.078978375,0.020657357,0.080600806,-0.09153752,-0.107502535,-0.0018461645,0.109937154,0.07491253,0.13840923,0.00998741,0.059746962,-0.02428724,0.10967808,0.04527515,0.039010644,-0.09083917,0.21578294,0.17179757,0.05583201,-0.16520335,0.007065706
2025-03-03 14:00:00,-0.050567046,-0.055469275,-0.04133497,-0.019626722,-0.013396174,-0.0003103949,-0.016870156,0.012789853,-0.1641613,0.0418365,-0.08413362,0.074783355,0.019060556,0.085812055,-0.099483356,-0.09769684,0.014361011,0.11218429,0.062293753,0.14393649,0.005530432,0.054283004,-0.026418298,0.09941561,0.035352394,0.04501213,-0.09010799,0.20558721,0.17146109,0.049155124,-0.15175346,0.0066341013
2025-03-03 15:00:00,-0.047034588,-0.038644202,-0.040163197,-0.003276445,-0.0044337213,-0.005704548,-0.004321113,0.013176978,-0.14421439,0.027074786,-0.075219475,0.06657405,0.016697139,0.09490307,-0.108640105,-0.08883642,0.02844834,0.11279681,0.04652366,0.14911926,0.0031356905,0.05053364,-0.026820954,0.09182418,0.029144838,0.05044431,-0.085389666,0.19199836,0.16529201,0.04009573,-0.13744482,0.002400972
2025-03-03 16:00:00,-0.04439052,-0.028505191,-0.03397166,0.002919659,0.0008599609,-0.0047077946,-0.0009845439,0.008948803,-0.13826293,0.023195544,-0.069675006,0.06334652,0.01336531,0.09826338,-0.11057018,-0.08441909,0.029628197,0.10897307,0.03790325,0.15027982,0.005702585,0.049990673,-0.029108118,0.08810866,0.02907867,0.05000296,-0.079661444,0.18403827,0.1571441,0.039173607,-0.13293588,0.003158696
2025-03-03 17:00:00,-0.041754346,-0.024883635,-0.027648918,0.0045471787,0.004217446,-0.005807031,-0.002280578,0.0047249123,-0.13922508,0.022910604,-0.06404662,0.0633834,0.009897321,0.09763418,-0.10846643,-0.07993883,0.026775042,0.10704406,0.034311645,0.14907618,0.008643438,0.050758656,-0.033877667,0.08419677,0.028937947,0.047069214,-0.07661321,0.18089716,0.15217078,0.040965796,-0.13403577,0.007520631
2025-03-03 18:00:00,-0.03821509,-0.010739155,-0.024363123,0.014002994,0.011578083,-0.009272009,0.0031314306,0.0046858676,-0.12538366,0.015151342,-0.055636607,0.05557023,0.0054733865,0.1016301,-0.11303112,-0.07060948,0.03132493,0.10714324,0.02386909,0.14946136,0.008916282,0.050062988,-0.037818383,0.07857114,0.026669174,0.048472434,-0.07210267,0.17220347,0.14461915,0.035579056,-0.12616032,0.007025659
2025-03-03 19:00:00,-0.03613217,-0.0076265484,-0.01984594,0.016427461,0.014922202,-0.011399638,0.0021104626,0.00058122724,-0.123767674,0.013590435,-0.05406605,0.055126153,0.0023959987,0.10061154,-0.11261249,-0.06757103,0.03024115,0.103829324,0.020982288,0.14874294,0.01045374,0.04939022,-0.040601805,0.07564504,0.026207712,0.04756952,-0.06959277,0.16927435,0.14066127,0.03752833,-0.12391427,0.011588059
2025-03-03 20:00:00,-0.03186956,0.010697372,-0.02035924,0.036700793,0.025381297,-0.02135138,0.016095793,0.0021730475,-0.09815111,-0.004033979,-0.04533589,0.0438748,-0.0019225441,0.108557716,-0.12387365,-0.05538459,0.0469893,0.10697549,0.006061673,0.15488625,0.006921676,0.043940015,-0.042390354,0.065125264,0.018854868,0.055170484,-0.063584454,0.15485434,0.13477427,0.02791471,-0.10633914,0.00868503
2025-03-04 14:00:00,-0.029240925,0.016031388,-0.015895166,0.048018247,0.031061046,-0.03019379,0.02224182,-0.001393903,-0.09083089,-0.014438413,-0.04106322,0.043166243,-0.0051681884,0.10985193,-0.1278863,-0.050018266,0.055657543,0.105281726,-0.002537854,0.15918231,0.0060380045,0.038287237,-0.044959895,0.056365326,0.013708751,0.05837152,-0.06072437,0.1470692,0.13269527,0.028165353,-0.09857929,0.012574602
2025-03-04 15:00:00,-0.025727436,0.02938513,-0.015056811,0.064136915,0.039357025,-0.036648024,0.03386633,-0.0021325648,-0.07346976,-0.028466398,-0.034698132,0.035965644,-0.006930042,0.1169304,-0.13675357,-0.042281926,0.06953904,0.10629444,-0.015327401,0.1651407,0.0034420956,0.034754604,-0.0444277,0.048012476,0.008673475,0.06425866,-0.054098263,0.13489126,0.12754026,0.021608729,-0.08501656,0.011339717
2025-03-04 16:00:00,-0.02284947,0.03688114,-0.009092256,0.07102667,0.044627484,-0.03823147,0.037340723,-0.0072332546,-0.06948009,-0.033436,-0.031851046,0.033627998,-0.009831902,0.118858814,-0.13992743,-0.038863473,0.072089165,0.101537704,-0.023294684,0.16759655,0.00550274,0.033810277,-0.04461585,0.04315172,0.00835351,0.06516171,-0.047354784,0.12809901,0.120743394,0.02278326,-0.07962058,0.014587764
2025-03-04 17:00:00,-0.019335523,0.041503698,-0.0047697835,0.07930614,0.049610674,-0.04472195,0.041635513,-0.00979308,-0.065678544,-0.040073186,-0.025528027,0.032830693,-0.012235325,0.119689815,-0.14222161,-0.03296396,0.07709095,0.10220891,-0.030385844,0.17011169,0.006281674,0.03220212,-0.0485475,0.035310626,0.00483808,0.066295125,-0.04489304,0.122804895,0.118264034,0.023058534,-0.07640765,0.018432721
2025-03-04 18:00:00,-0.014626035,0.047325455,0.00044167787,0.08398639,0.055776842,-0.04718357,0.043122694,-0.013757061,-0.062446136,-0.043416232,-0.020492658,0.031380437,-0.014221277,0.120633386,-0.1433571,-0.028501146,0.07839899,0.10053536,-0.03793086,0.1702636,0.007971855,0.033475272,-0.051456265,0.03062131,0.0040398696,0.066182494,-0.04193855,0.11818072,0.11294648,0.02376558,-0.07346895,0.02333787
2025-03-04 19:00:00,-0.008992572,0.0547733,0.0037658885,0.09389365,0.06356086,-0.054643836,0.04855869,-0.015586965,-0.053385153,-0.05190161,-0.012664711,0.028751545,-0.015820866,0.12266434,-0.1467458,-0.021477215,0.08525163,0.102506034,-0.048023876,0.1723369,0.007622025,0.032559175,-0.05673417,0.022551497,0.00037810393,0.06872574,-0.04047353,0.1116346,0.109806255,0.022179969,-0.06762324,0.027584903
2025-03-04 20:00:00,-0.0035916148,0.060194615,0.0075569153,0.10127439,0.07102972,-0.06087678,0.051914714,-0.018746734,-0.047062833,-0.058365412,-0.006996058,0.0279264,-0.016634282,0.124058485,-0.14887424,-0.01648549,0.09044403,0.10273423,-0.05705761,0.17380342,0.007289608,0.03220696,-0.06083794,0.01605361,-0.0023331912,0.07064181,-0.039615978,0.10627584,0.10692693,0.021912783,-0.06261186,0.033069566
2025-03-05 14:00:00,0.0039503872,0.08112787,0.0075098015,0.12235994,0.08481154,-0.06704658,0.06740825,-0.018408176,-0.01965103,-0.07525057,0.003558524,0.015711132,-0.017315548,0.13328683,-0.15960893,-0.006711375,0.107497744,0.106986,-0.07599771,0.18021187,0.0037605893,0.030191835,-0.06373201,0.006500276,-0.006351659,0.0795014,-0.03179432,0.09070234,0.09891305,0.012110293,-0.04484296,0.031987794
2025-03-05 15:00:00,0.0075124884,0.09309718,0.012824021,0.13197397,0.092246436,-0.06917278,0.07312915,-0.022356037,-0.009836063,-0.08255828,0.0072204657,0.010412984,-0.020080445,0.13620083,-0.16493014,-0.002775807,0.111691244,0.10333906,-0.08659303,0.1839774,0.004855875,0.02870027,-0.06493381,0.0013623443,-0.005192834,0.081906796,-0.023771394,0.08187593,0.090883255,0.011333227,-0.0363209,0.03417112
2025-03-05 16:00:00,0.0108285975,0.10063206,0.019651886,0.13500255,0.096698016,-0.06938267,0.07341825,-0.026977599,-0.008814372,-0.08370755,0.010686774,0.008027874,-0.023657091,0.1359451,-0.16601425,0.00084358454,0.10902746,0.0997894,-0.09222003,0.18420297,0.008598851,0.029504258,-0.067632794,-0.0019272417,-0.0029541403,0.08049595,-0.017460084,0.077711195,0.0835569,0.013647728,-0.034980197,0.03786969
2025-03-05 17:00:00,0.01518373,0.10596194,0.02414137,0.14174014,0.10211381,-0.07568698,0.07623989,-0.029482301,-0.004512865,-0.08917188,0.01644285,0.0067912955,-0.026485022,0.13545348,-0.1679272,0.006403893,0.11216294,0.10104205,-0.09868936,0.18542193,0.00978863,0.028674059,-0.072570994,-0.009034323,-0.0048012445,0.08142564,-0.015502531,0.07341343,0.080636814,0.014835451,-0.032228414,0.04296484
2025-03-05 18:00:00,0.018177979,0.106572315,0.0285327,0.14027268,0.10489388,-0.07721187,0.07298951,-0.033354174,-0.0074989647,-0.08792551,0.017433308,0.008248139,-0.02813591,0.13346137,-0.16649777,0.0078797005,0.10903954,0.09821588,-0.10066384,0.18352094,0.011918204,0.03049326,-0.07438103,-0.010589482,-0.004078026,0.07943437,-0.014957514,0.07345091,0.07785702,0.018090948,-0.0331785,0.048762415
2025-03-05 19:00:00,0.023594685,0.11238633,0.029915027,0.14879784,0.111529045,-0.084190875,0.0778945,-0.03440963,0.0015179254,-0.09546231,0.022964977,0.006071884,-0.028608877,0.13481489,-0.16984142,0.01306643,0.11617064,0.100798085,-0.10897588,0.18517123,0.0109238485,0.029728342,-0.0782457,-0.017175531,-0.007100039,0.08304678,-0.014651183,0.068375215,0.076304734,0.016916078,-0.027529486,0.052905582
2025-03-05 20:00:00,0.026516955,0.11193815,0.033147216,0.1464431,0.11382854,-0.08514017,0.07450186,-0.038152706,-0.0018733367,-0.09362858,0.023138404,0.0082886405,-0.028869063,0.13331346,-0.16804914,0.013235107,0.113509916,0.097876996,-0.11092396,0.18350321,0.012378324,0.031517718,-0.0791582,-0.017691532,-0.0061548855,0.08153179,-0.014956096,0.06886613,0.074646845,0.019972496,-0.02867363,0.058159627
2025-03-06 14:00:00,0.029107999,0.11323619,0.03623901,0.14235222,0.11611356,-0.08310832,0.06971331,-0.04298721,-0.005171936,-0.089231364,0.020439036,0.008393023,-0.029112257,0.13102978,-0.16635561,0.0128069855,0.108485706,0.092016086,-0.11176627,0.18111227,0.015469178,0.035321992,-0.07719582,-0.015910966,-0.0019520065,0.079373926,-0.011739883,0.06981431,0.07077403,0.023515664,-0.028725833,0.06353304
2025-03-06 15:00:00,0.032746475,0.11690317,0.0369369,0.1464499,0.11994001,-0.08714765,0.071482174,-0.045551386,-0.00067461655,-0.09257473,0.021616802,0.006721761,-0.029715922,0.13009414,-0.16843496,0.015536867,0.11218486,0.091640234,-0.11609198,0.18207742,0.016114779,0.035676736,-0.077032894,-0.019547155,-0.0017857281,0.08213707,-0.00949372,0.06733848,0.06999883,0.024669532,-0.024496384,0.06783651
2025-03-06 16:00:00,0.036145963,0.119633906,0.039640103,0.14502348,0.1219479,-0.08683947,0.06961039,-0.048777875,-0.0017604008,-0.09113889,0.022927348,0.0058598835,-0.030694202,0.12862882,-0.16775575,0.016425636,0.10983073,0.08924681,-0.11903895,0.18073013,0.018498177,0.0375849,-0.07722432,-0.020049075,0.0008596992,0.08172707,-0.0072035305,0.0668708,0.06727489,0.027456954,-0.024944942,0.071651086
2025-03-06 17:00:00,0.042436805,0.13708207,0.039894335,0.15929489,0.1303916,-0.089358374,0.080933675,-0.047323465,0.019359197,-0.10201614,0.03143211,-0.0055302717,-0.03242539,0.13399002,-0.17550096,0.023399618,0.11980932,0.09348791,-0.13355854,0.18453652,0.01766574,0.036553018,-0.08022015,-0.026469084,0.0002548974,0.088424884,-0.0007263664,0.05597535,0.060315613,0.021399073,-0.013906028,0.069380626
2025-03-06 18:00:00,0.044463973,0.14310193,0.04443999,0.16191086,0.13345276,-0.091121785,0.081735075,-0.05017896,0.02157877,-0.10446455,0.033301655,-0.0073152073,-0.035389107,0.13324079,-0.1768044,0.025054315,0.11905647,0.0910082,-0.13815737,0.18543379,0.019945782,0.035634194,-0.08197419,-0.0293253,0.002376779,0.08836885,0.0030587763,0.05248222,0.05562822,0.023392107,-0.011602428,0.072089314
2025-03-06 19:00:00,0.045876812,0.14624545,0.04865963,0.15995821,0.13485646,-0.09044172,0.0786694,-0.05370692,0.019094203,-0.10240275,0.032514356,-0.008283855,-0.037756834,0.13117906,-0.176299,0.025829501,0.114422284,0.086425364,-0.13917644,0.18410231,0.023343747,0.037169732,-0.08178882,-0.029447952,0.0059529888,0.08604889,0.007358456,0.05214428,0.050883472,0.026501112,-0.011956118,0.075568534
2025-03-06 20:00:00,0.048737995,0.14766368,0.050512113,0.16386384,0.13748254,-0.09625019,0.07971083,-0.056108754,0.020512287,-0.10613979,0.034471143,-0.0078218635,-0.039529167,0.12952946,-0.17760906,0.028774254,0.11760004,0.08690663,-0.1422272,0.18511108,0.024044322,0.036266364,-0.083055094,-0.03468673,0.004460492,0.08760863,0.0079729,0.050406586,0.051124968,0.028514061,-0.009820148,0.0805223
2025-03-07 14:00:00,0.05013741,0.14563535,0.052071247,0.1607545,0.13760088,-0.096872926,0.07611287,-0.059142917,0.01559237,-0.10366713,0.03271168,-0.005790095,-0.03972521,0.12732436,-0.17605275,0.028107408,0.11529995,0.0837043,-0.14168504,0.18378374,0.02567226,0.03778408,-0.08142488,-0.03462527,0.0057380935,0.08649638,0.008346418,0.052099384,0.051028177,0.031836428,-0.011107281,0.08492274
2025-03-07 15:00:00,0.05337428,0.15321662,0.05272197,0.16570574,0.14138778,-0.097616464,0.0795985,-0.06022834,0.023547728,-0.10732099,0.034290165,-0.0110600935,-0.040464807,0.12885185,-0.17969817,0.030638058,0.11878161,0.0826961,-0.14827272,0.18503433,0.026658397,0.038702663,-0.0801743,-0.03719677,0.00719552,0.08914652,0.013231335,0.047615446,0.047135822,0.03080535,-0.0055245794,0.08587391
2025-03-07 16:00:00,0.056981593,0.16409165,0.054397568,0.17399843,0.14597008,-0.09903701,0.08595862,-0.06104184,0.034627806,-0.113770165,0.038172267,-0.017948426,-0.04257839,0.13133517,-0.18478744,0.034541782,0.12367371,0.083026014,-0.1572082,0.18789104,0.02751021,0.037955347,-0.08048008,-0.04164224,0.00824551,0.092806056,0.019396605,0.04067582,0.04196089,0.029016096,0.0014232099,0.08551721
2025-03-07 17:00:00,0.05839196,0.16539508,0.057865243,0.1748094,0.14730364,-0.101324484,0.085460536,-0.0643831,0.032137584,-0.11458067,0.038589604,-0.01697086,-0.044596434,0.12937681,-0.184862,0.035316195,0.12312787,0.08077972,-0.15880483,0.18863377,0.029695336,0.037471652,-0.08056765,-0.044459388,0.009098277,0.09252327,0.021582825,0.039728235,0.040470038,0.032238454,0.0017714426,0.08955765
2025-03-07 18:00:00,0.06388603,0.17177868,0.05860935,0.18708919,0.15293528,-0.10953714,0.09420186,-0.06349505,0.043353993,-0.1255544,0.046671137,-0.019418279,-0.04535361,0.13207325,-0.19005892,0.040387876,0.13405403,0.08675127,-0.1688888,0.19252118,0.027483586,0.03480409,-0.085233465,-0.05306682,0.003817997,0.098325595,0.021244606,0.0330328,0.04031205,0.02975187,0.007450968,0.091233134
2025-03-07 19:00:00,0.068666235,0.17670509,0.0604029,0.19610263,0.1587465,-0.11625758,0.1006331,-0.063426435,0.051121388,-0.13435465,0.053969167,-0.019900864,-0.044682436,0.1351839,-0.19334425,0.043770276,0.14226064,0.09095829,-0.17858635,0.19576308,0.025154484,0.032914042,-0.09007035,-0.05993066,-0.00018298719,0.10235323,0.019753175,0.02748959,0.039637752,0.027725697,0.011480629,0.09354508
2025-03-07 20:00:00,0.07025688,0.1779041,0.06340066,0.19396536,0.16144016,-0.11558415,0.098271176,-0.06590611,0.04836673,-0.13248597,0.054599293,-0.018661952,-0.04360108,0.13568573,-0.19232811,0.043629743,0.139292,0.08818586,-0.18105093,0.19515064,0.026125535,0.035124995,-0.09112801,-0.059391804,0.0017273901,0.09983128,0.020602575,0.027305529,0.03629662,0.028464638,0.010583699,0.09601872
2025-03-10 13:00:00,0.072854444,0.18286647,0.06507128,0.19671455,0.16568011,-0.11655587,0.09959215,-0.067349434,0.052341375,-0.13418426,0.056702577,-0.020725999,-0.043196585,0.13659695,-0.19389059,0.045875497,0.14016917,0.0878158,-0.18564975,0.19568169,0.026646003,0.03673046,-0.092732415,-0.061133415,0.0029007168,0.09991396,0.023137005,0.02483097,0.032941148,0.027789399,0.0133350715,0.09776643
2025-03-10 14:00:00,0.0734925,0.18540055,0.065565184,0.19841708,0.16774403,-0.11727168,0.10030185,-0.06847578,0.054877173,-0.13526185,0.056445405,-0.022014653,-0.04343143,0.1365836,-0.19506346,0.046772428,0.14101917,0.086828984,-0.18730396,0.19630924,0.026919128,0.037213407,-0.09236492,-0.061943643,0.0036817892,0.10037108,0.025107997,0.02350379,0.031540625,0.027779354,0.01601927,0.09892445
2025-03-10 15:00:00,0.07277126,0.18361276,0.06669471,0.19494492,0.16700149,-0.116212234,0.096851096,-0.070862934,0.050046977,-0.13193418,0.05327061,-0.020674573,-0.044015452,0.13445361,-0.19376773,0.045623265,0.13768715,0.08309239,-0.18471356,0.19543268,0.02869992,0.03834168,-0.09007704,-0.060337014,0.005684032,0.09856035,0.026678907,0.02553754,0.031154007,0.03045654,0.015020482,0.10113456
2025-03-10 16:00:00,0.074995756,0.18776885,0.06868867,0.19578624,0.16906923,-0.11602649,0.096829794,-0.0728153,0.051492523,-0.13204962,0.05422885,-0.023208348,-0.04526891,0.13385384,-0.19490379,0.047304142,0.13685,0.08126591,-0.18752016,0.19525516,0.030739859,0.039706938,-0.089800864,-0.06128154,0.007960386,0.09852257,0.03051631,0.024152763,0.028041195,0.03171807,0.016395949,0.10303529
2025-03-10 17:00:00,0.077007845,0.19302976,0.070667565,0.19607863,0.17063251,-0.114892885,0.097057074,-0.07365558,0.053765666,-0.13193418,0.056400158,-0.026724668,-0.046986226,0.1334523,-0.19576798,0.049279716,0.13477951,0.08050402,-0.1903608,0.19439325,0.03270024,0.04087893,-0.09096037,-0.0616126,0.010751546,0.09806223,0.03388869,0.022737212,0.02422702,0.032316506,0.016739875,0.10341155
2025-03-10 18:00:00,0.07667878,0.19371903,0.072666146,0.1919266,0.17003313,-0.11333221,0.092909686,-0.075855896,0.049932193,-0.12818013,0.054082878,-0.027106162,-0.049059965,0.13068478,-0.1942719,0.04885442,0.12938568,0.07643162,-0.18830557,0.1922973,0.03571827,0.042486608,-0.089873284,-0.059937693,0.014455914,0.09542312,0.036301285,0.02446486,0.021809323,0.03549887,0.015297003,0.1057932
2025-03-10 19:00:00,0.08016359,0.19980156,0.07326444,0.19961315,0.17357379,-0.11784281,0.09778449,-0.07648054,0.058565397,-0.13467044,0.05737166,-0.030587483,-0.051361326,0.13125215,-0.19818726,0.052563176,0.13538574,0.07866637,-0.19434509,0.19441238,0.03576868,0.04100155,-0.09105871,-0.06557884,0.012760219,0.09906624,0.038516693,0.019781314,0.020539073,0.034981914,0.02063734,0.10771668
2025-03-11 13:00:00,0.082521155,0.20059142,0.07504524,0.20269461,0.17559715,-0.12261461,0.09889844,-0.079041526,0.058786485,-0.13814682,0.058534384,-0.029139454,-0.052482285,0.130346,-0.19926718,0.05374189,0.13876563,0.07815905,-0.19748692,0.1958876,0.03620062,0.039640024,-0.09096498,-0.069855966,0.011235694,0.10090946,0.038625762,0.018029079,0.021160059,0.037017893,0.022757523,0.11219142
2025-03-11 14:00:00,0.08747323,0.20703161,0.07453115,0.2149235,0.18081447,-0.12889555,0.10824048,-0.07799776,0.07146579,-0.14902107,0.06488638,-0.03227499,-0.05206622,0.13426414,-0.20473877,0.05727736,0.15067688,0.08330693,-0.20767923,0.20023376,0.03332364,0.03713294,-0.093308695,-0.0772589,0.0063258847,0.10780898,0.03903406,0.010722872,0.020976245,0.033502676,0.029966205,0.11264815
2025-03-11 15:00:00,0.093017966,0.21510088,0.07695241,0.22573023,0.18769418,-0.13453116,0.11647219,-0.078529224,0.081688225,-0.15881234,0.07226403,-0.03479223,-0.051381152,0.13829578,-0.20949563,0.060742166,0.15977055,0.08673725,-0.21964006,0.20477675,0.03146368,0.035406634,-0.09712936,-0.08445394,0.003602027,0.11280863,0.04053673,0.003266964,0.018125782,0.030953038,0.035989925,0.11430218
2025-03-11 16:00:00,0.09811182,0.22665301,0.07997062,0.23517378,0.19514647,-0.13587481,0.12436826,-0.078142904,0.093612134,-0.16628274,0.08009832,-0.040709756,-0.050615974,0.14326799,-0.21409261,0.06457477,0.16512278,0.089951836,-0.23183344,0.20834632,0.03016435,0.035493683,-0.10210873,-0.08898368,0.0035964204,0.11571002,0.044750012,-0.004410539,0.011508841,0.02682537,0.041476853,0.11311514
2025-03-11 17:00:00,0.10111278,0.23829976,0.08364183,0.24226522,0.20186953,-0.13591723,0.12984826,-0.07866834,0.10374254,-0.17139694,0.084866315,-0.047107764,-0.0513301,0.14658448,-0.21815413,0.06804285,0.16686696,0.0905956,-0.24094388,0.21118744,0.030441182,0.035951644,-0.105872296,-0.09200177,0.006012543,0.116622716,0.05085779,-0.011017341,0.0037288256,0.023931142,0.047151826,0.112237096
2025-03-11 18:00:00,0.108836606,0.25208682,0.086784184,0.26131594,0.21294625,-0.14431754,0.14367598,-0.07831002,0.12339917,-0.1868042,0.09570611,-0.05320304,-0.052248158,0.15135801,-0.22568057,0.07480946,0.18045917,0.09865074,-0.25665888,0.21785884,0.027095288,0.032842807,-0.11443094,-0.103121646,0.0014729584,0.1240052,0.053787358,-0.022668015,-0.0009626597,0.019731186,0.057672553,0.11416964
2025-03-11 19:00:00,0.116414584,0.26666346,0.09038654,0.28085917,0.22555846,-0.15261617,0.15758146,-0.078417316,0.14376473,-0.20309675,0.10630231,-0.05945441,-0.05196277,0.15755966,-0.23338598,0.08060962,0.19516817,0.10531928,-0.27392507,0.22539973,0.02298418,0.030128099,-0.12187193,-0.11445252,-0.0025061695,0.13198721,0.05762174,-0.035398018,-0.0064721033,0.015108079,0.06995527,0.117119804
2025-03-12 13:00:00,0.1192235,0.2761675,0.0957602,0.28706288,0.23266561,-0.15384136,0.16129234,-0.080854416,0.14995652,-0.20798069,0.10915091,-0.06359541,-0.05257847,0.1604513,-0.2375028,0.082875974,0.19669488,0.1031655,-0.28240094,0.22895573,0.02346119,0.030708868,-0.12413669,-0.11777208,-0.0003327774,0.1322398,0.06470831,-0.041266743,-0.01424351,0.013923347,0.07550476,0.11884453
2025-03-12 14:00:00,0.120476015,0.283209,0.099932194,0.29136056,0.2371082,-0.154482,0.1632973,-0.08425467,0.15314962,-0.21053988,0.108463876,-0.06721968,-0.054474633,0.16099465,-0.24123669,0.08511579,0.19719356,0.09946162,-0.28665918,0.23169066,0.025742276,0.03154873,-0.122941524,-0.120727904,0.0025542146,0.13208662,0.07305771,-0.045390386,-0.020082172,0.014355488,0.08081914,0.12115403
2025-03-12 15:00:00,0.124742694,0.29189807,0.104524754,0.2969027,0.24195534,-0.15570548,0.16672306,-0.08736905,0.1574981,-0.21405624,0.11166837,-0.07176119,-0.056866508,0.16127467,-0.24515048,0.088997915,0.19794294,0.09881996,-0.29308867,0.23401389,0.028071912,0.032116584,-0.12486169,-0.12463369,0.004781506,0.13298826,0.08052804,-0.049646083,-0.025875118,0.015213884,0.08423545,0.123187944
2025-03-12 16:00:00,0.12846419,0.29334936,0.109348245,0.2981191,0.24495481,-0.16093792,0.16654477,-0.09075833,0.15421791,-0.21614777,0.115460984,-0.069318585,-0.059252318,0.15882728,-0.245664,0.09160319,0.19766465,0.099488065,-0.29577243,0.23386544,0.029882755,0.032022335,-0.12885134,-0.12906685,0.004227479,0.13253716,0.08054022,-0.04977445,-0.026845891,0.018964257,0.082569815,0.12905076
2025-03-12 17:00:00,0.13239098,0.2934347,0.1142439,0.29393622,0.24798886,-0.16544409,0.1612679,-0.09544671,0.147266,-0.21435618,0.11785165,-0.06542732,-0.060730215,0.15577638,-0.24428469,0.09344566,0.19337246,0.09674618,-0.2974447,0.23106366,0.032420963,0.03463999,-0.13166115,-0.13088596,0.005799058,0.1293196,0.07975392,-0.047380295,-0.028644543,0.023932144,0.079245575,0.1369023
2025-03-12 18:00:00,0.13662975,0.29756525,0.11657526,0.29177162,0.251621,-0.16656251,0.15862381,-0.09796409,0.14799845,-0.21306768,0.12020109,-0.066591464,-0.061040252,0.15454563,-0.24438989,0.0957239,0.1901122,0.094807886,-0.30125356,0.22820987,0.03396167,0.037892804,-0.13404727,-0.13083012,0.0087750675,0.12736425,0.08080411,-0.046949435,-0.03239366,0.025852332,0.07884169,0.1409797
2025-03-12 19:00:00,0.13895516,0.29931542,0.11854661,0.28688636,0.25339782,-0.16760561,0.15344588,-0.10130849,0.14507309,-0.20978773,0.119814895,-0.06582305,-0.062272537,0.1515498,-0.2431173,0.09689518,0.1849232,0.0908547,-0.30172527,0.22472489,0.03648576,0.040597826,-0.13454436,-0.12962307,0.012452914,0.12424399,0.081280105,-0.04495481,-0.035018522,0.029309524,0.07754741,0.14566138
2025-03-13 13:00:00,0.13941307,0.29757786,0.119661495,0.27975756,0.2528854,-0.16858795,0.14547372,-0.10539043,0.1379769,-0.2041797,0.11585101,-0.06308952,-0.06405304,0.14688945,-0.24056974,0.096661046,0.17897883,0.084247105,-0.2986741,0.2209712,0.040181935,0.043195035,-0.13171159,-0.12750144,0.016232554,0.12047203,0.08161077,-0.0409435,-0.035546925,0.034368284,0.0756465,0.15134121
2025-03-13 14:00:00,0.14296487,0.30337283,0.1200335,0.2820647,0.25523505,-0.16926494,0.14628354,-0.10717468,0.14428207,-0.20577478,0.1160818,-0.06736755,-0.065679476,0.14591986,-0.2427658,0.09874116,0.18056282,0.08229999,-0.30354178,0.22072518,0.04221277,0.04434803,-0.13008122,-0.12919734,0.018655136,0.12211838,0.08562346,-0.043149296,-0.03825051,0.035561144,0.07971198,0.15367779
2025-03-13 15:00:00,0.14659677,0.3100548,0.12168775,0.28409314,0.25729215,-0.16920343,0.14824164,-0.108404644,0.14962962,-0.2078402,0.118254684,-0.071789704,-0.06750932,0.14540038,-0.24479227,0.10098865,0.18096167,0.08174941,-0.3089502,0.22077282,0.04386678,0.044673666,-0.13015611,-0.1306097,0.021410435,0.1234196,0.08971106,-0.045767132,-0.042106424,0.03644518,0.08200035,0.15444574
2025-03-13 16:00:00,0.14840874,0.31369358,0.12424431,0.28352228,0.25866345,-0.1707019,0.14687963,-0.11090393,0.14912641,-0.20801528,0.11838179,-0.07274388,-0.069938436,0.14323965,-0.24525453,0.10224177,0.17954999,0.07899487,-0.3112595,0.22029118,0.04675993,0.04520014,-0.12926686,-0.13210987,0.024332806,0.12278625,0.09265739,-0.04647145,-0.044856954,0.03937053,0.08292372,0.15781525
2025-03-13 17:00:00,0.15199175,0.31862035,0.12602638,0.28712332,0.2612291,-0.17315856,0.1490303,-0.112348504,0.15328148,-0.21135339,0.12096282,-0.07507011,-0.07158314,0.1427469,-0.24728492,0.10456443,0.18199334,0.07952092,-0.31651607,0.22112156,0.047929317,0.04512214,-0.12986329,-0.13570994,0.024995103,0.124418676,0.09508308,-0.04908615,-0.047053758,0.04050212,0.08542932,0.16034973
2025-03-13 18:00:00,0.1559748,0.31990087,0.12784788,0.29065955,0.26399726,-0.17918304,0.15053761,-0.11473045,0.15389691,-0.2158861,0.12468103,-0.07296347,-0.07233226,0.1419327,-0.24831721,0.106418625,0.18632707,0.08134184,-0.32131326,0.22219257,0.047976516,0.044378445,-0.13129821,-0.1410081,0.02298864,0.12668888,0.09363016,-0.050826456,-0.046070356,0.04257061,0.086641915,0.16563559
2025-03-13 19:00:00,0.15855485,0.32333076,0.12859473,0.29346597,0.26663882,-0.18131097,0.15213309,-0.11559612,0.15763289,-0.21859404,0.12648922,-0.07433584,-0.071857676,0.14295131,-0.24983302,0.10732777,0.18916333,0.08107454,-0.3264507,0.22329998,0.04796931,0.044904456,-0.13131711,-0.14343442,0.023298115,0.12844779,0.094934136,-0.053255398,-0.04766329,0.042347323,0.08941782,0.16760069
2025-03-14 13:00:00,0.15883955,0.32122174,0.12977746,0.29058242,0.26707852,-0.183494,0.14823972,-0.11873794,0.15130888,-0.21636528,0.12414933,-0.07088563,-0.071793914,0.14087838,-0.24860007,0.106588975,0.18801358,0.076984756,-0.32578725,0.22314692,0.05001662,0.0462319,-0.12863773,-0.14383528,0.024590842,0.12702058,0.09497223,-0.051680986,-0.047104437,0.04544981,0.088852264,0.17204416
2025-03-14 14:00:00,0.16234306,0.32071763,0.12955233,0.29486948,0.2693979,-0.18858692,0.15027723,-0.120496444,0.15302718,-0.22050837,0.1265814,-0.06885344,-0.07083593,0.14096573,-0.24991353,0.10768259,0.19430456,0.07889107,-0.33015817,0.22500041,0.049271293,0.046176463,-0.12849209,-0.14847402,0.021616489,0.13060383,0.09317855,-0.05333179,-0.044232193,0.046314396,0.09099979,0.1760621
2025-03-14 15:00:00,0.16843542,0.32399905,0.12978542,0.30219188,0.27369922,-0.19307427,0.15673622,-0.12039359,0.16081916,-0.22801104,0.13371927,-0.069555186,-0.06840031,0.14406593,-0.2528427,0.10950751,0.2023198,0.084331945,-0.33959025,0.22768693,0.046119906,0.045776196,-0.13229108,-0.15345046,0.018232584,0.13596784,0.091441475,-0.05750555,-0.04374102,0.0445878,0.09356896,0.17757499
2025-03-14 16:00:00,0.17064576,0.3282882,0.13150397,0.30234855,0.27730244,-0.193269,0.15723917,-0.121434495,0.1629328,-0.22833906,0.13623804,-0.07095964,-0.066716895,0.14578596,-0.25350472,0.110020146,0.20173404,0.08348827,-0.3446123,0.22851299,0.045978144,0.04762596,-0.13402893,-0.15342923,0.02104637,0.13556193,0.093182564,-0.059422452,-0.047483083,0.04372821,0.09451104,0.17829952
2025-03-14 17:00:00,0.1733114,0.3316904,0.13353601,0.3034044,0.2811908,-0.19563049,0.15723501,-0.1235904,0.16389233,-0.22931045,0.13850194,-0.07089397,-0.0661878,0.1458388,-0.25422052,0.111443385,0.20201555,0.083017476,-0.348723,0.22923702,0.046510413,0.049291484,-0.13589041,-0.15515064,0.022818647,0.13508658,0.09435208,-0.060770933,-0.049751747,0.04450765,0.095655374,0.1810998
2025-03-14 18:00:00,0.17339352,0.33238843,0.13478532,0.2989983,0.28205842,-0.19519645,0.1529255,-0.12554738,0.15999806,-0.22526813,0.1373471,-0.070559375,-0.066367045,0.144136,-0.25312054,0.111514315,0.19727516,0.07917231,-0.3477592,0.22762345,0.04823579,0.05187381,-0.13569522,-0.15288442,0.026731007,0.13164432,0.09617287,-0.058858145,-0.051968705,0.046531748,0.0940725,0.18306565
2025-03-14 19:00:00,0.17550284,0.3333455,0.1361166,0.29694903,0.28388774,-0.1975899,0.14980794,-0.12835513,0.15723203,-0.2238478,0.13800228,-0.06949414,-0.06718725,0.14190413,-0.2527452,0.112867445,0.1954202,0.07704647,-0.3486327,0.22641279,0.049877778,0.05405519,-0.1360289,-0.15358077,0.029052708,0.12985101,0.09706582,-0.05766045,-0.05268957,0.04959645,0.09324198,0.18731138
2025-03-17 13:00:00,0.17820005,0.33586514,0.1369955,0.29856932,0.2867043,-0.20156908,0.14878398,-0.13129103,0.15831156,-0.2252748,0.13856772,-0.06927175,-0.068257265,0.14034349,-0.25356662,0.11445846,0.19736171,0.07517451,-0.35197473,0.22682947,0.051484704,0.055434756,-0.13527827,-0.15651064,0.029948495,0.13071747,0.09829467,-0.058562372,-0.052809145,0.052071054,0.09577582,0.19220257
2025-03-17 14:00:00,0.18270822,0.34294868,0.13790068,0.3055266,0.2906853,-0.20367093,0.15398145,-0.13199654,0.16827103,-0.23119825,0.14187911,-0.0738657,-0.068815455,0.14171547,-0.25734845,0.11671762,0.20312896,0.07639485,-0.36027056,0.22913434,0.051455297,0.055619325,-0.135893,-0.1605877,0.029762004,0.13473901,0.101822115,-0.06341924,-0.055521328,0.051313136,0.10139073,0.19331115
2025-03-17 15:00:00,0.1865192,0.34915823,0.14092422,0.3075561,0.294132,-0.2049098,0.1561324,-0.1337407,0.17159796,-0.23377727,0.14528054,-0.076717906,-0.06959531,0.14200756,-0.25970265,0.11869063,0.20363742,0.07588987,-0.36633813,0.23020938,0.052468505,0.056367155,-0.1373407,-0.16252778,0.032558534,0.13511993,0.105794,-0.066184446,-0.06007169,0.052174523,0.1030347,0.19489765
2025-03-17 16:00:00,0.19025052,0.35552895,0.14385077,0.30900583,0.29773074,-0.20638776,0.15778965,-0.13511857,0.17487925,-0.23587759,0.1494661,-0.07951833,-0.07062253,0.14201456,-0.26176682,0.121190935,0.2031936,0.0763102,-0.37190884,0.2302748,0.053066313,0.05760572,-0.14036441,-0.16433226,0.035455067,0.13476346,0.10904413,-0.068354934,-0.06466374,0.05301203,0.10369227,0.19670495
2025-03-17 17:00:00,0.19465448,0.35975495,0.14618713,0.3105048,0.30142957,-0.21075791,0.15885203,-0.13699561,0.17684825,-0.23912221,0.15485698,-0.07962479,-0.07157923,0.14176467,-0.26319066,0.12394324,0.2038422,0.07833522,-0.37718016,0.22974782,0.0525252,0.058505177,-0.14453582,-0.16747777,0.036336455,0.13480076,0.10929256,-0.06970538,-0.06688875,0.054624133,0.10336018,0.20060664
2025-03-17 18:00:00,0.20100886,0.36731446,0.14840391,0.31848204,0.30841094,-0.21810703,0.16325584,-0.13941744,0.18587661,-0.24733452,0.16133037,-0.08078532,-0.0721582,0.1432324,-0.26647457,0.1275972,0.21030796,0.0814362,-0.38758522,0.23188367,0.051380698,0.058598798,-0.1490484,-0.17435326,0.034906607,0.13883224,0.109459735,-0.07479587,-0.06910758,0.054756157,0.1085167,0.20590094
2025-03-17 19:00:00,0.20442553,0.37221986,0.15085793,0.3207115,0.3131407,-0.22238475,0.1627523,-0.14278546,0.18768719,-0.24945568,0.1625751,-0.080865175,-0.07241846,0.14327884,-0.26787597,0.12920499,0.2116049,0.07867134,-0.3932308,0.23323087,0.052387327,0.059785128,-0.14959724,-0.1770521,0.036905363,0.1389923,0.111752175,-0.07732144,-0.07241425,0.056284644,0.11169294,0.2106511
2025-03-18 13:00:00,0.20718378,0.37983346,0.15311685,0.3246038,0.3174327,-0.22292165,0.16469203,-0.14444888,0.19425192,-0.25164968,0.16251817,-0.085491166,-0.07329738,0.14355496,-0.27080575,0.13082628,0.21337816,0.07558503,-0.39964592,0.23508275,0.05413896,0.0613746,-0.14907378,-0.17884149,0.039930645,0.13985282,0.117524885,-0.08111365,-0.07768422,0.056453913,0.117027335,0.21225014
2025-03-18 14:00:00,0.2124546,0.39225277,0.15577316,0.33659995,0.3236774,-0.22342297,0.17437273,-0.14470309,0.21090311,-0.26077685,0.16632134,-0.09430082,-0.07517688,0.14605635,-0.27681953,0.13407847,0.2214889,0.0780563,-0.4115379,0.23996753,0.054499984,0.060853504,-0.15013729,-0.18488468,0.039879184,0.1455656,0.12493012,-0.089656085,-0.0836142,0.054064333,0.126795,0.21158716
2025-03-18 15:00:00,0.2166065,0.40154314,0.16057539,0.34288865,0.32866782,-0.22505397,0.17988838,-0.14637509,0.21757364,-0.2666885,0.1700651,-0.098969534,-0.07727244,0.14681989,-0.28115994,0.13675433,0.22443682,0.078459136,-0.41966206,0.24350984,0.055884004,0.060136314,-0.1515313,-0.18910687,0.041923493,0.1476098,0.131538,-0.09481342,-0.089549005,0.05435908,0.13154954,0.21265739
2025-03-18 16:00:00,0.22021203,0.40488642,0.16431653,0.34618968,0.33225977,-0.2295457,0.1818713,-0.14894703,0.2171453,-0.27076676,0.17396969,-0.09806553,-0.07875991,0.14620984,-0.28315476,0.1389749,0.22697243,0.07971157,-0.42418295,0.24527676,0.056768388,0.059586424,-0.15326183,-0.19385408,0.041706726,0.14860125,0.13298398,-0.096663624,-0.09087652,0.056398243,0.13258839,0.21687096
2025-03-18 17:00:00,0.22553053,0.41359594,0.16845831,0.3513233,0.33837306,-0.23330109,0.1853753,-0.1512762,0.222754,-0.2757534,0.17906064,-0.10137679,-0.07968311,0.14708611,-0.28717834,0.14207244,0.22960395,0.07993199,-0.4330203,0.24750629,0.057288066,0.060561273,-0.15634605,-0.19834723,0.043859586,0.15001741,0.13766998,-0.1007047,-0.096109,0.057037264,0.13635978,0.2205038
2025-03-18 18:00:00,0.2285808,0.41733286,0.17091054,0.3512987,0.3415752,-0.23591426,0.18512398,-0.15342012,0.22222686,-0.27675906,0.18180585,-0.101661816,-0.080273286,0.14641425,-0.28876704,0.14390287,0.22884738,0.07907127,-0.43643475,0.24732251,0.057846375,0.061897147,-0.15823728,-0.19983552,0.046201035,0.14894156,0.13955441,-0.101298064,-0.09904155,0.058836147,0.13636562,0.22382566
2025-03-18 19:00:00,0.23136425,0.42014617,0.1724241,0.3518126,0.34474123,-0.24000332,0.18383275,-0.15613297,0.22157222,-0.27785945,0.18377402,-0.10070558,-0.08111809,0.14526233,-0.28976896,0.14567897,0.22937047,0.0777162,-0.43959665,0.24716301,0.05895365,0.06341915,-0.15918675,-0.20228833,0.047627404,0.14846821,0.14013863,-0.1017686,-0.10018301,0.06120953,0.13723311,0.22859925
2025-03-19 13:00:00,0.2338803,0.42290992,0.17357233,0.35269207,0.34758127,-0.24374425,0.18233782,-0.15895198,0.22147757,-0.27868643,0.18439302,-0.10024306,-0.08193208,0.14402708,-0.2907974,0.14705923,0.23045912,0.07505238,-0.44294387,0.24749996,0.060630627,0.06506982,-0.15861802,-0.20460992,0.0491869,0.14834169,0.14153367,-0.10251817,-0.10123047,0.063659504,0.13917124,0.23322168
2025-03-19 14:00:00,0.23514947,0.4234518,0.17204122,0.3553077,0.34721553,-0.24295029,0.1848286,-0.15793474,0.2266385,-0.28071445,0.18497807,-0.10222521,-0.0814389,0.14477178,-0.2916849,0.14713845,0.23343247,0.0769234,-0.4451589,0.24778184,0.05967675,0.06505365,-0.15837103,-0.2054224,0.047533236,0.15075003,0.14129071,-0.10381855,-0.100452006,0.062601365,0.14080408,0.23209128
2025-03-19 15:00:00,0.2360194,0.42398685,0.1727355,0.35422015,0.3477655,-0.24402079,0.18407083,-0.15906069,0.22510529,-0.28064215,0.18543676,-0.101560235,-0.08143939,0.1443584,-0.2917024,0.14730547,0.23294857,0.075861625,-0.4461094,0.24780169,0.060272545,0.065434456,-0.15786268,-0.20558837,0.048866913,0.15029366,0.14178687,-0.10381177,-0.10113557,0.06374762,0.14042094,0.23348409
2025-03-19 16:00:00,0.2360948,0.4214456,0.17215927,0.35133922,0.34669507,-0.24457633,0.18205331,-0.15947995,0.22141904,-0.27901477,0.18573308,-0.099534534,-0.08092193,0.14368615,-0.2905199,0.14706777,0.2316083,0.07583816,-0.44471514,0.24646807,0.06000396,0.066013575,-0.15779251,-0.20482683,0.04922399,0.14917228,0.14012268,-0.101992056,-0.09981905,0.06492229,0.13773787,0.23446906
2025-03-19 17:00:00,0.2401457,0.43002492,0.17472032,0.35387743,0.35118604,-0.24547678,0.18499279,-0.16042179,0.22850358,-0.28172103,0.18970671,-0.10457431,-0.08134623,0.14459941,-0.29384744,0.1494337,0.23177412,0.07556612,-0.45208704,0.24715783,0.05965323,0.06775744,-0.16116624,-0.20593734,0.053032644,0.14956407,0.14497823,-0.10527246,-0.10596849,0.064599395,0.1402446,0.23545802
2025-03-19 18:00:00,0.24883662,0.442878,0.17855537,0.3664289,0.36060458,-0.2513447,0.19439264,-0.16277722,0.24425194,-0.29361013,0.19813722,-0.10968148,-0.08270643,0.14687228,-0.29975593,0.15394396,0.24101436,0.08068497,-0.46708864,0.2514044,0.058473147,0.06775232,-0.16647747,-0.21460612,0.05184564,0.15572691,0.14848015,-0.113628,-0.111064,0.06364226,0.14875299,0.23941132
2025-03-19 19:00:00,0.26407525,0.4641466,0.1843844,0.39460677,0.3773917,-0.26108217,0.21550846,-0.1653134,0.27699,-0.3183625,0.21328211,-0.11910341,-0.083070785,0.15403794,-0.30996686,0.15987298,0.26321024,0.09228508,-0.49496388,0.2622316,0.05399926,0.06504969,-0.17515016,-0.2317002,0.045455035,0.17146264,0.15395287,-0.13142791,-0.11808738,0.058658108,0.16733763,0.24446067
2025-03-20 13:00:00,0.27313435,0.48051333,0.19235653,0.41056412,0.3903224,-0.26831672,0.22671533,-0.16915563,0.2925825,-0.3324865,0.22112292,-0.12479478,-0.0829936,0.15884894,-0.31721422,0.16330487,0.2742184,0.09412651,-0.51389974,0.27187717,0.053713903,0.063850686,-0.178773,-0.24252038,0.046234433,0.17875825,0.16282426,-0.14336982,-0.12688982,0.056740507,0.17982599,0.24921772
2025-03-20 14:00:00,0.28563353,0.4992874,0.19757572,0.4370457,0.4042548,-0.27056128,0.24851355,-0.16869363,0.32304257,-0.35257947,0.23343316,-0.1371926,-0.08017559,0.1678035,-0.3260884,0.1666685,0.29366836,0.10559863,-0.5379663,0.28356922,0.048033506,0.061994772,-0.18665348,-0.25553358,0.04135229,0.19275405,0.1715163,-0.16043377,-0.13500968,0.049127102,0.19600257,0.24835953
2025-03-20 15:00:00,0.2937381,0.5149175,0.20785484,0.4468549,0.41687763,-0.27635318,0.25652418,-0.17306522,0.33127022,-0.3624567,0.24092102,-0.1420081,-0.080200285,0.17093948,-0.33341166,0.16990495,0.29804942,0.106022306,-0.5535514,0.29199085,0.048707083,0.062472355,-0.19193543,-0.26312762,0.046303716,0.19573638,0.18232012,-0.16907161,-0.14568952,0.04897903,0.20369217,0.25276983
2025-03-20 16:00:00,0.30426598,0.53516465,0.21816498,0.45918363,0.43113416,-0.2807531,0.26641575,-0.1774371,0.34600636,-0.37292784,0.2502159,-0.15182681,-0.081051424,0.1738158,-0.34245384,0.17535959,0.3032468,0.10750054,-0.57238495,0.2994845,0.04931523,0.06484419,-0.19935341,-0.27175462,0.052466825,0.19891919,0.19616596,-0.17899619,-0.15854526,0.048560046,0.21359828,0.2568548
2025-03-20 17:00:00,0.31058687,0.54729503,0.22565281,0.46309507,0.43995172,-0.28473184,0.2696287,-0.18165481,0.35012376,-0.3774853,0.25531393,-0.15602285,-0.083293736,0.17304689,-0.34821725,0.17953134,0.30301595,0.106378086,-0.58141077,0.30236012,0.05113753,0.06682408,-0.2038686,-0.27597785,0.0580322,0.19813682,0.20482871,-0.18269916,-0.16682693,0.050815165,0.21769634,0.26126587
2025-03-20 18:00:00,0.30981097,0.54712826,0.22716653,0.4588734,0.43986976,-0.2861296,0.26551712,-0.18338919,0.34387672,-0.37444818,0.25424078,-0.15425989,-0.085821375,0.16987666,-0.34861663,0.18093795,0.29861796,0.10325242,-0.57788527,0.30009836,0.053619698,0.0677674,-0.20380732,-0.27504867,0.060266674,0.19418764,0.20561194,-0.17952377,-0.1672864,0.053929508,0.2154805,0.263703
2025-03-20 19:00:00,0.31654695,0.5546023,0.23157454,0.4628762,0.44639736,-0.2931979,0.26664472,-0.18831813,0.3462049,-0.37966946,0.25904778,-0.15439227,-0.08833203,0.16803652,-0.35270563,0.1847997,0.30174813,0.10212205,-0.5856536,0.30134428,0.055594042,0.0693219,-0.205748,-0.28111553,0.0617982,0.19511184,0.20894887,-0.1817029,-0.17013158,0.057626836,0.21915841,0.27136284
2025-03-21 13:00:00,0.3261321,0.56466544,0.23707163,0.46922195,0.45541418,-0.30291307,0.26887935,-0.19488046,0.3505079,-0.38750836,0.26561528,-0.15461099,-0.09045327,0.1668074,-0.35796276,0.18933286,0.3076958,0.10052412,-0.5980227,0.3042614,0.057768986,0.07137586,-0.20746686,-0.28972787,0.06357348,0.19781119,0.21339354,-0.1857681,-0.17382464,0.06170418,0.22502798,0.2813533
2025-03-21 14:00:00,0.33680204,0.5795164,0.24332693,0.47923964,0.46628857,-0.31161705,0.27404055,-0.20100272,0.3613649,-0.3973888,0.27255648,-0.15913051,-0.092645094,0.16693746,-0.36481014,0.19415228,0.3160358,0.098530404,-0.615139,0.30933765,0.06056703,0.07422659,-0.20883663,-0.29996032,0.0667388,0.2023014,0.2218688,-0.19324934,-0.18042195,0.0644153,0.2349267,0.29013813
2025-03-21 15:00:00,0.35145852,0.597747,0.25132036,0.4935603,0.48002106,-0.3210748,0.2836966,-0.20801279,0.3769017,-0.41176885,0.28279775,-0.16554704,-0.09413496,0.16811752,-0.37373617,0.19989434,0.3280306,0.09939225,-0.6376149,0.3166906,0.062288582,0.07680623,-0.2116457,-0.3131008,0.069256544,0.20956181,0.23222353,-0.2035074,-0.1883966,0.066487215,0.24710643,0.29927143
2025-03-21 16:00:00,0.37799862,0.6266539,0.26412487,0.5196235,0.50324136,-0.33494177,0.3048118,-0.21775332,0.4071706,-0.43911877,0.30422246,-0.17617644,-0.093253,0.17315471,-0.38824603,0.20823781,0.34926903,0.108721584,-0.6759588,0.3290363,0.058967657,0.07916897,-0.22228919,-0.3337518,0.07041153,0.22459258,0.24600807,-0.22113901,-0.20056151,0.066729516,0.2652265,0.3119576
2025-03-21 17:00:00,0.40354007,0.65929896,0.27872026,0.54019845,0.52833503,-0.3483477,0.32282227,-0.2281541,0.43525583,-0.46298257,0.32532084,-0.18813753,-0.09269577,0.17860323,-0.40276667,0.21666911,0.3644886,0.11445111,-0.71361816,0.34118378,0.055887967,0.08286779,-0.2344078,-0.35120708,0.07791667,0.23588537,0.26381746,-0.23792696,-0.2176111,0.06732891,0.2824474,0.3245054
2025-03-21 18:00:00,0.42902714,0.6928954,0.29302734,0.56160855,0.55418605,-0.3607712,0.34122688,-0.2383241,0.46544206,-0.4868743,0.34597698,-0.20071837,-0.092675045,0.18363205,-0.41716564,0.225401,0.38026726,0.12083036,-0.75115246,0.35270274,0.05276803,0.08707076,-0.24709857,-0.36896163,0.084917985,0.2471738,0.28134993,-0.25536507,-0.23474565,0.067619964,0.3009727,0.3368806
2025-03-21 19:00:00,0.45407203,0.7257753,0.30718413,0.58112895,0.57967836,-0.37350413,0.35794196,-0.24901378,0.49379134,-0.50972396,0.36558503,-0.21236731,-0.09361334,0.18757766,-0.43118873,0.23419756,0.39470133,0.1256925,-0.7867773,0.36348087,0.050023578,0.091205135,-0.25906655,-0.38593656,0.092120685,0.2573067,0.29894522,-0.27167848,-0.2515934,0.0687566,0.31912637,0.3497283
2025-03-24 13:00:00,0.47905567,0.7565744,0.31989574,0.60558695,0.6048046,-0.38672987,0.37629905,-0.25934568,0.5247408,-0.5355576,0.3849355,-0.22245285,-0.09473148,0.19161378,-0.4434399,0.24282011,0.41414458,0.13305813,-0.8228912,0.37490255,0.048055798,0.09474848,-0.26944938,-0.40659875,0.0937908,0.27115673,0.31291258,-0.2895711,-0.26434615,0.06845427,0.3395692,0.36353385
2025-03-24 14:00:00,0.49903405,0.7807706,0.3300963,0.62591845,0.6240263,-0.39630327,0.39189333,-0.2670898,0.55096626,-0.5564912,0.39986777,-0.231949,-0.0948077,0.19593804,-0.45295414,0.24875878,0.4299148,0.13863626,-0.8520236,0.38535076,0.04570949,0.09699181,-0.2772805,-0.42284757,0.09500589,0.2829542,0.32609293,-0.30424994,-0.27499053,0.06723257,0.35642707,0.37299195
2025-03-24 15:00:00,0.5246343,0.8093489,0.34405747,0.64356315,0.64766175,-0.40819272,0.40796876,-0.27815953,0.57564455,-0.5787845,0.41764346,-0.2419543,-0.09484944,0.2000682,-0.4659091,0.2566924,0.4443046,0.1426644,-0.88519883,0.39689994,0.042464808,0.09971446,-0.2867725,-0.43952775,0.10024751,0.29367125,0.3442215,-0.31869352,-0.2895488,0.067692645,0.37346485,0.3847919
2025-03-24 16:00:00,0.55463296,0.8442725,0.35993668,0.662745,0.6755193,-0.420163,0.42674887,-0.29073542,0.6064882,-0.603617,0.43879673,-0.25546068,-0.09558311,0.2047041,-0.48152122,0.2665464,0.46003494,0.14772156,-0.923772,0.40880573,0.037961736,0.10369827,-0.29925996,-0.4580887,0.10762117,0.30532947,0.3662171,-0.3356604,-0.30730015,0.068041645,0.39358455,0.39789635
2025-03-24 17:00:00,0.5803759,0.8737009,0.37266335,0.67746335,0.69900674,-0.42989355,0.44209063,-0.30171967,0.6322604,-0.6241425,0.45682144,-0.26654088,-0.09695712,0.20774889,-0.4947819,0.27535945,0.4727124,0.15171014,-0.9554126,0.41732848,0.033816494,0.10707173,-0.3098043,-0.47314298,0.113750905,0.3145094,0.38401833,-0.34925637,-0.3218641,0.0688623,0.41035283,0.40936863
2025-03-24 18:00:00,0.59806603,0.894327,0.38078824,0.686607,0.71463996,-0.43607828,0.45221603,-0.30936143,0.650791,-0.6377196,0.46924877,-0.27468207,-0.098658964,0.2093026,-0.50402,0.2816152,0.4808781,0.1539649,-0.9767982,0.4220245,0.03075057,0.10956876,-0.3172232,-0.48285645,0.11828977,0.32017618,0.396184,-0.35840216,-0.33204094,0.06984947,0.42189837,0.4172082
2025-03-24 19:00:00,0.6243161,0.9223629,0.3922119,0.70563835,0.73766845,-0.4453601,0.469513,-0.32024378,0.6797601,-0.6614802,0.48758823,-0.28475723,-0.09978044,0.21266928,-0.5152287,0.28994673,0.4973538,0.16073401,-1.0093836,0.4306603,0.026883988,0.11244124,-0.32676476,-0.5007462,0.1194683,0.33273724,0.41061828,-0.37352842,-0.34339434,0.06887891,0.44045508,0.42917925
2025-03-25 13:00:00,0.6357866,0.9361873,0.39750963,0.71382225,0.7480537,-0.45167464,0.47538722,-0.32571623,0.69210726,-0.6717269,0.4950542,-0.28895608,-0.10190132,0.21362382,-0.5200872,0.2943958,0.5045575,0.16095224,-1.0241636,0.43514276,0.027544541,0.11419043,-0.32978582,-0.50969213,0.120838165,0.33774802,0.41813502,-0.38059816,-0.34919554,0.06898316,0.44986355,0.43526852
2025-03-25 14:00:00,0.6573902,0.9583617,0.4073739,0.7296259,0.765955,-0.45855805,0.48981065,-0.3343107,0.7161717,-0.6907757,0.50878,-0.29832616,-0.102458596,0.21715733,-0.5293209,0.30068985,0.51819575,0.16570236,-1.0507786,0.4436611,0.024608431,0.116012126,-0.33672613,-0.5245158,0.12179305,0.34814173,0.4322575,-0.3930777,-0.358859,0.06733682,0.46572173,0.44332063
2025-03-25 15:00:00,0.67126155,0.9717133,0.41356856,0.7365961,0.7769368,-0.46307078,0.4978932,-0.3401338,0.72881544,-0.70142287,0.51728296,-0.30378696,-0.10283728,0.21912694,-0.535815,0.30490285,0.5250874,0.16749464,-1.0662537,0.4483192,0.022111712,0.1166639,-0.34081036,-0.53232855,0.12379907,0.35332784,0.441794,-0.39948052,-0.36528277,0.06709487,0.4744724,0.4483768
2025-03-25 16:00:00,0.6913144,0.9921828,0.42250192,0.7472912,0.79304343,-0.4666992,0.5118352,-0.3478866,0.75116765,-0.7169637,0.5305899,-0.31392154,-0.1024154,0.22306892,-0.5455036,0.31025755,0.5347668,0.17253782,-1.0891435,0.4544837,0.015815286,0.11741997,-0.3494627,-0.5424163,0.12727141,0.36141586,0.45640528,-0.40968657,-0.37537718,0.065440886,0.48726583,0.4544215
2025-03-25 17:00:00,0.7071534,1.0080323,0.42893475,0.7549072,0.8058458,-0.46867505,0.52332777,-0.35409972,0.7686907,-0.7293568,0.5416651,-0.32144678,-0.10169765,0.22594622,-0.55287516,0.31430674,0.5419913,0.17746799,-1.1065454,0.45794827,0.009520365,0.11767155,-0.35669357,-0.54948443,0.12973021,0.36784434,0.46655086,-0.41732872,-0.38291073,0.0641899,0.4966033,0.4595883
2025-03-25 18:00:00,0.7138452,1.015703,0.4312519,0.7569796,0.81189054,-0.4706173,0.5270275,-0.35738876,0.7751555,-0.73446727,0.5469004,-0.3235254,-0.10228966,0.22649089,-0.55578,0.3167941,0.544578,0.17848013,-1.1136674,0.458223,0.0075003784,0.11806831,-0.35970482,-0.5524164,0.13131377,0.3700519,0.4697664,-0.42048004,-0.38628697,0.06432346,0.5004065,0.4632201
2025-03-25 19:00:00,0.72006214,1.0231252,0.43368626,0.7593134,0.81735307,-0.47323468,0.5296908,-0.3606064,0.7813291,-0.7389832,0.55116796,-0.32555178,-0.103604674,0.22680137,-0.5585868,0.31939942,0.5472348,0.17810458,-1.1204588,0.45910174,0.0068021696,0.11864242,-0.36215687,-0.5556752,0.13282982,0.37183356,0.47351035,-0.4235955,-0.38981676,0.06464792,0.5046283,0.46661842
2025-03-26 13:00:00,0.7280424,1.0301136,0.43643624,0.7651254,0.8236581,-0.47592992,0.53419095,-0.36418414,0.7892426,-0.7462725,0.5561764,-0.3273812,-0.104203835,0.22741875,-0.56091815,0.32188135,0.55282164,0.17998168,-1.1297672,0.4610232,0.0061684083,0.11954722,-0.364017,-0.5614856,0.13143855,0.37591618,0.47606862,-0.42778143,-0.3919171,0.06422322,0.5100851,0.47062653
2025-03-26 14:00:00,0.72554106,1.0293133,0.43505386,0.7701217,0.8207342,-0.47249594,0.5368077,-0.3620469,0.7963689,-0.7473318,0.5556489,-0.33053127,-0.10319525,0.22927907,-0.55820084,0.3188777,0.55508435,0.18410522,-1.131287,0.4621976,0.0051912647,0.12042132,-0.36486965,-0.56233174,0.12944546,0.3780977,0.47514427,-0.4307968,-0.3912394,0.06181089,0.5114547,0.46766204
2025-03-26 15:00:00,0.7312118,1.0365216,0.43858337,0.7759837,0.82599664,-0.47307315,0.543173,-0.36380497,0.80624914,-0.7539034,0.5595712,-0.33462626,-0.101795256,0.23219001,-0.55999297,0.31939495,0.55880946,0.18718797,-1.1391568,0.46650207,0.0031695943,0.11981155,-0.36737624,-0.566127,0.13061413,0.38243842,0.48103282,-0.4360895,-0.3950626,0.059005998,0.51714885,0.4678505
2025-03-26 16:00:00,0.7393922,1.0462965,0.44326445,0.7841835,0.83343655,-0.47263202,0.5519528,-0.36625952,0.8201004,-0.76221037,0.56526667,-0.3407078,-0.10014354,0.23567662,-0.56290185,0.32047904,0.56446946,0.1922305,-1.1504015,0.47122633,0.00022804551,0.11975004,-0.3721839,-0.5718341,0.13150072,0.38811532,0.4884431,-0.4431631,-0.3997616,0.05543033,0.52448404,0.468459
2025-03-26 17:00:00,0.7477566,1.0568047,0.4483371,0.7918432,0.8412323,-0.47189417,0.5610033,-0.36882153,0.83448493,-0.7702847,0.57128096,-0.34742454,-0.09852907,0.2391955,-0.566282,0.32173473,0.56927896,0.19710593,-1.1614491,0.47592568,-0.0033643562,0.1194796,-0.37781134,-0.5768559,0.13325983,0.3934036,0.49677172,-0.45012873,-0.40509468,0.0518822,0.53186667,0.46893498
2025-03-26 18:00:00,0.75208473,1.0610589,0.4509616,0.79407173,0.8462313,-0.47376916,0.56352913,-0.37071642,0.8365876,-0.77412516,0.5738605,-0.3474652,-0.09857902,0.23941413,-0.5677199,0.3237359,0.57122034,0.19760135,-1.1653872,0.4774596,-0.0029767472,0.11912948,-0.37867147,-0.57991993,0.13322887,0.3954153,0.49896362,-0.4521873,-0.4067645,0.051188104,0.53468347,0.47122768
2025-03-26 19:00:00,0.75606287,1.0660737,0.45349708,0.7978257,0.8499585,-0.4744139,0.5667241,-0.37217668,0.8428398,-0.77754956,0.57650745,-0.3502479,-0.098847285,0.24059266,-0.56940883,0.3250323,0.5736257,0.19877852,-1.1705666,0.47969872,-0.0033699442,0.11943163,-0.38137674,-0.58314663,0.13368604,0.3974708,0.5030064,-0.45519394,-0.4091005,0.04991787,0.538322,0.4721524
2025-03-27 13:00:00,0.7611326,1.0703416,0.4559438,0.80269396,0.85522664,-0.47781596,0.5691795,-0.3744624,0.8458752,-0.78294927,0.5791867,-0.34984222,-0.099644825,0.24046007,-0.5705588,0.32761788,0.5778711,0.19923444,-1.1761285,0.48215163,-0.001305433,0.12008688,-0.38127583,-0.58877987,0.13154957,0.4006794,0.5042316,-0.45790714,-0.40977085,0.049077876,0.5424377,0.47550976
2025-03-27 14:00:00,0.76931494,1.0768514,0.4589536,0.816373,0.86136174,-0.47749504,0.57952374,-0.3761805,0.8617647,-0.793837,0.58536035,-0.35532027,-0.09704548,0.24458975,-0.57178134,0.3271798,0.5874241,0.20738149,-1.1886572,0.48765045,-0.005073311,0.120525286,-0.38558525,-0.59695476,0.12732482,0.40891603,0.5083151,-0.4654395,-0.41105992,0.04483194,0.5498464,0.4768908
2025-03-27 15:00:00,0.7746008,1.0808209,0.4616136,0.82001877,0.8661465,-0.4801534,0.5835028,-0.37823656,0.86551094,-0.7990737,0.58863676,-0.35592583,-0.095339626,0.2469522,-0.57351035,0.32821608,0.5900427,0.20899375,-1.1935315,0.49151874,-0.006837206,0.11938505,-0.38704634,-0.5998264,0.12752578,0.41255918,0.51229906,-0.46742094,-0.41249645,0.04298269,0.55260646,0.4786839
2025-03-27 16:00:00,0.77708167,1.083255,0.46325952,0.82042575,0.86818725,-0.47931454,0.5858208,-0.37901887,0.8685797,-0.79998845,0.5902452,-0.35808724,-0.09392685,0.24878967,-0.575326,0.32839912,0.5901818,0.2102848,-1.1958008,0.4928645,-0.009512501,0.11866322,-0.3897962,-0.59966594,0.12930772,0.41349632,0.5161645,-0.46814114,-0.41429645,0.041896842,0.553385,0.47828057
2025-03-27 17:00:00,0.7773034,1.0850539,0.46392456,0.82083035,0.8687261,-0.4758291,0.58858675,-0.3784731,0.87295777,-0.7997994,0.59119946,-0.36132708,-0.092255294,0.25026456,-0.57613355,0.32747054,0.5895771,0.21290347,-1.1968467,0.49306935,-0.012916403,0.11842249,-0.39293253,-0.59802276,0.13121702,0.4139191,0.5184116,-0.46938235,-0.41601586,0.04060038,0.55371547,0.4764436
2025-03-27 18:00:00,0.77905303,1.0852154,0.46432278,0.82032406,0.87074304,-0.47515032,0.59019977,-0.37912476,0.8723175,-0.80113435,0.5927715,-0.36016273,-0.090884924,0.25015604,-0.57651746,0.32766193,0.58941865,0.2144544,-1.1972152,0.49188477,-0.0153367985,0.1175217,-0.39366758,-0.5971171,0.13067959,0.41474122,0.51720864,-0.46880275,-0.41574585,0.040681772,0.5529424,0.47787905
2025-03-27 19:00:00,0.78560287,1.0903934,0.4666048,0.8252755,0.8768942,-0.4769378,0.59471965,-0.38188252,0.878596,-0.80752295,0.5978913,-0.3604417,-0.089813486,0.2516568,-0.57791895,0.32923573,0.59347504,0.2174318,-1.2041186,0.49321187,-0.017812805,0.11730163,-0.39687902,-0.6008734,0.12929136,0.41899812,0.51837486,-0.4715349,-0.4166898,0.039212488,0.5561689,0.48192734
2025-03-28 13:00:00,0.78773063,1.0977868,0.46873802,0.83083344,0.8804388,-0.4766259,0.598605,-0.3824295,0.8899165,-0.811076,0.6007676,-0.36536303,-0.08991888,0.25449714,-0.5783953,0.3295313,0.595933,0.21926174,-1.209897,0.49651563,-0.018520059,0.118159965,-0.4013425,-0.6039098,0.1317371,0.42184097,0.5235285,-0.47680706,-0.42062834,0.036177807,0.5614034,0.48172835
2025-03-28 14:00:00,0.7964032,1.1091807,0.4722147,0.85244125,0.8897969,-0.47321975,0.6150655,-0.38286588,0.9164005,-0.82652026,0.60925275,-0.3752022,-0.08537504,0.26123843,-0.57823485,0.3275681,0.6102618,0.23267803,-1.2274609,0.50463736,-0.023737865,0.119409606,-0.40787694,-0.6152732,0.12760778,0.43412513,0.52855617,-0.4915204,-0.42458162,0.028393634,0.57402813,0.4816285
2025-03-28 15:00:00,0.799857,1.1166068,0.47537792,0.85960245,0.89582425,-0.4771324,0.61977345,-0.38359386,0.92358243,-0.83344024,0.61183953,-0.3770438,-0.084562495,0.26433724,-0.5787071,0.3286125,0.6141381,0.23380318,-1.2331467,0.51122075,-0.021630632,0.119427145,-0.4086625,-0.620986,0.12885228,0.4390939,0.5342436,-0.4976142,-0.42760217,0.024823956,0.5801169,0.48251358
2025-03-28 16:00:00,0.8069904,1.1236513,0.47981375,0.8656489,0.9013915,-0.47727486,0.6262684,-0.38592425,0.9329836,-0.8391122,0.6154642,-0.3824313,-0.08276442,0.26754493,-0.58196914,0.32972634,0.61785084,0.236658,-1.2409139,0.51630944,-0.023793416,0.11878896,-0.41312975,-0.62532526,0.13013813,0.44286928,0.54327136,-0.502169,-0.43131804,0.021955721,0.58538973,0.48184973
2025-03-28 17:00:00,0.812088,1.1290979,0.48325837,0.8668649,0.90616655,-0.4782574,0.62910306,-0.38813677,0.9362942,-0.8418993,0.6175866,-0.38455752,-0.08275001,0.2681344,-0.58494693,0.33224827,0.6185852,0.23671678,-1.2447962,0.518444,-0.023631664,0.11867063,-0.4154991,-0.6278538,0.13193008,0.4442111,0.5488737,-0.5039975,-0.43405896,0.02085469,0.5883589,0.48277247
2025-03-28 18:00:00,0.8154484,1.1290879,0.4847683,0.8639408,0.90837544,-0.48043653,0.62767744,-0.3903355,0.93135804,-0.8417565,0.61786956,-0.3820239,-0.08389877,0.26594326,-0.5870411,0.3350966,0.61747944,0.23408574,-1.244271,0.5172793,-0.022360118,0.11814481,-0.41480166,-0.62811047,0.13126543,0.4431396,0.5493701,-0.5010863,-0.4336073,0.0223872,0.5874539,0.48527014
2025-03-28 19:00:00,0.81466085,1.1260946,0.484285,0.857579,0.9068242,-0.48270476,0.62208456,-0.3912819,0.9227316,-0.83753616,0.61587137,-0.37826443,-0.08650942,0.26284143,-0.58792317,0.33737195,0.6137314,0.22895896,-1.2397747,0.5143646,-0.019773917,0.1181934,-0.4128966,-0.62589973,0.13141122,0.43921384,0.54774636,-0.4958331,-0.43214267,0.02536457,0.58401334,0.48697096
2025-03-31 13:00:00,0.81148976,1.122545,0.48277023,0.85205215,0.90408444,-0.48593333,0.6147488,-0.39130265,0.9131731,-0.83280784,0.61221015,-0.37367675,-0.09060295,0.25877625,-0.58743334,0.33975625,0.6106887,0.22254637,-1.2345209,0.5116108,-0.013817208,0.11965302,-0.40888184,-0.6250876,0.13072366,0.43504637,0.54405814,-0.49129003,-0.43021148,0.028467633,0.5812421,0.48858806
2025-03-31 14:00:00,0.81832725,1.1252179,0.4839107,0.86311424,0.9079581,-0.48680857,0.6217012,-0.39308184,0.92320424,-0.8419561,0.6165197,-0.37579104,-0.08947183,0.2600716,-0.588585,0.33974504,0.6196434,0.22846252,-1.2442575,0.5143064,-0.015689643,0.12067753,-0.41004848,-0.6324391,0.12442598,0.44146028,0.54358387,-0.49597508,-0.42896298,0.02653528,0.58662266,0.4913121
2025-03-31 15:00:00,0.8319915,1.1349856,0.48817524,0.8778962,0.9180007,-0.4893919,0.6348788,-0.3973442,0.9409906,-0.85731125,0.62621725,-0.38042262,-0.08533822,0.26561734,-0.59188324,0.34020257,0.63113546,0.23742862,-1.2606063,0.5212687,-0.02235155,0.120132715,-0.41535354,-0.6415365,0.12102528,0.45249847,0.54941756,-0.50408345,-0.4307656,0.021710657,0.59538615,0.4954462
2025-03-31 16:00:00,0.8388599,1.1398897,0.49048734,0.8836792,0.9238127,-0.4912152,0.64105856,-0.39965376,0.9480924,-0.86443245,0.6314653,-0.3817029,-0.08195253,0.2697453,-0.5935633,0.34041554,0.63586944,0.24186127,-1.268112,0.52528054,-0.026586207,0.11911574,-0.41847575,-0.64506805,0.12087111,0.4583691,0.55308205,-0.50735885,-0.4316798,0.018855698,0.5985832,0.4978253
2025-03-31 17:00:00,0.84177667,1.1446078,0.4924061,0.88424945,0.9270769,-0.49003133,0.6441242,-0.40071842,0.9538905,-0.8657803,0.6341582,-0.38503265,-0.079971656,0.2729599,-0.5953076,0.3403318,0.6357586,0.24356702,-1.2713978,0.5272536,-0.030263769,0.118394315,-0.42275983,-0.644556,0.12467301,0.4599957,0.55859905,-0.5090995,-0.43473577,0.01700411,0.6002511,0.4974526
2025-03-31 18:00:00,0.8536565,1.1568402,0.49731734,0.8974357,0.9387447,-0.48938325,0.65675086,-0.40407762,0.97239405,-0.8786382,0.64311886,-0.39072672,-0.07636909,0.277587,-0.59847254,0.34175545,0.64572227,0.25230286,-1.286951,0.53212595,-0.035458714,0.11895099,-0.4295979,-0.65295047,0.123650715,0.4695639,0.5641336,-0.5187704,-0.43878317,0.011859663,0.6099633,0.501028
2025-03-31 19:00:00,0.8570192,1.1646104,0.49955,0.9037026,0.94479054,-0.49147364,0.6611151,-0.40500417,0.9814239,-0.88422376,0.64659727,-0.39330795,-0.076067165,0.28024343,-0.5989601,0.3429463,0.6492399,0.25401124,-1.2928712,0.5361441,-0.0349347,0.119693294,-0.43263876,-0.6575683,0.12523639,0.47365886,0.5682655,-0.5242574,-0.442012,0.008741476,0.615579,0.50265443
2025-04-01 13:00:00,0.866401,1.1754756,0.5039793,0.9156603,0.95455307,-0.4948593,0.66979426,-0.40811607,0.99553496,-0.89547694,0.6524316,-0.39729238,-0.07558133,0.28323355,-0.60147697,0.3455748,0.6578655,0.25769806,-1.3049864,0.54222786,-0.034550294,0.12059425,-0.43633074,-0.66723853,0.123918176,0.4811118,0.57468516,-0.53245276,-0.44588608,0.00444635,0.6251778,0.50589585
2025-04-01 14:00:00,0.87962425,1.1865478,0.5090506,0.9320157,0.96531606,-0.49633697,0.68375045,-0.41185057,1.0150609,-0.9103352,0.6612458,-0.403889,-0.071889415,0.28869218,-0.60516536,0.34637558,0.6699323,0.2664599,-1.3213252,0.5499233,-0.03995599,0.120697096,-0.44279248,-0.6774318,0.12098226,0.4915693,0.5826604,-0.54236037,-0.4491626,-0.0009645149,0.6354661,0.5086218
2025-04-01 15:00:00,0.9059333,1.2130661,0.5189959,0.96435356,0.98889464,-0.49669358,0.71395653,-0.4188284,1.0591676,-0.940125,0.68188024,-0.41979936,-0.0633309,0.30180448,-0.6125788,0.34715718,0.6939116,0.28662518,-1.3559393,0.5644973,-0.054218903,0.12114449,-0.45877883,-0.69669974,0.11909075,0.5132104,0.599785,-0.5652141,-0.45811063,-0.012719743,0.65704775,0.51415277
2025-04-01 16:00:00,0.9147974,1.2251518,0.5235766,0.9710064,0.99898964,-0.4977319,0.723324,-0.42175302,1.0728915,-0.9488063,0.68941015,-0.42576185,-0.059658516,0.3082142,-0.61566716,0.3482591,0.6977281,0.29165328,-1.3654033,0.5713389,-0.059315726,0.12048042,-0.4655774,-0.700947,0.12384832,0.5201041,0.61083525,-0.57225305,-0.46330047,-0.017619692,0.6634859,0.51555455
2025-04-01 17:00:00,0.91228974,1.2254652,0.5243792,0.96419024,0.9982807,-0.49567652,0.7200652,-0.42141107,1.0689178,-0.94330406,0.6873293,-0.4264076,-0.059831757,0.30804577,-0.6160765,0.34897822,0.6913275,0.28854725,-1.3602839,0.5698241,-0.058772847,0.11956985,-0.4672534,-0.6965118,0.12879443,0.5164887,0.614476,-0.56944245,-0.4650885,-0.017244048,0.6608,0.5135568
2025-04-01 18:00:00,0.9127313,1.2285421,0.5261678,0.96235615,0.99860436,-0.49068487,0.7215747,-0.42180747,1.0732892,-0.94106805,0.6874938,-0.4311487,-0.059425402,0.3082175,-0.61745507,0.34905636,0.68839777,0.28935823,-1.3602726,0.56876016,-0.061114043,0.11929859,-0.4716956,-0.6940587,0.13275734,0.51475644,0.61898094,-0.5699576,-0.46808547,-0.017674662,0.66147524,0.51123327
2025-04-01 19:00:00,0.91572225,1.2292573,0.5276734,0.95932394,1.0007474,-0.4899492,0.72157323,-0.42363247,1.0708272,-0.94131166,0.687904,-0.4292937,-0.05991562,0.30570558,-0.61860174,0.35127997,0.6864608,0.28811055,-1.3597193,0.566011,-0.061199203,0.11831291,-0.47120947,-0.6928545,0.13230366,0.5140193,0.61819726,-0.56795484,-0.4683528,-0.0169513,0.6610513,0.5133478
2025-04-02 13:00:00,0.9205515,1.2315977,0.5293093,0.9602814,1.0042078,-0.49170133,0.72255844,-0.4261187,1.0720857,-0.9445476,0.690451,-0.4276562,-0.060829777,0.30458674,-0.6197024,0.35379857,0.6878694,0.28780937,-1.3628814,0.5648846,-0.061184913,0.11802368,-0.47181553,-0.6950025,0.13039544,0.51534015,0.61758673,-0.567536,-0.46808803,-0.017019503,0.6623722,0.5171925
2025-04-02 14:00:00,0.9317252,1.242474,0.53292304,0.9768086,1.0142914,-0.49238464,0.73573834,-0.42896625,1.0929182,-0.9588805,0.7001713,-0.4336082,-0.058028717,0.30982387,-0.6218154,0.35389626,0.700415,0.29728478,-1.3792877,0.5704817,-0.06712788,0.11868763,-0.47823873,-0.70512885,0.12714803,0.52541554,0.621828,-0.5782342,-0.47104144,-0.021959253,0.67262495,0.521252
2025-04-02 15:00:00,0.9407081,1.2495935,0.5361547,0.9836761,1.0218112,-0.49505836,0.74288845,-0.43236974,1.1024107,-0.9677457,0.70657855,-0.43539426,-0.055829216,0.31362042,-0.62393874,0.3551404,0.7060873,0.30103478,-1.3882233,0.5750998,-0.07131553,0.11783102,-0.48113224,-0.70976007,0.12680784,0.5316628,0.62682587,-0.58256197,-0.47303832,-0.024954118,0.6777853,0.52460563
2025-04-02 16:00:00,0.9440792,1.2530019,0.53775334,0.9843807,1.0249777,-0.49564892,0.7446937,-0.43396258,1.1058173,-0.96965903,0.7089509,-0.43653986,-0.05497547,0.31558287,-0.6249897,0.35614353,0.7067864,0.30155888,-1.3909947,0.5764506,-0.07308154,0.11718711,-0.48335263,-0.71072996,0.12838504,0.53322256,0.63044757,-0.5833968,-0.4745726,-0.026165478,0.6791885,0.525719
2025-04-02 17:00:00,0.9498126,1.2589017,0.5403602,0.9890364,1.0305152,-0.49587315,0.7493978,-0.43606904,1.1133486,-0.97474265,0.712733,-0.43875623,-0.05399515,0.31755522,-0.626647,0.3576749,0.7104748,0.30404183,-1.397409,0.57847613,-0.0747612,0.11730406,-0.48641962,-0.7144527,0.12874353,0.5368635,0.633877,-0.58701015,-0.47683012,-0.028446846,0.68354213,0.5277215
2025-04-02 18:00:00,0.95206916,1.2659729,0.5422879,0.9943912,1.0333314,-0.49245098,0.7556125,-0.43654475,1.1264837,-0.9777634,0.7161552,-0.44653547,-0.052343298,0.32126832,-0.62763256,0.35616952,0.71280557,0.30832312,-1.4028729,0.58169556,-0.07904141,0.11756985,-0.49279165,-0.7159676,0.13256855,0.53938234,0.64076465,-0.59249526,-0.48113304,-0.03126604,0.6884159,0.5256889
2025-04-02 19:00:00,0.95295703,1.2661079,0.54307514,0.9921599,1.034622,-0.49284145,0.75498027,-0.43718654,1.1231389,-0.97784615,0.7154003,-0.44432446,-0.052462596,0.31983724,-0.62786037,0.35754448,0.71133757,0.30677482,-1.4014946,0.58066404,-0.077662274,0.11685926,-0.49085778,-0.71516174,0.13260663,0.53913593,0.6400897,-0.59164757,-0.48140007,-0.031309597,0.68820965,0.5265693
2025-04-03 13:00:00,0.95298636,1.2661914,0.5433159,0.9899069,1.034896,-0.49505222,0.75193745,-0.4378287,1.1197379,-0.97695494,0.7142565,-0.44196096,-0.054633606,0.31799042,-0.627777,0.3597086,0.709843,0.30341703,-1.3998815,0.57941836,-0.07391071,0.11708692,-0.48967403,-0.7157981,0.13241252,0.5377846,0.6393084,-0.58982986,-0.4810562,-0.030855708,0.6877371,0.528066
2025-04-03 14:00:00,0.9562016,1.2771072,0.5451696,1.0033159,1.040078,-0.494472,0.76117927,-0.4380716,1.1393294,-0.98564976,0.7193409,-0.45143238,-0.05460285,0.32266116,-0.62802225,0.35886508,0.71786046,0.30919158,-1.4104867,0.5850836,-0.074312195,0.11933805,-0.4958188,-0.7254462,0.13397846,0.54347456,0.64664835,-0.60106903,-0.48635828,-0.03541509,0.69832546,0.52754265
2025-04-03 15:00:00,0.9589409,1.2835766,0.54661214,1.0103966,1.0430241,-0.49676618,0.76630753,-0.43904513,1.147792,-0.99198854,0.72061706,-0.4553797,-0.054721195,0.32455817,-0.62921673,0.3591963,0.722098,0.31079558,-1.4149029,0.5903903,-0.07188471,0.12010516,-0.4967302,-0.731408,0.13484216,0.5474439,0.6526525,-0.6076783,-0.48971254,-0.038765885,0.7050476,0.5262016
2025-04-03 16:00:00,0.96780777,1.2886693,0.5493643,1.0186856,1.0488262,-0.49988356,0.7734572,-0.44228706,1.154306,-1.0010334,0.7241259,-0.45670122,-0.053160597,0.3257946,-0.6324614,0.36094815,0.72950965,0.31423005,-1.4227922,0.5947258,-0.07212946,0.11952865,-0.497744,-0.73845917,0.13124025,0.5536475,0.6567175,-0.61234915,-0.49022996,-0.041874714,0.7105198,0.5279373
2025-04-03 17:00:00,0.9685487,1.2904885,0.5497899,1.019586,1.0481395,-0.4990714,0.77531683,-0.44265732,1.1577747,-1.0011587,0.7251092,-0.46065605,-0.052215893,0.32799554,-0.63359565,0.36016238,0.72928154,0.31584612,-1.4236376,0.5966082,-0.07403876,0.11952804,-0.50093514,-0.73868376,0.13328356,0.5538105,0.66185725,-0.6132579,-0.49085152,-0.04253096,0.71084607,0.5256667
2025-04-03 18:00:00,0.96670943,1.2891647,0.54966044,1.015011,1.0459931,-0.49795535,0.7729658,-0.44241795,1.1534641,-0.9976488,0.7229192,-0.46051124,-0.052571792,0.32685748,-0.63403875,0.36066508,0.72536826,0.3140576,-1.419682,0.59525967,-0.07268286,0.11916646,-0.500423,-0.73613214,0.13519403,0.55151373,0.6629551,-0.61101615,-0.49075317,-0.04177899,0.70861924,0.5239735
2025-04-03 19:00:00,0.9626901,1.2868915,0.54868335,1.0102475,1.0425816,-0.49698272,0.76891977,-0.44135162,1.1482987,-0.99309474,0.7196665,-0.45973697,-0.054241557,0.32470232,-0.63342917,0.3610652,0.72115856,0.3111569,-1.4148076,0.5930174,-0.06937948,0.119582,-0.49911016,-0.7339994,0.13656686,0.5481765,0.6620862,-0.60859126,-0.4903081,-0.040402807,0.70629364,0.5224833
2025-04-04 13:00:00,0.9495645,1.2746341,0.54425895,0.99417686,1.0313665,-0.49920142,0.7525576,-0.43781582,1.1246796,-0.97875017,0.70804775,-0.45077765,-0.060842384,0.31655493,-0.62992394,0.36247486,0.7087169,0.2982967,-1.3969971,0.58626866,-0.057926923,0.12061387,-0.48987347,-0.72599465,0.13688318,0.5370061,0.65410763,-0.59689003,-0.4864229,-0.034431435,0.6958738,0.520504
2025-04-04 14:00:00,0.9673995,1.2921712,0.5488057,1.0261791,1.0472451,-0.4989275,0.7772001,-0.44262534,1.161867,-1.0040644,0.7230109,-0.46405396,-0.05530696,0.3258134,-0.6348166,0.3607968,0.73314726,0.31663227,-1.4255923,0.59707797,-0.06732148,0.121722415,-0.5006291,-0.7460353,0.12982407,0.5542677,0.6629568,-0.6189127,-0.49248022,-0.04357841,0.71570504,0.5243314
2025-04-04 15:00:00,1.0018073,1.3366983,0.55807257,1.0849742,1.0837883,-0.50351524,0.82789266,-0.4505266,1.2349001,-1.0539433,0.7563643,-0.48994085,-0.04137172,0.34993577,-0.64516467,0.35765022,0.7786394,0.35133246,-1.4788024,0.6237151,-0.08895981,0.12411265,-0.5248411,-0.78159386,0.12733176,0.59071225,0.68665147,-0.66486377,-0.50828296,-0.063480265,0.7541801,0.5314707
2025-04-04 16:00:00,1.0163596,1.3652146,0.5622603,1.1143087,1.1041903,-0.5091109,0.8554618,-0.45268974,1.2730736,-1.080152,0.7742913,-0.5059054,-0.032277275,0.3670036,-0.65122944,0.3554628,0.80074525,0.36991087,-1.5043839,0.64350367,-0.098579764,0.1270557,-0.53855675,-0.8014874,0.13315107,0.6127185,0.705793,-0.69290745,-0.51809764,-0.07524856,0.7750499,0.5326843
2025-04-04 17:00:00,1.0245773,1.3827577,0.5649869,1.1331688,1.117722,-0.5124612,0.8730631,-0.45385987,1.2946867,-1.0954518,0.78432286,-0.5160352,-0.025922168,0.3772944,-0.6554985,0.35471082,0.8144859,0.38119072,-1.5190895,0.6558178,-0.10248968,0.12834308,-0.5481384,-0.8152041,0.13624388,0.62676746,0.7189805,-0.71168405,-0.52420497,-0.08302077,0.78806186,0.5328072
2025-04-04 18:00:00,1.0354694,1.4021331,0.5687681,1.1538109,1.1324596,-0.51425683,0.89275867,-0.45687786,1.3207021,-1.1118847,0.7960776,-0.52849126,-0.019537318,0.38763896,-0.66079396,0.35422635,0.8293699,0.39400634,-1.5363789,0.6676917,-0.108456716,0.12998818,-0.5609598,-0.8296892,0.1394056,0.64067143,0.7333386,-0.73092765,-0.53130305,-0.090989776,0.80270433,0.5334671
2025-04-04 19:00:00,1.0418543,1.4140697,0.5707043,1.1704829,1.1446558,-0.51818234,0.90734166,-0.45721117,1.3359547,-1.125243,0.8038641,-0.53368986,-0.0154544,0.39391458,-0.6644886,0.35466886,0.84243715,0.4031261,-1.548482,0.67682934,-0.11078681,0.1322148,-0.5663781,-0.8416059,0.13835733,0.6523171,0.7391069,-0.74647,-0.5351926,-0.096401446,0.81248593,0.5360938
2025-04-07 13:00:00,1.0526001,1.4352992,0.57298684,1.1959213,1.1609771,-0.52170104,0.92995244,-0.46005657,1.3669004,-1.1441498,0.8183962,-0.5476289,-0.0092459805,0.4058277,-0.66971636,0.35337907,0.86162496,0.41781917,-1.569025,0.6898171,-0.11891033,0.13519675,-0.5804442,-0.8586545,0.14060915,0.6675101,0.75282866,-0.76876146,-0.54311836,-0.10411032,0.8294309,0.53801256
2025-04-07 14:00:00,1.1195061,1.5322783,0.5831304,1.340883,1.2399969,-0.53601116,1.0470467,-0.47789067,1.514781,-1.2389681,0.8836001,-0.5971283,0.021528166,0.45459577,-0.699289,0.34123212,0.9837107,0.4859769,-1.6758773,0.7497112,-0.16218932,0.14388688,-0.6439919,-0.92977256,0.12557676,0.7431099,0.7977819,-0.87505466,-0.5911614,-0.14240542,0.90889376,0.5500091
2025-04-07 15:00:00,1.1491874,1.6091905,0.589229,1.429128,1.3052435,-0.5605164,1.1367491,-0.47235188,1.6323875,-1.3124143,0.9372373,-0.64318967,0.03829367,0.50346524,-0.72220355,0.33456665,1.0700947,0.5409461,-1.7674652,0.8147905,-0.1889937,0.17201394,-0.673304,-0.997623,0.13940454,0.80630946,0.83104557,-0.97529286,-0.63071185,-0.16383201,0.9747256,0.559068
2025-04-07 16:00:00,1.1554255,1.6498437,0.5920435,1.4844149,1.3479469,-0.58033293,1.1948856,-0.46262994,1.6977654,-1.3473073,0.96863353,-0.67103565,0.04325996,0.52994657,-0.73431337,0.3330379,1.1239529,0.567857,-1.8201318,0.85549915,-0.2058763,0.19208628,-0.6870359,-1.0384358,0.14384615,0.84075195,0.8511959,-1.0435753,-0.6553087,-0.1728285,1.0113844,0.5650857
2025-04-07 17:00:00,1.1669254,1.6852281,0.59754217,1.5316911,1.387462,-0.59641796,1.2455812,-0.45877483,1.7537946,-1.3761256,0.9971827,-0.69514465,0.04639281,0.5495717,-0.74444795,0.33363318,1.1698345,0.5859485,-1.8657718,0.88749826,-0.2202788,0.2081427,-0.701995,-1.0738364,0.14594254,0.8663425,0.8715058,-1.0981303,-0.67671645,-0.17999816,1.0432175,0.57406664
2025-04-07 18:00:00,1.1571013,1.6906167,0.5966843,1.5449523,1.4014299,-0.6021032,1.2630227,-0.44865063,1.768412,-1.3771204,1.0055035,-0.7079992,0.045286696,0.55751115,-0.74326926,0.33092743,1.1826339,0.5892446,-1.8759114,0.9014609,-0.22547044,0.22061853,-0.70572114,-1.0836278,0.14803702,0.8719813,0.8759574,-1.1203983,-0.6845999,-0.17749444,1.0474325,0.5763221
2025-04-07 19:00:00,1.1487767,1.6906387,0.59627545,1.5497819,1.408279,-0.6042271,1.2702355,-0.44351488,1.7721275,-1.37334,1.0076957,-0.7164196,0.043998938,0.56053394,-0.7408245,0.32911628,1.1846547,0.5880205,-1.8761873,0.90761787,-0.22605829,0.227294,-0.70999455,-1.0873047,0.1496071,0.8726088,0.8801626,-1.1302471,-0.6879358,-0.17510682,1.0470549,0.5769508
2025-04-08 13:00:00,1.1175705,1.6582007,0.58947575,1.5310459,1.3914635,-0.59511137,1.2503705,-0.4286396,1.7372493,-1.3462496,0.98942864,-0.7124473,0.042749118,0.55387396,-0.72682345,0.32304537,1.1636906,0.5766942,-1.8480201,0.8986185,-0.22041892,0.22942019,-0.69884974,-1.0678165,0.14484605,0.8590696,0.86298865,-1.1152936,-0.6781981,-0.16560379,1.0221016,0.57010186
2025-04-08 14:00:00,1.1067789,1.6492715,0.5867567,1.5191206,1.3852913,-0.5934591,1.238602,-0.42688233,1.7211701,-1.3344274,0.9826387,-0.7117982,0.041199964,0.5500413,-0.72260374,0.32278973,1.1487312,0.56908053,-1.8316805,0.89240646,-0.21505417,0.22982658,-0.69961905,-1.0612706,0.14765741,0.851347,0.8620651,-1.1051155,-0.6726197,-0.16136906,1.0124213,0.5693767
2025-04-08 15:00:00,1.1106333,1.6514475,0.5872108,1.5237911,1.3871362,-0.5931503,1.2419571,-0.43302473,1.7236843,-1.3357567,0.9833225,-0.7158742,0.042728525,0.54975396,-0.72524655,0.32397187,1.1485254,0.57152617,-1.8324616,0.89372045,-0.2150206,0.22887129,-0.70635986,-1.0637742,0.14790207,0.8522573,0.86955875,-1.1063409,-0.6726719,-0.16255617,1.0144682,0.56792724
2025-04-08 16:00:00,1.0916487,1.6272237,0.58145994,1.5012825,1.3681014,-0.58532494,1.2208623,-0.42859855,1.6919669,-1.3154302,0.9658859,-0.7082422,0.042253982,0.5413055,-0.71808296,0.32129633,1.1243324,0.56356955,-1.805191,0.882021,-0.20954315,0.22611196,-0.6989032,-1.0452248,0.14642808,0.83972794,0.85910016,-1.0859244,-0.66226625,-0.15689948,0.9936322,0.5603727
2025-04-08 17:00:00,1.1066645,1.6451874,0.5840811,1.5183645,1.3807257,-0.5888619,1.2370422,-0.43778026,1.7138413,-1.3290908,0.97739875,-0.7154672,0.045231234,0.5454509,-0.7250872,0.3243422,1.1380333,0.5732441,-1.8226619,0.8877697,-0.21352915,0.22568408,-0.71051425,-1.0582047,0.147839,0.84892017,0.87045854,-1.0982444,-0.6676363,-0.16149342,1.0084196,0.5642295
2025-04-08 18:00:00,1.0909952,1.6268454,0.5793501,1.4997236,1.3653027,-0.583315,1.2207289,-0.43336895,1.6899669,-1.3144807,0.96424764,-0.70815647,0.04402725,0.5395569,-0.7195141,0.32220638,1.1196567,0.5673087,-1.801918,0.8791286,-0.2089663,0.22438064,-0.70246404,-1.0434946,0.14740859,0.8398524,0.86077195,-1.0833824,-0.6604417,-0.1572228,0.9927192,0.558343
2025-04-08 19:00:00,1.1140454,1.6537495,0.58418494,1.5257462,1.3852974,-0.59015465,1.2457834,-0.44451174,1.7243376,-1.3362242,0.98220456,-0.7180908,0.046991717,0.54683423,-0.7294903,0.32586402,1.1436,0.57984215,-1.8299675,0.8901698,-0.21567692,0.22449073,-0.7166034,-1.0632867,0.14833711,0.8545055,0.8764337,-1.1041346,-0.6703831,-0.1645976,1.0151131,0.56452614
2025-04-09 13:00:00,1.1251044,1.6689105,0.5864492,1.5336007,1.3965733,-0.5971211,1.2561178,-0.4491792,1.7411239,-1.3496513,0.99101627,-0.7208067,0.04483239,0.55097,-0.7363345,0.32893544,1.1523256,0.5849802,-1.8401389,0.8966436,-0.214631,0.2254251,-0.7209062,-1.0752066,0.15189585,0.8637893,0.8851828,-1.1169037,-0.6763773,-0.17074013,1.0276192,0.5686459
2025-04-09 14:00:00,1.1289676,1.6750677,0.5876991,1.5412313,1.4023714,-0.59988475,1.2630385,-0.45062542,1.7497007,-1.3561766,0.99570477,-0.7220737,0.045066487,0.55345076,-0.7378133,0.33012116,1.159732,0.587188,-1.8475571,0.89980394,-0.2152648,0.22569594,-0.722138,-1.0813216,0.15123293,0.8682962,0.88715774,-1.1241705,-0.67938817,-0.17265242,1.0344945,0.5713469
2025-04-09 15:00:00,1.1380996,1.683371,0.5890786,1.5456369,1.4081094,-0.6042513,1.2686945,-0.4554877,1.7587461,-1.363776,1.0006665,-0.7238488,0.0438569,0.5549018,-0.7429295,0.33219534,1.1650636,0.58913994,-1.853091,0.9039436,-0.2161679,0.22497818,-0.7261635,-1.0877275,0.15204568,0.87320095,0.89444244,-1.1296613,-0.68193936,-0.17657968,1.0403286,0.5730679
2025-04-09 16:00:00,1.1309651,1.6690942,0.58707356,1.5282171,1.3972486,-0.60098636,1.2528154,-0.45440233,1.7376238,-1.3527308,0.99042773,-0.7167872,0.04137082,0.54864377,-0.73955274,0.33248544,1.1489017,0.58135885,-1.8356249,0.89556545,-0.212108,0.22082376,-0.7207335,-1.0767622,0.15074095,0.86577123,0.88934165,-1.1148245,-0.67453885,-0.17408824,1.0264496,0.5705638
2025-04-09 17:00:00,1.1832169,1.7298142,0.60165584,1.6109174,1.4485055,-0.61368823,1.3229338,-0.4730874,1.824021,-1.4025683,1.0349736,-0.7378043,0.05322544,0.5694559,-0.75898796,0.33573276,1.2289777,0.60776556,-1.9136126,0.925969,-0.23437603,0.22563145,-0.7502873,-1.1186501,0.14085676,0.8964555,0.9166688,-1.1719694,-0.7059133,-0.19032907,1.0809929,0.5863877
2025-04-09 18:00:00,1.1993861,1.7619312,0.6082292,1.6424233,1.4784558,-0.62662524,1.3620435,-0.4683427,1.8788506,-1.4352959,1.0596393,-0.75226784,0.0538025,0.58878326,-0.7703312,0.33672994,1.2688915,0.62808716,-1.9596168,0.95409065,-0.24556546,0.2424027,-0.7522658,-1.1495649,0.1481848,0.9192221,0.92638636,-1.2155075,-0.7277924,-0.19870713,1.1148572,0.5929812
2025-04-09 19:00:00,1.202386,1.7755058,0.612285,1.6547288,1.4938188,-0.6351776,1.3807752,-0.4634929,1.902288,-1.4469595,1.0707524,-0.75725555,0.04922084,0.5955387,-0.772801,0.33882737,1.2857826,0.63167495,-1.9778221,0.9661231,-0.25209147,0.24928367,-0.7506536,-1.1630969,0.150022,0.9275152,0.9296772,-1.2357934,-0.73833716,-0.2010003,1.12968,0.59921587
2025-04-10 13:00:00,1.1975075,1.7732188,0.61362356,1.6488432,1.4970498,-0.6401873,1.3792464,-0.45819518,1.9010943,-1.4461546,1.0706201,-0.7562963,0.04157753,0.5956673,-0.771213,0.3408919,1.2827685,0.6245699,-1.9729047,0.96831,-0.2495081,0.25195354,-0.7465768,-1.1654932,0.1510413,0.92673314,0.9286562,-1.2391429,-0.7396264,-0.20064384,1.128055,0.60348606
2025-04-10 14:00:00,1.1890802,1.7648554,0.6125444,1.6370445,1.4919484,-0.6399652,1.368343,-0.45429853,1.88783,-1.4363842,1.0651965,-0.7553425,0.037204992,0.5925604,-0.76672715,0.34073985,1.270702,0.61435974,-1.9595019,0.96380866,-0.24458568,0.2524346,-0.7447095,-1.1603895,0.15244746,0.9200774,0.92660147,-1.2306796,-0.7350209,-0.19634491,1.1183999,0.60482717
2025-04-10 15:00:00,1.1831195,1.7545989,0.6110219,1.6279137,1.4845668,-0.63697,1.3579026,-0.45402202,1.8735981,-1.4266421,1.0580379,-0.7555417,0.035939645,0.58858895,-0.763683,0.33954227,1.2586577,0.60801417,-1.9469141,0.9594846,-0.2407149,0.25107563,-0.7447474,-1.1538632,0.15224299,0.9137593,0.92699647,-1.2209129,-0.72960395,-0.19341746,1.1080986,0.60213256
2025-04-10 16:00:00,1.1924381,1.7651452,0.614317,1.6452364,1.4938176,-0.63712776,1.371819,-0.45908755,1.8886302,-1.4342575,1.0654666,-0.7624452,0.039793115,0.59134346,-0.7669721,0.33985257,1.2715564,0.61515355,-1.9623348,0.96532935,-0.24484779,0.25218633,-0.7524775,-1.1623899,0.15079555,0.91828674,0.93415314,-1.230746,-0.7339293,-0.19541034,1.1187795,0.60404027
2025-04-10 17:00:00,1.1999551,1.7746367,0.61720806,1.6597042,1.5043666,-0.63945067,1.3868393,-0.46102622,1.9061925,-1.4453206,1.0737914,-0.76668906,0.040628206,0.5959018,-0.7714651,0.34077698,1.285149,0.6230515,-1.9778776,0.973461,-0.24844979,0.255109,-0.7543881,-1.171286,0.14966452,0.9255877,0.93867874,-1.2455368,-0.74136055,-0.19973397,1.1307783,0.60559857
2025-04-10 18:00:00,1.2011373,1.7770288,0.6174151,1.6611358,1.5080419,-0.64144486,1.3911291,-0.4603565,1.9114261,-1.4482932,1.0767856,-0.7674798,0.039031666,0.59666854,-0.77263,0.34143466,1.2880907,0.62419474,-1.9814372,0.97602046,-0.25051725,0.2561983,-0.75367457,-1.1737772,0.14979911,0.9280291,0.9394456,-1.2501194,-0.7436958,-0.20109075,1.1333884,0.6069902
2025-04-10 19:00:00,1.1915036,1.7670908,0.61380774,1.6444634,1.499047,-0.6404558,1.3775688,-0.4568138,1.8953869,-1.4366958,1.0695407,-0.76480603,0.035979282,0.5925018,-0.7687349,0.33999282,1.2727299,0.6168151,-1.964711,0.96981037,-0.24680047,0.25552714,-0.75171864,-1.1650009,0.15237218,0.9213138,0.9358754,-1.2382722,-0.7378802,-0.19750416,1.1210207,0.60519695
2025-04-11 13:00:00,1.1892174,1.7608923,0.6135986,1.6408095,1.4971492,-0.63903373,1.3720096,-0.45667046,1.8877628,-1.433241,1.0659709,-0.7629721,0.03447027,0.5903066,-0.76672083,0.3410253,1.2673873,0.61348915,-1.9586875,0.96655273,-0.24301271,0.25319105,-0.7501254,-1.1631817,0.15033293,0.91966474,0.9341958,-1.2347922,-0.7349546,-0.19730744,1.1169273,0.60561955
2025-04-11 14:00:00,1.1874582,1.7573203,0.61214924,1.6358327,1.4941509,-0.63794845,1.3662494,-0.45695728,1.8809154,-1.4295325,1.0638381,-0.7619833,0.034181695,0.58809894,-0.76621425,0.34126413,1.2620633,0.61145663,-1.953091,0.9631095,-0.24129792,0.25215533,-0.750147,-1.160433,0.15042841,0.91734487,0.9327613,-1.2294822,-0.7313807,-0.19611326,1.1127896,0.6056632
2025-04-11 15:00:00,1.1845284,1.7482504,0.60974735,1.62629,1.4872701,-0.6355641,1.3562605,-0.4585309,1.8677903,-1.423001,1.0576475,-0.7587905,0.033412647,0.5838512,-0.76542866,0.3413362,1.2522986,0.6081197,-1.9420803,0.9578153,-0.23913221,0.2489998,-0.74852335,-1.1538192,0.14873293,0.9139263,0.93077487,-1.2201269,-0.72600484,-0.1955176,1.1038563,0.60344213
2025-04-11 16:00:00,1.1792854,1.7345088,0.6056318,1.6097232,1.4756234,-0.63152045,1.3397533,-0.45994517,1.8465459,-1.411249,1.047575,-0.7535076,0.03330977,0.57707214,-0.76371485,0.34094232,1.2360468,0.6030365,-1.9248757,0.94817835,-0.23629789,0.24429731,-0.74648,-1.1424907,0.14712293,0.9077688,0.92686003,-1.2037317,-0.7167767,-0.19330487,1.089095,0.599927
2025-04-11 17:00:00,1.1732479,1.7206731,0.60116804,1.5905634,1.4628279,-0.62704325,1.3197786,-0.46083578,1.8221107,-1.3978739,1.0366737,-0.7464403,0.033542704,0.569591,-0.76196766,0.34139532,1.2169161,0.59783554,-1.9052367,0.93574756,-0.23133768,0.23930424,-0.7447189,-1.1300994,0.14652255,0.9007248,0.9211413,-1.1845591,-0.70569295,-0.1905899,1.0735812,0.59670323
2025-04-11 18:00:00,1.1728588,1.7147288,0.5986323,1.5813125,1.4556382,-0.6234677,1.3083211,-0.46369085,1.8090055,-1.3913599,1.031681,-0.74206436,0.03566591,0.5650989,-0.76256675,0.34242767,1.2062113,0.5976727,-1.8960699,0.92719513,-0.22885872,0.23547643,-0.7461484,-1.12335,0.14644158,0.8975154,0.9185423,-1.17241,-0.69780695,-0.18934634,1.0661794,0.59432495
2025-04-11 19:00:00,1.1638703,1.6956536,0.5923507,1.5513126,1.4354693,-0.6184142,1.2778219,-0.46578577,1.7728827,-1.3727596,1.0148891,-0.7289096,0.034788948,0.5541363,-0.75996304,0.3427534,1.1769655,0.5884298,-1.8646377,0.9093672,-0.22031756,0.22752613,-0.7417657,-1.1036799,0.14671528,0.8868124,0.9104098,-1.1435671,-0.68312436,-0.18653813,1.0449692,0.5889492
2025-04-14 13:00:00,1.1495731,1.6698592,0.5836004,1.506826,1.4050298,-0.61110526,1.2307107,-0.46808454,1.7188029,-1.344893,0.989203,-0.70847535,0.03345142,0.5376892,-0.7548606,0.34385365,1.1324778,0.57248986,-1.8172534,0.88071626,-0.20474632,0.21490282,-0.73587173,-1.0757408,0.14943038,0.86910945,0.89900476,-1.0998054,-0.6611177,-0.18158004,1.0153612,0.58140427
2025-04-14 14:00:00,1.1435186,1.649754,0.57798177,1.4730452,1.3778403,-0.6010578,1.1932145,-0.47431546,1.6772808,-1.3244147,0.968392,-0.69273484,0.03537972,0.52381235,-0.7522647,0.34487718,1.09572,0.563318,-1.7819116,0.8556809,-0.19356017,0.2018947,-0.73347473,-1.0532702,0.15235317,0.85444695,0.8929744,-1.0611479,-0.6412966,-0.17762822,0.99400175,0.5724412
2025-04-14 15:00:00,1.140649,1.6285454,0.575001,1.4392704,1.3513277,-0.58932024,1.1602242,-0.482239,1.6395773,-1.3050923,0.9484277,-0.67715895,0.036464255,0.5089311,-0.7495891,0.34540945,1.0607696,0.55425876,-1.7496134,0.8318286,-0.18653028,0.18807614,-0.7289515,-1.0290747,0.15363649,0.8390655,0.88685244,-1.0225154,-0.62437904,-0.17420942,0.97329617,0.56414044
2025-04-14 16:00:00,1.1385287,1.6113472,0.57471603,1.4087068,1.3299302,-0.5779789,1.1329883,-0.4884797,1.6097318,-1.2887197,0.93248725,-0.6631961,0.035784256,0.49542728,-0.7449593,0.3466469,1.030288,0.544409,-1.7239437,0.8097428,-0.18064703,0.1764805,-0.7226436,-1.0083488,0.15569167,0.8241842,0.87979746,-0.9887863,-0.6115246,-0.17089272,0.95662653,0.5599551
2025-04-14 17:00:00,1.1380932,1.5882597,0.57697463,1.3714303,1.3084273,-0.5666232,1.1019701,-0.49403566,1.5718354,-1.2701011,0.91507995,-0.64341223,0.031552177,0.47848356,-0.7379079,0.35027176,0.99706376,0.52729243,-1.695924,0.78405255,-0.17441553,0.16433945,-0.7083743,-0.9833843,0.15388227,0.805343,0.86745363,-0.9489328,-0.5972816,-0.16558722,0.935329,0.55991256
2025-04-14 18:00:00,1.1396478,1.5636407,0.5819003,1.3340889,1.2885656,-0.55478615,1.0718112,-0.49867722,1.5344921,-1.2504504,0.90049744,-0.62412286,0.026445132,0.462241,-0.7297872,0.35527223,0.9656501,0.5083764,-1.6727954,0.7582305,-0.17106937,0.1541853,-0.69245696,-0.9577382,0.15116535,0.7834174,0.8542985,-0.90689254,-0.58246833,-0.15727583,0.91269743,0.56220216
2025-04-14 19:00:00,1.1346633,1.5350223,0.5862571,1.2893996,1.2652316,-0.5434976,1.0346433,-0.5001676,1.4899173,-1.2244838,0.8829975,-0.60242784,0.017398637,0.44425246,-0.7180189,0.3615901,0.92787975,0.4825069,-1.6435108,0.7299439,-0.16348256,0.14565799,-0.67269117,-0.9282171,0.15089512,0.7550168,0.8383786,-0.85981286,-0.5675551,-0.14600676,0.8856009,0.5651296
2025-04-15 13:00:00,1.1262952,1.5091312,0.5899,1.2511343,1.2413145,-0.5315984,1.002029,-0.50027335,1.4539659,-1.1996797,0.86606276,-0.5863247,0.008102875,0.42902032,-0.7064759,0.36568224,0.8940953,0.45895144,-1.6180024,0.70632493,-0.15552984,0.13926572,-0.65637505,-0.9018307,0.1530037,0.7279878,0.8254664,-0.8193387,-0.5570502,-0.13510579,0.86296177,0.5649602
2025-04-15 14:00:00,1.1244155,1.4913857,0.59394795,1.2284503,1.2263255,-0.52337825,0.98318,-0.5019144,1.4325253,-1.1876173,0.85488296,-0.574154,0.001407396,0.4175606,-0.6988295,0.36945146,0.8751507,0.4436774,-1.6056087,0.6912676,-0.1495087,0.13452479,-0.64166003,-0.8866705,0.15082747,0.7114818,0.8140079,-0.7935774,-0.551201,-0.12889758,0.85143244,0.5661046
2025-04-15 15:00:00,1.1176251,1.467735,0.59513247,1.1979427,1.2067168,-0.51761216,0.95775765,-0.5017373,1.3995621,-1.1688137,0.84031594,-0.5581188,-0.0067635067,0.40409282,-0.6905841,0.3733589,0.85125023,0.4234225,-1.5852826,0.6746259,-0.14201267,0.12929112,-0.6234987,-0.86556387,0.14823855,0.6905821,0.80004793,-0.7615302,-0.5428822,-0.11965152,0.83295155,0.5660293
2025-04-15 16:00:00,1.1077224,1.440037,0.5948874,1.1635737,1.1846485,-0.5111684,0.92912465,-0.5002278,1.3606398,-1.144825,0.82411337,-0.5413133,-0.0147986,0.3896637,-0.6826599,0.37736344,0.8251935,0.4019022,-1.5618987,0.6563479,-0.13477878,0.12409757,-0.60494506,-0.84121937,0.14544907,0.66687983,0.7845472,-0.7264225,-0.5331942,-0.107774146,0.8103188,0.56484795
2025-04-15 17:00:00,1.0965475,1.4196112,0.5942416,1.137807,1.1651943,-0.50288886,0.90801984,-0.49734935,1.3361365,-1.1239765,0.8116546,-0.5321927,-0.020229358,0.37991998,-0.67693263,0.3777601,0.80541843,0.38787404,-1.5449824,0.6432009,-0.1313857,0.12069324,-0.5942879,-0.8209442,0.14632109,0.6480703,0.77302814,-0.7018098,-0.52789545,-0.09820045,0.7939718,0.5612068
2025-04-15 18:00:00,1.0828475,1.3988467,0.5917091,1.1102139,1.1471756,-0.49808678,0.8846392,-0.49323338,1.3052008,-1.1031473,0.7977122,-0.5186727,-0.026618589,0.36813766,-0.670402,0.37950903,0.7852131,0.37132496,-1.5245494,0.6294123,-0.12374009,0.11767897,-0.57924855,-0.8014186,0.14605092,0.6298465,0.7573023,-0.67829,-0.52229345,-0.08863982,0.7775846,0.55909157
2025-04-15 19:00:00,1.0690594,1.3772243,0.58790797,1.083507,1.1296852,-0.49683642,0.85959303,-0.48913464,1.2709492,-1.0826424,0.7833005,-0.5029888,-0.034137625,0.35550252,-0.6641284,0.38216037,0.7667775,0.35318828,-1.5038311,0.6160343,-0.113285616,0.11563355,-0.5629604,-0.7842147,0.14363354,0.61189854,0.7397867,-0.6549805,-0.51524186,-0.07847323,0.7609016,0.55807185
2025-04-16 13:00:00,1.0515412,1.3553076,0.58260435,1.0571979,1.1095963,-0.49651405,0.8331148,-0.48374167,1.2376922,-1.0596014,0.76740265,-0.48919174,-0.042716224,0.3437931,-0.65801835,0.3830974,0.7480183,0.33462512,-1.481164,0.60424507,-0.1017326,0.114760324,-0.54854393,-0.76692444,0.14316204,0.59288645,0.7240194,-0.63301426,-0.5089489,-0.0676075,0.7440198,0.5547631
2025-04-16 14:00:00,1.0477109,1.345547,0.5807879,1.0502895,1.1021364,-0.49695465,0.82402724,-0.48231062,1.2262325,-1.0541404,0.7617147,-0.48211327,-0.046074618,0.33780533,-0.6564494,0.3834383,0.7460107,0.32942632,-1.4776837,0.6002095,-0.09670715,0.11471976,-0.53960913,-0.76366055,0.13775843,0.5875034,0.71294445,-0.6259903,-0.50548106,-0.063221805,0.7406285,0.55456156
2025-04-16 15:00:00,1.0453955,1.3387809,0.57878923,1.0457803,1.0969877,-0.4992564,0.81839806,-0.4811342,1.2181996,-1.0510681,0.759233,-0.4765012,-0.047270495,0.3351103,-0.65593785,0.38245338,0.7458699,0.32684657,-1.4756677,0.59900874,-0.0954677,0.11360222,-0.53314775,-0.7608779,0.1339441,0.58463335,0.7051501,-0.6213004,-0.50253445,-0.060254343,0.7381332,0.55420035
2025-04-16 16:00:00,1.0364317,1.333311,0.5756719,1.0388244,1.0887101,-0.49792305,0.8116775,-0.47727627,1.2129618,-1.0427675,0.7554004,-0.47572765,-0.048140366,0.33483353,-0.6540286,0.3787318,0.741706,0.32463023,-1.4691683,0.59803414,-0.09520602,0.11269751,-0.53078824,-0.75481963,0.13658239,0.5793851,0.7015951,-0.6179966,-0.5021892,-0.05763998,0.7345599,0.5496603
2025-04-16 17:00:00,1.0238501,1.321713,0.57110125,1.0237219,1.0783536,-0.49774358,0.7979583,-0.4724438,1.1924621,-1.0291122,0.74667007,-0.4680431,-0.050697792,0.32939947,-0.650905,0.3776226,0.7320899,0.31641462,-1.4544665,0.59244585,-0.08950591,0.1115098,-0.52185297,-0.7449909,0.13776028,0.5699867,0.6920646,-0.6087264,-0.49921954,-0.052126534,0.72562253,0.5461105
2025-04-16 18:00:00,1.0258316,1.3302977,0.5721573,1.0373248,1.0821686,-0.49305677,0.8085833,-0.47118655,1.2127781,-1.0364914,0.75269777,-0.4775547,-0.047224212,0.3350339,-0.6511107,0.3728075,0.742751,0.3274202,-1.4666581,0.5977495,-0.09495032,0.11268237,-0.5289552,-0.75229895,0.1382522,0.5763115,0.69469464,-0.6215249,-0.50372255,-0.056563444,0.7353821,0.54354614
2025-04-16 19:00:00,1.0247747,1.3392799,0.5723179,1.0478953,1.0862399,-0.49279943,0.81701213,-0.46851164,1.2270112,-1.0435894,0.7572395,-0.4837266,-0.043948162,0.34069404,-0.65061235,0.36906004,0.7502184,0.33531597,-1.4736981,0.60468084,-0.09699367,0.113763064,-0.53195363,-0.75841147,0.14103526,0.5825048,0.69744635,-0.6341398,-0.5081767,-0.06091728,0.74426866,0.54083776
2025-04-17 13:00:00,1.030775,1.3495927,0.5741141,1.0627253,1.0959494,-0.49668354,0.8282222,-0.46802348,1.2404456,-1.0565252,0.7640887,-0.48630765,-0.04031487,0.34578764,-0.65223175,0.36832625,0.7630152,0.343246,-1.4856,0.6123854,-0.098078504,0.114252284,-0.5334884,-0.769362,0.13872752,0.5927152,0.6994762,-0.6475403,-0.51113653,-0.066478826,0.7546016,0.54275614
2025-04-17 14:00:00,1.0300436,1.3528026,0.5736149,1.0670323,1.0984551,-0.5008323,0.8298622,-0.46630624,1.242287,-1.0593901,0.7659034,-0.4868544,-0.0398856,0.3486072,-0.6521158,0.36810958,0.7665439,0.34411782,-1.4867799,0.6167453,-0.0965105,0.11496808,-0.5337827,-0.77352005,0.138874,0.5949919,0.7012673,-0.65147775,-0.5116657,-0.06802044,0.75677717,0.5427143
2025-04-17 15:00:00,1.034038,1.3575118,0.57491744,1.0758082,1.1038568,-0.5038731,0.8356964,-0.46654797,1.2486217,-1.0659096,0.7695161,-0.48868972,-0.03840222,0.35175028,-0.6536953,0.36876953,0.77391374,0.34793767,-1.4930832,0.62164545,-0.09692642,0.11580315,-0.5355289,-0.78045875,0.13663568,0.59994584,0.7038451,-0.6576016,-0.5127373,-0.07072859,0.7614748,0.5438533
2025-04-17 16:00:00,1.036238,1.3568398,0.57545716,1.076932,1.105906,-0.5067102,0.8361233,-0.4670495,1.245709,-1.0672287,0.77032614,-0.48676714,-0.0380085,0.35216504,-0.6548034,0.3703633,0.7756845,0.34795764,-1.4936383,0.6233513,-0.0968353,0.116095096,-0.5346306,-0.78198147,0.13428944,0.60101086,0.70387924,-0.6567696,-0.5112986,-0.07090499,0.76051307,0.5451555
2025-04-17 17:00:00,1.0285792,1.348063,0.57327574,1.0646497,1.0981963,-0.50513256,0.8262501,-0.46520033,1.2320403,-1.055423,0.76445913,-0.48403457,-0.039886612,0.34954768,-0.6533174,0.37032175,0.76547676,0.34190673,-1.4820669,0.6191186,-0.09543562,0.11570373,-0.5326312,-0.7730684,0.13674206,0.59268373,0.70257217,-0.6469167,-0.5087074,-0.066570826,0.75112665,0.5422582
2025-04-17 18:00:00,1.0274267,1.34331,0.573069,1.059635,1.0967194,-0.50440365,0.8220728,-0.46510717,1.2235491,-1.0514784,0.76168233,-0.48011103,-0.0410838,0.3461121,-0.6530691,0.3724997,0.7623583,0.33922514,-1.4785135,0.6153935,-0.09331843,0.11601423,-0.52946913,-0.7707251,0.13469465,0.5897636,0.6982027,-0.6421631,-0.50656,-0.06447112,0.7473378,0.54343307
2025-04-17 19:00:00,1.0221857,1.3396442,0.5717173,1.054265,1.0915728,-0.5013226,0.8178488,-0.46368995,1.2206271,-1.0449042,0.7589338,-0.4812219,-0.04229449,0.34505138,-0.65185386,0.3710786,0.7569091,0.33733115,-1.4734037,0.6128886,-0.093954876,0.116268486,-0.5303753,-0.76554173,0.13734591,0.58490175,0.69782794,-0.63836807,-0.5063081,-0.062197782,0.7435494,0.5409255
2025-04-21 13:00:00,1.0133959,1.3326824,0.5690906,1.0438048,1.0846503,-0.5009154,0.80804324,-0.46123466,1.2076228,-1.0356884,0.7518405,-0.4765056,-0.04592665,0.34017545,-0.64915127,0.37169623,0.7481595,0.33017054,-1.4623734,0.60804266,-0.08771543,0.116663426,-0.525041,-0.7594426,0.13892189,0.5778533,0.6927859,-0.6317838,-0.50495636,-0.05885411,0.7376621,0.53922784
2025-04-21 14:00:00,1.015474,1.3361778,0.56984705,1.051762,1.0854563,-0.4968088,0.8147387,-0.46170333,1.2195565,-1.039674,0.7544991,-0.48330438,-0.043845106,0.34271926,-0.6496963,0.36887032,0.75320446,0.33641824,-1.4688996,0.61047935,-0.09206033,0.116909385,-0.52973336,-0.7624193,0.13892828,0.5806487,0.6959383,-0.6379246,-0.5073072,-0.060736872,0.74267054,0.53683335
2025-04-21 15:00:00,1.0109682,1.3349268,0.5685091,1.0486141,1.0822142,-0.49532923,0.8131258,-0.4598776,1.217339,-1.036782,0.7523773,-0.4837477,-0.043578763,0.34236372,-0.64864373,0.36716098,0.7498349,0.3360823,-1.4647131,0.6100109,-0.09172954,0.11661063,-0.52858484,-0.7592861,0.14137256,0.57879573,0.69542885,-0.6378239,-0.50766814,-0.060106806,0.7411924,0.5341233
2025-04-21 16:00:00,1.0020221,1.326031,0.5655003,1.035927,1.0741072,-0.49489677,0.80224544,-0.4571602,1.2007385,-1.0260514,0.74487984,-0.4779742,-0.046370644,0.3372766,-0.6461533,0.367252,0.7400137,0.32837018,-1.4518121,0.60435945,-0.08641428,0.11563413,-0.52271277,-0.75131536,0.14251655,0.5710117,0.6901528,-0.6292704,-0.50483936,-0.055935048,0.7329371,0.53188014
2025-04-21 17:00:00,0.9960638,1.3185326,0.56346107,1.0278115,1.0673074,-0.49320045,0.79484075,-0.45545396,1.190123,-1.017985,0.73956436,-0.4749244,-0.04841881,0.333371,-0.64459044,0.36696488,0.73381317,0.32374746,-1.4438269,0.59981644,-0.08356029,0.115294114,-0.51935107,-0.74590474,0.14224307,0.5649455,0.68591,-0.6229599,-0.5024274,-0.052366324,0.72700816,0.5299048
2025-04-21 18:00:00,0.9879115,1.305949,0.5600771,1.0130125,1.0583202,-0.4938154,0.7818119,-0.45341992,1.1687683,-1.0059774,0.7313687,-0.46625188,-0.052280653,0.32625332,-0.6423289,0.36813658,0.7235909,0.31421298,-1.429926,0.59243727,-0.07824494,0.11450197,-0.5111585,-0.7368472,0.14067763,0.5555281,0.6774097,-0.61075234,-0.49767148,-0.046173863,0.7164042,0.5293124
2025-04-21 19:00:00,0.98125404,1.295402,0.55698663,1.0017576,1.0508567,-0.495514,0.7701909,-0.45195583,1.1513336,-0.9964351,0.72471476,-0.4584506,-0.05661707,0.31997547,-0.64028627,0.36976385,0.7164315,0.30588606,-1.419731,0.58618623,-0.07236116,0.1148985,-0.50403637,-0.7312377,0.13817641,0.5478264,0.669111,-0.6008192,-0.49321687,-0.040784918,0.70810986,0.5298696
2025-04-22 13:00:00,0.98541135,1.2949166,0.55730814,1.006325,1.0527704,-0.49754265,0.77214897,-0.45345163,1.1534345,-1.0009476,0.7268036,-0.45683753,-0.057030518,0.31935757,-0.6411083,0.37048703,0.72146857,0.30764887,-1.4251022,0.58649457,-0.07283075,0.11553052,-0.50269115,-0.73523086,0.13297112,0.5503557,0.6659576,-0.6016865,-0.4915725,-0.040754654,0.709985,0.5328609
2025-04-22 14:00:00,0.98744124,1.2966988,0.5571573,1.0107847,1.0542777,-0.49950755,0.7748104,-0.45390406,1.1583824,-1.0047853,0.7294178,-0.45772937,-0.056571294,0.32150757,-0.6412699,0.36975777,0.7253336,0.3098826,-1.429314,0.5890751,-0.07459825,0.11592816,-0.5032058,-0.73806757,0.13188589,0.55294186,0.6665607,-0.6041397,-0.4917009,-0.041725896,0.71234,0.53376734
2025-04-22 15:00:00,0.9902621,1.2969533,0.5574142,1.0132031,1.0562408,-0.50117606,0.77685827,-0.45476136,1.159069,-1.0078546,0.73129916,-0.45657223,-0.055125136,0.32272843,-0.64198446,0.36971533,0.72843844,0.31165427,-1.4323021,0.59064585,-0.07630396,0.11546783,-0.50235647,-0.73962545,0.13015133,0.555493,0.6660912,-0.6049676,-0.49088174,-0.042392798,0.71320444,0.5349805
2025-04-22 16:00:00,1.0001954,1.3072523,0.56043774,1.0280967,1.0663197,-0.5020412,0.7895017,-0.45690432,1.1771162,-1.0209109,0.7404468,-0.4617232,-0.050998796,0.3289643,-0.6444951,0.36914122,0.7407147,0.3214246,-1.447578,0.5967703,-0.082421154,0.11603765,-0.5081377,-0.7490199,0.12833112,0.5655022,0.6703927,-0.6157882,-0.4934492,-0.047518976,0.72248256,0.5380158
2025-04-22 17:00:00,1.0076028,1.3235945,0.5633527,1.0476304,1.0773015,-0.5003244,0.80688006,-0.45746318,1.205862,-1.0350074,0.75174904,-0.47475085,-0.045413364,0.33968315,-0.6460535,0.365781,0.754007,0.33456203,-1.4645417,0.60699785,-0.09125759,0.1174556,-0.5192969,-0.75944954,0.13204463,0.5768024,0.681261,-0.63278466,-0.5004168,-0.054899625,0.7357896,0.53751916
2025-04-22 18:00:00,1.013368,1.3318558,0.5657827,1.0566577,1.0857973,-0.50227433,0.81560147,-0.45812336,1.2150613,-1.0441474,0.7570007,-0.47676763,-0.041820664,0.34415403,-0.6477072,0.36603445,0.7611517,0.34003156,-1.4725888,0.6127804,-0.09335804,0.11764373,-0.52127045,-0.76531863,0.13259393,0.58454615,0.68520606,-0.6415117,-0.5030813,-0.059232228,0.7422636,0.53920525
2025-04-22 19:00:00,1.0099576,1.3303325,0.56519276,1.0515692,1.0842717,-0.5023185,0.8118133,-0.4569755,1.2098778,-1.0396117,0.7550527,-0.47606707,-0.04200833,0.34428856,-0.6469987,0.36609507,0.7565512,0.33720145,-1.4672992,0.61209077,-0.092234015,0.11724998,-0.5216127,-0.76200753,0.13540709,0.5817774,0.6866503,-0.638508,-0.50275683,-0.058313362,0.73882234,0.53794944
2025-04-23 13:00:00,1.0103551,1.3289337,0.56582975,1.0496457,1.0852419,-0.5034281,0.80953974,-0.45725545,1.2048303,-1.0385549,0.7535813,-0.47307208,-0.043121953,0.34235582,-0.6470541,0.36850518,0.7553374,0.33477482,-1.4655454,0.61059815,-0.08925961,0.11761442,-0.5200153,-0.7622954,0.13394308,0.5808733,0.68474513,-0.6362701,-0.5017571,-0.057785787,0.7374444,0.5396995
2025-04-23 14:00:00,1.0100502,1.3351638,0.56633604,1.056264,1.0873761,-0.50310785,0.8136216,-0.4568642,1.2157371,-1.041866,0.7557561,-0.4790567,-0.04386564,0.3452041,-0.64673203,0.36786824,0.758227,0.33712205,-1.4697986,0.6135161,-0.08870584,0.11956005,-0.524712,-0.7674094,0.1364243,0.5827785,0.68957883,-0.6422242,-0.5052217,-0.059986703,0.7429265,0.5391243
2025-04-23 15:00:00,1.0177317,1.347026,0.5690476,1.0739051,1.094872,-0.5008445,0.82920474,-0.4589933,1.2391253,-1.0543758,0.763381,-0.49042454,-0.03918015,0.3521339,-0.6493806,0.36512572,0.7701401,0.3485587,-1.483823,0.6220793,-0.09568176,0.12028751,-0.5333794,-0.77641505,0.13719156,0.5920947,0.6989948,-0.6565783,-0.510982,-0.06601206,0.7547101,0.5370477
2025-04-23 16:00:00,1.019596,1.3548653,0.5699205,1.0810716,1.0989038,-0.5003583,0.8369927,-0.4589417,1.2498902,-1.0603708,0.76684964,-0.4962239,-0.036152113,0.35639894,-0.6506852,0.36357224,0.77439487,0.3543652,-1.4887686,0.6272244,-0.09801681,0.12060316,-0.5374186,-0.78060216,0.14021984,0.59738976,0.7049599,-0.665196,-0.5144187,-0.06967268,0.7604519,0.5352435
2025-04-23 17:00:00,1.0224811,1.3551197,0.57087153,1.0806044,1.1012348,-0.5015679,0.8381125,-0.45974407,1.246661,-1.0620823,0.7671203,-0.49385437,-0.035134394,0.35555372,-0.6518311,0.3649503,0.77479386,0.35410354,-1.4885607,0.6271668,-0.09765738,0.11942883,-0.53610855,-0.78089577,0.13855323,0.59918433,0.70496863,-0.66475457,-0.5134065,-0.07026843,0.7596725,0.5366829
2025-04-23 18:00:00,1.0155522,1.346522,0.5689994,1.066425,1.0937738,-0.5011135,0.82650137,-0.45833346,1.2304118,-1.0504804,0.76081455,-0.48867977,-0.03814571,0.351175,-0.65010643,0.3660664,0.763385,0.34579745,-1.4758272,0.62101346,-0.094021395,0.118511155,-0.53294045,-0.77195436,0.1404301,0.59047276,0.7020864,-0.6534342,-0.50991935,-0.06579871,0.7497338,0.5354568
2025-04-23 19:00:00,1.0094064,1.3379781,0.56764066,1.0547814,1.0861664,-0.49830064,0.8169612,-0.4572319,1.2176857,-1.0398266,0.7544392,-0.48516414,-0.040929098,0.34642822,-0.64864445,0.3667919,0.7538543,0.33939087,-1.4656019,0.61474216,-0.091282636,0.117947206,-0.5301355,-0.76403135,0.14139432,0.5824144,0.69852597,-0.6439861,-0.50749475,-0.061593913,0.7419121,0.53362453
2025-04-24 13:00:00,1.005613,1.3310863,0.5663496,1.045987,1.0816917,-0.4989084,0.80862683,-0.45684153,1.2051708,-1.0335207,0.7490803,-0.47893336,-0.044646937,0.34060743,-0.6471852,0.3691433,0.74765617,0.33265758,-1.4579875,0.60935664,-0.08584556,0.118113995,-0.5245237,-0.7600232,0.1394316,0.5769581,0.6922917,-0.6363288,-0.50482655,-0.058308892,0.73656934,0.5348858
2025-04-24 14:00:00,1.0131253,1.3368292,0.5683724,1.0571856,1.0865858,-0.49773976,0.81786513,-0.4592749,1.2198915,-1.0422904,0.7549893,-0.48421887,-0.04256015,0.34373033,-0.6491537,0.36804038,0.75639474,0.33970568,-1.4692907,0.6126421,-0.0912762,0.11826737,-0.5292782,-0.7661618,0.13683066,0.5826825,0.6952854,-0.6431002,-0.5067483,-0.061073147,0.7434341,0.5361671
2025-04-24 15:00:00,1.0102314,1.3331108,0.5669974,1.0507729,1.0838503,-0.500291,0.812442,-0.4586956,1.2111657,-1.0388501,0.7521728,-0.47945312,-0.04435884,0.3414927,-0.6481575,0.3689894,0.75198174,0.33509701,-1.463374,0.6109065,-0.08841805,0.11787264,-0.5247908,-0.7627433,0.13706496,0.5799001,0.6923918,-0.6383182,-0.50510347,-0.059352897,0.7396103,0.53675306
2025-04-24 16:00:00,1.0095754,1.3258169,0.56618655,1.0432369,1.0803283,-0.50100136,0.8063374,-0.45933917,1.1993939,-1.0338664,0.7490264,-0.47381505,-0.045498777,0.33795804,-0.64798224,0.37034243,0.7478329,0.3305613,-1.4581972,0.6067716,-0.08731632,0.116474226,-0.52048254,-0.75825995,0.13443212,0.57605344,0.6881904,-0.63029605,-0.5014355,-0.056200452,0.7336427,0.53764963
2025-04-24 17:00:00,1.0019901,1.3133721,0.56319577,1.0267545,1.0713366,-0.5012633,0.7923641,-0.4580635,1.1784812,-1.0206308,0.7415252,-0.46555212,-0.04912101,0.33197182,-0.64601225,0.37170058,0.7362862,0.32081696,-1.4445151,0.599122,-0.083436966,0.11547527,-0.5140487,-0.74791855,0.13448969,0.566029,0.68111897,-0.6164424,-0.49672258,-0.049933337,0.7219752,0.5373157
2025-04-24 18:00:00,0.9934129,1.3002244,0.5598551,1.0102633,1.0613712,-0.50028497,0.7780672,-0.45642632,1.1577942,-1.0065868,0.7332226,-0.45761916,-0.053165723,0.32517287,-0.6439162,0.37272102,0.72483873,0.31111744,-1.4307454,0.5905781,-0.079333484,0.11482793,-0.5073603,-0.7373404,0.13434765,0.5554364,0.6728144,-0.60289204,-0.49229085,-0.043112136,0.7106498,0.53653103
2025-04-24 19:00:00,0.98463315,1.2901287,0.5565714,0.9975079,1.0520347,-0.498588,0.766494,-0.45431057,1.143323,-0.99471337,0.7259904,-0.45252088,-0.056979496,0.31964546,-0.6417183,0.37250608,0.71564335,0.3036197,-1.4195855,0.58376753,-0.075659096,0.11497554,-0.50244695,-0.7287019,0.1351606,0.5465559,0.66578335,-0.59331965,-0.48949283,-0.037670694,0.7024301,0.53490174
2025-04-25 13:00:00,0.9793775,1.2829721,0.55401057,0.99002624,1.0466586,-0.4996684,0.7581473,-0.45319882,1.1316428,-0.9885935,0.72084874,-0.44657323,-0.060442585,0.31443745,-0.6397944,0.37334138,0.71115166,0.29772878,-1.412813,0.57918453,-0.070500925,0.11560246,-0.49629572,-0.7250399,0.13327661,0.5414819,0.65805376,-0.58723146,-0.48670977,-0.033972554,0.6979216,0.5353635
2025-04-25 14:00:00,0.9803102,1.2826028,0.5535142,0.99293864,1.0463966,-0.50096816,0.7584909,-0.45349276,1.133691,-0.99090725,0.72121835,-0.44598982,-0.06143822,0.31383702,-0.6394851,0.37284887,0.71410996,0.29826316,-1.4156479,0.57957935,-0.0695325,0.11626428,-0.494936,-0.7274659,0.13064852,0.542572,0.6556811,-0.58832496,-0.48597717,-0.033851378,0.6997721,0.5362517
2025-04-25 15:00:00,0.98309845,1.2820499,0.55356246,0.9957933,1.0468585,-0.5016182,0.76104134,-0.4543229,1.1359224,-0.9939712,0.7229377,-0.44599566,-0.059880186,0.3149064,-0.64014953,0.37143636,0.71725476,0.30071366,-1.4188547,0.58101225,-0.07245959,0.115424246,-0.49458867,-0.7283127,0.12860233,0.5447814,0.65522677,-0.5890251,-0.48502475,-0.034177862,0.70076,0.53652173
2025-04-25 16:00:00,0.98245925,1.2791344,0.5526412,0.99284434,1.0454842,-0.50157535,0.7597508,-0.45412838,1.1319679,-0.9922984,0.72285825,-0.444199,-0.058553565,0.31514373,-0.64010686,0.37039888,0.7160888,0.30083403,-1.4171966,0.58008975,-0.074620575,0.11418882,-0.49337924,-0.7256728,0.1285576,0.5441546,0.6535087,-0.58651,-0.48343557,-0.033100568,0.697993,0.5364904
2025-04-25 17:00:00,0.98189366,1.2780714,0.55213225,0.991354,1.0456338,-0.5015366,0.75875694,-0.45376757,1.1297574,-0.99138683,0.72330284,-0.442511,-0.0577917,0.31537613,-0.63977265,0.37018478,0.71582544,0.30114847,-1.4168872,0.5790349,-0.07548256,0.11391617,-0.49296606,-0.7246712,0.12855643,0.5441629,0.65120167,-0.5856262,-0.4825194,-0.032666244,0.6965671,0.5373533
2025-04-25 18:00:00,0.9794467,1.2813019,0.55193526,0.9938987,1.0457829,-0.4994608,0.7605542,-0.45213905,1.1367166,-0.9912604,0.7243496,-0.44644013,-0.057332713,0.31788072,-0.63874227,0.36813903,0.7165957,0.3033018,-1.4183995,0.5805249,-0.07681282,0.114718005,-0.49631745,-0.7250206,0.13168317,0.54488343,0.65316314,-0.589375,-0.48494637,-0.03408385,0.69879854,0.53567153
2025-04-25 19:00:00,0.9699459,1.2737911,0.54898137,0.98303014,1.0388726,-0.49974248,0.75051624,-0.44919208,1.1221719,-0.981283,0.71715033,-0.44140348,-0.060021628,0.31394896,-0.63615185,0.36783153,0.70795274,0.2957882,-1.4060069,0.5767431,-0.071420565,0.114246294,-0.4909154,-0.71772885,0.13401297,0.5376803,0.648688,-0.58266646,-0.48359913,-0.030690618,0.69232184,0.5330344
2025-04-28 13:00:00,0.9628064,1.2656608,0.54634255,0.9739381,1.0322623,-0.49993145,0.74112797,-0.4471064,1.1082903,-0.9724464,0.7103831,-0.43640977,-0.06321372,0.3090332,-0.6342745,0.36834854,0.7016496,0.28903002,-1.3962708,0.57218534,-0.0657763,0.11456241,-0.48570848,-0.712812,0.1334902,0.5309718,0.6430251,-0.5757695,-0.48095238,-0.026706643,0.68613017,0.5315718
2025-04-28 14:00:00,0.9568593,1.2626948,0.5447506,0.9713216,1.026474,-0.49733555,0.7377824,-0.4447737,1.1071779,-0.9671323,0.7067095,-0.43846756,-0.065123245,0.30780867,-0.63281614,0.36641216,0.69844615,0.28738135,-1.392092,0.5707946,-0.06406635,0.11569066,-0.48563516,-0.71024984,0.13508373,0.5269925,0.6424823,-0.5746804,-0.48108965,-0.02519577,0.6844976,0.5280627
2025-04-28 15:00:00,0.9555071,1.2630994,0.54453164,0.9739546,1.0242829,-0.49290416,0.7413291,-0.44360897,1.1131175,-0.9673317,0.70671797,-0.44349295,-0.06337778,0.30893263,-0.63264483,0.36328346,0.69935274,0.29141277,-1.3932655,0.5717551,-0.067392215,0.115596026,-0.48758367,-0.70938414,0.13607538,0.52727723,0.64421904,-0.57779956,-0.48235345,-0.026021399,0.6861429,0.5241213
2025-04-28 16:00:00,0.94985193,1.2592655,0.54251146,0.96797985,1.0199645,-0.4913821,0.73769015,-0.44130412,1.1061015,-0.9622492,0.7034423,-0.44189513,-0.06339334,0.30709183,-0.63126355,0.36190152,0.69460475,0.28952733,-1.3866134,0.5692219,-0.06635815,0.11476216,-0.48473445,-0.70474535,0.1376974,0.52382225,0.6415899,-0.575358,-0.48137546,-0.024290226,0.68239105,0.5216609
2025-04-28 17:00:00,0.9424902,1.2511085,0.53952426,0.9576614,1.0132104,-0.49032098,0.72967595,-0.43891028,1.0922433,-0.95318645,0.6981665,-0.4373533,-0.06483631,0.30322915,-0.6295557,0.36120266,0.6873014,0.28440607,-1.3762221,0.56398475,-0.06411296,0.11365509,-0.4803778,-0.6977059,0.13822465,0.5173115,0.6363911,-0.56841075,-0.47857368,-0.020234562,0.6749073,0.51984745
2025-04-28 18:00:00,0.9444955,1.2481587,0.5392181,0.95754445,1.0135082,-0.48945642,0.7306362,-0.43946823,1.0896089,-0.9540747,0.69932395,-0.43512353,-0.063553825,0.3021092,-0.6298941,0.36089075,0.6886338,0.2861817,-1.3773739,0.56162924,-0.06688799,0.11302242,-0.47943908,-0.6972206,0.13446662,0.5180087,0.63236207,-0.56672186,-0.47621596,-0.01890365,0.6728629,0.5218907
2025-04-28 19:00:00,0.94390106,1.2458489,0.53819287,0.95558983,1.0134113,-0.4912042,0.728578,-0.43947297,1.0853838,-0.9534383,0.7000656,-0.4315811,-0.06363852,0.3016393,-0.6290259,0.36125284,0.68801254,0.28539082,-1.3762267,0.5600856,-0.06756082,0.11275932,-0.47799096,-0.69616276,0.132976,0.5175888,0.6285015,-0.56445175,-0.47421026,-0.017633371,0.67020655,0.5244138
2025-04-29 13:00:00,0.9386585,1.24206,0.53610945,0.9505292,1.0101807,-0.4932119,0.7221511,-0.43810812,1.0780206,-0.9484621,0.6972636,-0.42769766,-0.06584866,0.30021957,-0.6270297,0.36165595,0.6844008,0.28097108,-1.3706458,0.5582301,-0.06440604,0.11314623,-0.47537288,-0.6935318,0.13368581,0.5141087,0.6249231,-0.5609669,-0.47305065,-0.015719898,0.66658115,0.52481514
2025-04-29 14:00:00,0.9429541,1.2458963,0.5374176,0.9585752,1.0145602,-0.49448478,0.72670233,-0.43916863,1.0857852,-0.95495075,0.70051205,-0.4287804,-0.065352395,0.30192894,-0.6272769,0.3620813,0.6909866,0.28449467,-1.378046,0.56103194,-0.06478377,0.114270285,-0.47645915,-0.69943935,0.13078448,0.51876813,0.62485904,-0.5658836,-0.4738146,-0.017951407,0.67155105,0.5270273
2025-04-29 15:00:00,0.9475378,1.2473521,0.53855944,0.9635193,1.0176098,-0.4956608,0.7309639,-0.44064406,1.0902611,-0.95988834,0.70357037,-0.42938483,-0.06332688,0.3041499,-0.62815315,0.36155993,0.69520843,0.28766477,-1.3830765,0.5639461,-0.06816718,0.11369878,-0.47747245,-0.70182073,0.12877798,0.52243966,0.62615025,-0.567724,-0.47363895,-0.019272171,0.67360914,0.52841836
2025-04-29 16:00:00,0.94592565,1.2456144,0.5378814,0.9606854,1.0164634,-0.4954488,0.7294857,-0.44026807,1.0877557,-0.9574748,0.7029908,-0.42886263,-0.06258176,0.30493104,-0.6278922,0.36094493,0.69313836,0.28706777,-1.3807323,0.5637711,-0.06960197,0.11299524,-0.47753495,-0.69926214,0.1302104,0.5212485,0.6264634,-0.5657615,-0.47339767,-0.018723749,0.67121065,0.52786934
2025-04-29 17:00:00,0.94159,1.2432466,0.53668493,0.95599073,1.0136119,-0.49368516,0.72617596,-0.4388425,1.0838677,-0.9524404,0.70058656,-0.4284815,-0.06291123,0.3043268,-0.62703776,0.3602652,0.6892365,0.2852256,-1.3760743,0.5619121,-0.06939657,0.11287966,-0.47737724,-0.6953612,0.13257572,0.51818544,0.6255845,-0.56343573,-0.47358823,-0.017626189,0.66825736,0.52621526
2025-04-29 18:00:00,0.941002,1.2426026,0.5364686,0.95543206,1.0140939,-0.49402875,0.724935,-0.438655,1.0814381,-0.95210606,0.69990623,-0.42650297,-0.0634812,0.30306295,-0.6264387,0.36113226,0.689148,0.28438994,-1.3754373,0.5607814,-0.06762765,0.11345188,-0.47605428,-0.69562024,0.13168456,0.51790595,0.6228824,-0.56308645,-0.47307038,-0.01733262,0.66802096,0.52723205
2025-04-29 19:00:00,0.93170744,1.2342373,0.5331157,0.9439006,1.0062487,-0.49534994,0.7135659,-0.43631187,1.0662125,-0.9412232,0.6926314,-0.42123768,-0.06726141,0.29881442,-0.6242198,0.36129403,0.6801536,0.27574202,-1.3627696,0.55650413,-0.062108383,0.11326431,-0.47128692,-0.688372,0.13364786,0.5096664,0.6185858,-0.5549003,-0.47096854,-0.013091616,0.66049993,0.5252629
2025-04-30 13:00:00,0.92244315,1.2257962,0.5297575,0.9335395,0.9978264,-0.49564677,0.7024659,-0.43365315,1.0517766,-0.9304536,0.6845781,-0.41667536,-0.071723714,0.29359204,-0.6220915,0.36173707,0.6725674,0.26750728,-1.351204,0.551685,-0.055234313,0.11428909,-0.4658663,-0.6827125,0.13450274,0.50143886,0.61333776,-0.5477378,-0.46876585,-0.008618437,0.65402067,0.5228726
2025-04-30 14:00:00,0.93289393,1.2354773,0.53301936,0.95105064,1.0064031,-0.49517974,0.71529764,-0.43609527,1.072284,-0.94485545,0.6920788,-0.4232495,-0.069932535,0.29699394,-0.6239696,0.36152822,0.6859679,0.2773003,-1.3678528,0.5570941,-0.058019385,0.11633098,-0.47027403,-0.69465894,0.12931415,0.5113162,0.6163382,-0.5592623,-0.4710946,-0.013633825,0.6654216,0.5254926
2025-04-30 15:00:00,0.9429523,1.2444961,0.53609556,0.96569884,1.0147748,-0.49790385,0.7273635,-0.43853268,1.0885394,-0.9585459,0.6999029,-0.42786625,-0.06644778,0.30227146,-0.62593734,0.360933,0.6969316,0.285464,-1.3813088,0.5646165,-0.062568024,0.116361156,-0.4739874,-0.7036563,0.12665986,0.521122,0.62161356,-0.5685744,-0.47284907,-0.018680595,0.67433894,0.52766496
2025-04-30 16:00:00,0.940975,1.2452412,0.53574437,0.96476436,1.0139087,-0.49903527,0.7268452,-0.4376715,1.0883517,-0.9574188,0.69938874,-0.42909038,-0.06583096,0.30442932,-0.6256111,0.36017203,0.69539887,0.28482157,-1.3793634,0.5668943,-0.062105417,0.11589579,-0.47449005,-0.7030445,0.12956913,0.520927,0.62527066,-0.56885874,-0.47358954,-0.019595899,0.6739254,0.52561384
2025-04-30 17:00:00,0.94310457,1.2445335,0.5365592,0.96479434,1.0148859,-0.49803993,0.72851115,-0.43822452,1.0870554,-0.9579886,0.6998552,-0.4291087,-0.06397624,0.3047709,-0.6267483,0.36026758,0.6960185,0.28624392,-1.3801436,0.5669439,-0.06375733,0.11506355,-0.47468084,-0.70301586,0.12879774,0.52179784,0.6260765,-0.56829756,-0.47294015,-0.019679584,0.6732992,0.525418
2025-04-30 18:00:00,0.94320375,1.246703,0.5370093,0.96585584,1.0162472,-0.4975422,0.7297819,-0.4379541,1.0895638,-0.958485,0.7008769,-0.4304954,-0.06349333,0.30581272,-0.62693495,0.36048287,0.6963638,0.28742817,-1.381342,0.5675565,-0.06405021,0.115633756,-0.4765507,-0.70393854,0.13000527,0.5225743,0.62730753,-0.56985664,-0.4736932,-0.02053339,0.6741188,0.5254985
2025-04-30 19:00:00,0.9369436,1.2430212,0.5354025,0.95893574,1.0119352,-0.49777904,0.72331554,-0.43617,1.081348,-0.95176256,0.6963954,-0.42818782,-0.06576778,0.30354708,-0.6255848,0.36078817,0.6903237,0.28231016,-1.3735269,0.5653302,-0.06011933,0.11585513,-0.47427124,-0.69975066,0.13239473,0.5176798,0.6258814,-0.5658115,-0.47329283,-0.01856678,0.6702895,0.5237172
2025-05-01 13:00:00,0.95132667,1.2593129,0.5405767,0.98296213,1.0263157,-0.49747622,0.7423603,-0.43942246,1.1109701,-0.97186315,0.7082713,-0.43795907,-0.062027503,0.31032553,-0.62875,0.36093444,0.708302,0.29595318,-1.396387,0.57374793,-0.06547648,0.117697895,-0.48255557,-0.7158014,0.12834331,0.53183395,0.6328458,-0.5831942,-0.47852826,-0.02651354,0.686563,0.52760327
2025-05-01 14:00:00,0.9574489,1.2674353,0.5426951,0.9930881,1.0334957,-0.50258476,0.74963164,-0.4409244,1.1209029,-0.98190975,0.7131276,-0.4399812,-0.060975272,0.31402573,-0.62995577,0.36203885,0.71548605,0.29915187,-1.4043181,0.58067274,-0.06521101,0.118424565,-0.48410642,-0.7235624,0.12759855,0.53879756,0.63764006,-0.59035116,-0.4806478,-0.030555911,0.6935828,0.5298562
2025-05-01 15:00:00,0.95995563,1.2682201,0.5436542,0.9944569,1.0348483,-0.5049297,0.7505813,-0.442096,1.1206087,-0.98358077,0.7135378,-0.4400691,-0.06045862,0.3151919,-0.6310208,0.3630486,0.7165727,0.29870602,-1.4052004,0.5831077,-0.06458114,0.11796278,-0.48442438,-0.7254206,0.12711343,0.540084,0.6411582,-0.5901696,-0.4804536,-0.031449385,0.6940447,0.5297335
2025-05-01 16:00:00,0.96020466,1.2704216,0.5446582,0.9958635,1.0342401,-0.5013197,0.7536841,-0.4419369,1.1265857,-0.9829628,0.7143323,-0.44597563,-0.05871314,0.31790096,-0.63207936,0.36153716,0.7161639,0.30147642,-1.406584,0.58477527,-0.068021744,0.1180505,-0.48896858,-0.7247754,0.13020314,0.5401724,0.64715374,-0.5919885,-0.4823268,-0.032487594,0.69495225,0.52647704
2025-05-01 17:00:00,0.95949894,1.2679367,0.5447088,0.9907732,1.0331887,-0.4994345,0.75216746,-0.4419454,1.1206635,-0.979894,0.7126938,-0.44446936,-0.057913158,0.31614405,-0.6326316,0.36204618,0.71240836,0.30040854,-1.4027493,0.58238864,-0.06850574,0.117021024,-0.48773062,-0.72112256,0.13097928,0.5382156,0.6463694,-0.5887975,-0.4815451,-0.03126946,0.69184613,0.525856
2025-05-01 18:00:00,0.9559559,1.2620877,0.54344213,0.9811145,1.029,-0.49738404,0.74630946,-0.44142935,1.1102598,-0.97256964,0.70956314,-0.44123033,-0.058555026,0.3130543,-0.63235956,0.3623243,0.70541096,0.29668793,-1.3952836,0.5772158,-0.06885956,0.11573169,-0.4860527,-0.7142839,0.13206248,0.5329021,0.6434404,-0.5816518,-0.47936285,-0.02786734,0.6852158,0.5253787
2025-05-01 19:00:00,0.94838774,1.254193,0.5408027,0.96831334,1.0222628,-0.49658045,0.73580134,-0.43979922,1.0953815,-0.96189255,0.7037407,-0.4356089,-0.061690602,0.30814022,-0.63062006,0.36322123,0.69593376,0.28932363,-1.3838744,0.5704775,-0.06540944,0.11534691,-0.4821457,-0.70624375,0.13365942,0.52488416,0.6376887,-0.5727712,-0.4769047,-0.023254894,0.6770792,0.5249371
2025-05-02 13:00:00,0.9451953,1.2548249,0.5403104,0.9682084,1.0194516,-0.49286985,0.73536795,-0.43856627,1.0997586,-0.9594833,0.7028564,-0.43897673,-0.06285444,0.30791873,-0.62960345,0.36176026,0.69461054,0.28981996,-1.3835298,0.56913894,-0.06569295,0.11642566,-0.48435104,-0.70506495,0.13566732,0.5231397,0.637857,-0.5740084,-0.4783833,-0.023075,0.6778443,0.52292734
2025-05-02 14:00:00,0.94098616,1.2558837,0.53948313,0.9682925,1.017423,-0.49245572,0.7340898,-0.4369425,1.1010855,-0.95859665,0.7007928,-0.4400036,-0.06465012,0.30700806,-0.62781745,0.361098,0.693433,0.28849134,-1.3817356,0.56923664,-0.061977506,0.11756863,-0.48284096,-0.7056752,0.137289,0.5220731,0.63736,-0.57629913,-0.47993428,-0.023424976,0.67984235,0.5211236
2025-05-02 15:00:00,0.9327547,1.2459219,0.5363505,0.9564932,1.0084218,-0.49258313,0.7237648,-0.43474013,1.084785,-0.94824094,0.6929341,-0.43479833,-0.06756115,0.30196664,-0.6259666,0.3605767,0.68469775,0.28048843,-1.3688956,0.56461066,-0.057211548,0.11622737,-0.47644353,-0.6978064,0.13788158,0.5138436,0.63307136,-0.56775266,-0.4771313,-0.018877447,0.6722178,0.5177234
2025-05-02 16:00:00,0.9342356,1.2414083,0.5357667,0.95472884,1.0073007,-0.4932022,0.72218657,-0.43558025,1.0784434,-0.94783485,0.6918335,-0.43122944,-0.06787062,0.2990306,-0.6263989,0.36146915,0.68531114,0.27974576,-1.3681254,0.56201875,-0.056372777,0.11583796,-0.47306615,-0.6979021,0.13342732,0.51318246,0.6285922,-0.56459004,-0.47396392,-0.016842969,0.66983443,0.51938355
2025-05-02 17:00:00,0.92767686,1.2319925,0.5324672,0.94313896,0.9998278,-0.49406302,0.71257997,-0.434155,1.0631661,-0.9382184,0.6868318,-0.42566434,-0.07010265,0.29539362,-0.6251373,0.36119896,0.67745554,0.273333,-1.3574607,0.557003,-0.054808885,0.11476515,-0.46855804,-0.6902154,0.13376619,0.5059284,0.6234787,-0.5553288,-0.4702651,-0.011860654,0.6610898,0.5186386
2025-05-02 18:00:00,0.9204012,1.2208055,0.5285848,0.9296786,0.99187744,-0.4938587,0.7017984,-0.4325759,1.0448483,-0.9272215,0.68090516,-0.4186957,-0.072408974,0.29041734,-0.623824,0.3612947,0.66915333,0.2664192,-1.3456221,0.54989684,-0.05308546,0.11372268,-0.4626469,-0.68171984,0.13342711,0.4977974,0.61592036,-0.5449427,-0.46609712,-0.00582755,0.65131956,0.5183439
2025-05-02 19:00:00,0.91336596,1.2145181,0.525264,0.9215264,0.9858424,-0.4940047,0.69332856,-0.43072155,1.0343139,-0.91932315,0.67636794,-0.414264,-0.07539524,0.28679332,-0.6218863,0.36136228,0.6640178,0.26126412,-1.337956,0.5451534,-0.049534053,0.11481267,-0.45893067,-0.67710316,0.13378093,0.49218175,0.6094881,-0.53966004,-0.4638011,-0.0021344945,0.64580345,0.5181243
2025-05-05 13:00:00,0.9041413,1.2078557,0.5216402,0.91341466,0.97841305,-0.49510294,0.6834616,-0.4279578,1.0229373,-0.9105421,0.66992074,-0.40988865,-0.07955383,0.28274527,-0.619105,0.36107117,0.65821433,0.2542577,-1.3285365,0.5414498,-0.043320462,0.11623332,-0.45369583,-0.6725863,0.13472717,0.48563346,0.6036368,-0.53466314,-0.46198523,0.0015623719,0.6410054,0.51644427
2025-05-05 14:00:00,0.90120476,1.2027438,0.51964617,0.911026,0.97461426,-0.4961188,0.67924076,-0.42708048,1.0164492,-0.9078007,0.6665782,-0.40692398,-0.08141303,0.27984846,-0.6179453,0.36081308,0.65755117,0.251484,-1.3252554,0.53969795,-0.03999363,0.11695185,-0.44917458,-0.6719224,0.13215816,0.48317376,0.59904104,-0.53197795,-0.45957303,0.0039281882,0.63906014,0.5160357
2025-05-05 15:00:00,0.8994075,1.197644,0.5178264,0.90835416,0.97118205,-0.49698627,0.67634577,-0.42661598,1.0104845,-0.90552807,0.6645873,-0.4044172,-0.08179791,0.27832904,-0.6174435,0.35993904,0.656634,0.25008005,-1.3223698,0.5382949,-0.03958273,0.11661996,-0.4460246,-0.6702285,0.13020653,0.48129728,0.59569937,-0.52878106,-0.45691198,0.0060641393,0.6361622,0.5157253
2025-05-05 16:00:00,0.89640164,1.1917701,0.51556903,0.90301996,0.96700567,-0.49648866,0.67289555,-0.4257662,1.0030458,-0.90129936,0.6625651,-0.40192223,-0.08138786,0.27722695,-0.6170559,0.358508,0.65371,0.24882992,-1.3176527,0.535672,-0.041078478,0.11558096,-0.44367445,-0.66604763,0.12985855,0.47845992,0.5924294,-0.52434707,-0.45440376,0.008633494,0.6313611,0.51503766
2025-05-05 17:00:00,0.8873406,1.1832521,0.5114653,0.89137214,0.95915055,-0.49506372,0.66424465,-0.42302033,0.98957425,-0.890719,0.657251,-0.39794868,-0.08251716,0.27459344,-0.6154418,0.35681272,0.6456326,0.24386904,-1.3061836,0.53032476,-0.04067114,0.114602804,-0.4402448,-0.6573622,0.13247511,0.47130263,0.58736706,-0.51710784,-0.4521134,0.012831651,0.62305915,0.5128343
2025-05-05 18:00:00,0.87933964,1.1739591,0.50715756,0.8800622,0.95194143,-0.493151,0.65607214,-0.4206294,0.97518617,-0.8810422,0.6523015,-0.39302728,-0.08358395,0.27089202,-0.6138214,0.35545206,0.6384957,0.23938109,-1.2953595,0.52364445,-0.040594816,0.11380187,-0.43608466,-0.64924026,0.13328332,0.46442068,0.58021575,-0.5095344,-0.44906175,0.017776556,0.61460286,0.51179475
2025-05-05 19:00:00,0.8704219,1.1693761,0.5035272,0.87332666,0.94524246,-0.49105933,0.6494813,-0.41760477,0.96899825,-0.8729103,0.64790076,-0.39139882,-0.08564043,0.26866922,-0.61127687,0.35370463,0.633238,0.23599756,-1.2875617,0.5194992,-0.03852977,0.11505914,-0.43466938,-0.64363664,0.1356903,0.4591776,0.57530826,-0.50670016,-0.44819978,0.020107716,0.6099547,0.50949347
2025-05-06 13:00:00,0.8631988,1.1655543,0.50082684,0.8694134,0.93976164,-0.4893875,0.64474744,-0.4148151,0.964613,-0.8674207,0.64384574,-0.3903369,-0.08736248,0.26666066,-0.60865957,0.35196906,0.629866,0.2334709,-1.2816728,0.5169706,-0.03578137,0.11610238,-0.43210927,-0.64012784,0.13676152,0.45538166,0.5713344,-0.505368,-0.44751972,0.02175717,0.60756135,0.5068441
2025-05-06 14:00:00,0.86615366,1.1687454,0.50160056,0.8777155,0.94266486,-0.48927462,0.64967793,-0.41511327,0.9727158,-0.87390774,0.64643836,-0.39210913,-0.08658068,0.2677892,-0.607568,0.35116738,0.63600695,0.23804453,-1.2884684,0.5193311,-0.035414398,0.11741227,-0.4322951,-0.6457419,0.13334185,0.46003976,0.57037765,-0.5109847,-0.4476018,0.019405454,0.6124953,0.50758
2025-05-06 15:00:00,0.86352056,1.1640576,0.50017124,0.87507915,0.93995816,-0.49167642,0.6463627,-0.4142763,0.96554,-0.87183416,0.64429134,-0.38866892,-0.08674489,0.2670651,-0.60604894,0.35040516,0.6341899,0.23564124,-1.2842085,0.5192901,-0.033919945,0.11629942,-0.42883316,-0.6440572,0.13233289,0.4582963,0.56801033,-0.50796556,-0.44535056,0.020858943,0.60947835,0.50731677
2025-05-06 16:00:00,0.8625564,1.1645043,0.5000924,0.87742007,0.93904066,-0.49016815,0.64792067,-0.41324624,0.96940607,-0.8719744,0.64438987,-0.3911505,-0.085967466,0.26887938,-0.6054704,0.34888756,0.6354068,0.23783994,-1.2855726,0.5206352,-0.034890175,0.11678012,-0.43035942,-0.6448615,0.13265085,0.45910737,0.5693446,-0.50998586,-0.44585764,0.019622464,0.61019135,0.5055634
2025-05-06 17:00:00,0.85956985,1.162322,0.49931064,0.87546206,0.93677545,-0.48843837,0.64727193,-0.41173464,0.9674782,-0.86947554,0.64283663,-0.3915098,-0.085065454,0.26920587,-0.6047459,0.34739643,0.63336074,0.23814015,-1.2826333,0.5203766,-0.03587605,0.11621283,-0.4299226,-0.64225835,0.13374947,0.45777646,0.5690978,-0.5091793,-0.44576418,0.019775826,0.6084069,0.50334567
2025-05-06 18:00:00,0.8574261,1.1598506,0.49836862,0.87322855,0.9356405,-0.4879565,0.6457419,-0.4108351,0.96325153,-0.867542,0.6416523,-0.3896983,-0.084693104,0.2684617,-0.6039006,0.34706748,0.6318947,0.23779795,-1.2799222,0.5190063,-0.035617992,0.11595711,-0.4286371,-0.6407141,0.13345209,0.45664132,0.5667166,-0.5077359,-0.4446463,0.020472512,0.60619724,0.50313574
2025-05-06 19:00:00,0.8515268,1.154394,0.49599534,0.86666787,0.93151945,-0.48912328,0.63897544,-0.40917632,0.952782,-0.8612535,0.6376774,-0.3853779,-0.086470604,0.26602143,-0.602173,0.34722185,0.6271391,0.23315945,-1.2722038,0.5161834,-0.03239104,0.11593783,-0.42544234,-0.63691205,0.13401213,0.4520995,0.56261253,-0.50314355,-0.44264513,0.023006849,0.60125387,0.50277215
2025-05-07 13:00:00,0.84671223,1.1531239,0.49480373,0.8655051,0.92810714,-0.4879838,0.63609624,-0.40714282,0.9522174,-0.8575178,0.63489753,-0.3862591,-0.08827151,0.26537257,-0.60069674,0.34649885,0.62537795,0.23150635,-1.269347,0.51565915,-0.029689627,0.11747064,-0.42513174,-0.6360309,0.135187,0.44972908,0.56192374,-0.50324655,-0.44291052,0.023346744,0.6006319,0.500605
2025-05-07 14:00:00,0.8415958,1.1507381,0.49361143,0.8634908,0.9240578,-0.4866729,0.6332533,-0.40486243,0.9499046,-0.8536165,0.6313028,-0.3869138,-0.089681044,0.2642479,-0.59925234,0.34549737,0.62290907,0.22952366,-1.2652268,0.51525265,-0.026857527,0.11831421,-0.42322177,-0.6343572,0.13631105,0.44686386,0.5613681,-0.50281495,-0.44294563,0.023954868,0.5998379,0.49739867
2025-05-07 15:00:00,0.84061056,1.1503853,0.4935709,0.8653859,0.92223847,-0.4832285,0.6357463,-0.4035899,0.953762,-0.8535809,0.63077307,-0.39055356,-0.08857152,0.26501265,-0.5989937,0.3435905,0.6234094,0.2322918,-1.2658818,0.51600605,-0.02839102,0.11838257,-0.42396775,-0.6340998,0.13642262,0.44695386,0.56288457,-0.5047279,-0.44338742,0.023085594,0.6007464,0.49401808
2025-05-07 16:00:00,0.837702,1.1460243,0.4920751,0.8608962,0.9198846,-0.48331064,0.63299465,-0.4024534,0.9457714,-0.85059565,0.6285813,-0.38745007,-0.08850509,0.26313803,-0.59811,0.34326774,0.620435,0.23060139,-1.2606937,0.5137915,-0.027477087,0.11740589,-0.4207096,-0.63132674,0.13591449,0.4445941,0.559853,-0.501593,-0.44137877,0.024921503,0.5970862,0.4935828
2025-05-07 17:00:00,0.8403177,1.1423513,0.49159032,0.8600707,0.92013544,-0.4826571,0.6347179,-0.40336865,0.9425128,-0.8518797,0.6303033,-0.38534865,-0.086274564,0.26294565,-0.598766,0.3424039,0.621029,0.2331197,-1.2610098,0.5116839,-0.032098696,0.11576748,-0.42065287,-0.6300394,0.13266283,0.4454833,0.5572661,-0.4987399,-0.4386128,0.02634374,0.5938209,0.4955922
2025-05-07 18:00:00,0.8450498,1.1525578,0.49387404,0.8725246,0.92619556,-0.47928736,0.64556,-0.40386167,0.96353585,-0.8605005,0.6376376,-0.393937,-0.08320163,0.2691423,-0.59857535,0.3406788,0.6284015,0.24260943,-1.2729387,0.5165814,-0.038005203,0.11697811,-0.4291758,-0.6358941,0.13358293,0.4530795,0.5624404,-0.5086943,-0.44260985,0.020360455,0.6013108,0.4956467
2025-05-07 19:00:00,0.8552873,1.1670632,0.49878803,0.89163625,0.93848795,-0.47863144,0.66143626,-0.4057864,0.98840314,-0.87678516,0.64773226,-0.40194538,-0.07840447,0.27661368,-0.59932715,0.34007305,0.6410537,0.25431147,-1.2907958,0.5253492,-0.0433553,0.11753541,-0.43601415,-0.64681286,0.1325481,0.46574083,0.56934947,-0.52336353,-0.447836,0.012517106,0.61422235,0.49762785
2025-05-08 13:00:00,0.8745156,1.1886098,0.5068578,0.9216188,0.9591873,-0.48130715,0.68548554,-0.4100757,1.023606,-0.9032709,0.6640588,-0.41204664,-0.071532845,0.28755718,-0.6024827,0.34065413,0.66267985,0.27079913,-1.3193579,0.5391334,-0.05105023,0.117966145,-0.44622377,-0.6656495,0.12879981,0.48554316,0.58002853,-0.54437095,-0.45439893,0.0014270619,0.63351524,0.5034345
2025-05-08 14:00:00,0.8839311,1.2006094,0.51179504,0.935425,0.97100836,-0.48678666,0.6956108,-0.4124734,1.038123,-0.91624475,0.6715652,-0.41569415,-0.06859669,0.29427674,-0.60435504,0.34245896,0.67197514,0.2758156,-1.3318181,0.54923177,-0.052267134,0.11809124,-0.45092452,-0.6758116,0.12899767,0.49523038,0.5888491,-0.5540558,-0.4583435,-0.0045626424,0.6427924,0.50692075
2025-05-08 15:00:00,0.8990406,1.2152984,0.51850533,0.95503455,0.98582274,-0.48946372,0.71181923,-0.41655567,1.060529,-0.93336445,0.6821892,-0.4232578,-0.063829884,0.30210423,-0.6086211,0.34430116,0.6862596,0.28573248,-1.3510494,0.559747,-0.05759628,0.11850342,-0.45943823,-0.689079,0.12687898,0.5079864,0.59974384,-0.56676155,-0.46319556,-0.01185149,0.65522397,0.5107046
2025-05-08 16:00:00,0.91268873,1.2289228,0.5245584,0.9708776,0.9999459,-0.49334016,0.7253295,-0.42060626,1.0785857,-0.94852954,0.6917198,-0.42852202,-0.06019016,0.30854705,-0.61275154,0.3471524,0.69783604,0.29337242,-1.367201,0.56898874,-0.061386943,0.1192275,-0.4663841,-0.7006133,0.12570329,0.5191412,0.60912967,-0.57724106,-0.46733403,-0.018171348,0.6658554,0.51529336
2025-05-08 17:00:00,0.9141221,1.2283233,0.5260343,0.9656145,1.0011281,-0.4956254,0.7220898,-0.42246982,1.0725529,-0.94591594,0.69055927,-0.42648032,-0.060688052,0.3083272,-0.6142857,0.3496871,0.6933424,0.28927952,-1.3637047,0.56964594,-0.060303345,0.11838707,-0.46687365,-0.69833463,0.1277194,0.5170783,0.6131676,-0.57253665,-0.46755612,-0.017726302,0.66302747,0.5159344
2025-05-08 18:00:00,0.9108886,1.2237735,0.52583784,0.9549943,0.99709576,-0.4940955,0.71479696,-0.42269456,1.0625248,-0.9371154,0.68582666,-0.42448726,-0.06275734,0.30520362,-0.61519444,0.3515206,0.6848159,0.28324226,-1.3553848,0.56551397,-0.058437124,0.11786166,-0.46643466,-0.6919043,0.13069618,0.51042867,0.6140991,-0.5647563,-0.46706825,-0.014827557,0.65720725,0.5144232
2025-05-08 19:00:00,0.9075075,1.2185931,0.52483565,0.94495106,0.993429,-0.49469212,0.70612663,-0.42302454,1.0497432,-0.9296039,0.680496,-0.41925368,-0.06668475,0.29944766,-0.6151732,0.3547064,0.67765987,0.2757888,-1.3469679,0.5600973,-0.052883282,0.118303716,-0.4627127,-0.6874998,0.13097581,0.50406516,0.61021745,-0.5570056,-0.4652713,-0.011317588,0.6521081,0.51518744
2025-05-09 13:00:00,0.9080703,1.2211792,0.5255051,0.9466918,0.9922398,-0.49175635,0.70764816,-0.4234344,1.0567298,-0.92958057,0.6806617,-0.4240786,-0.06806965,0.29918218,-0.61601466,0.3544386,0.67759186,0.27652374,-1.3491493,0.5597431,-0.05329244,0.11940016,-0.46580863,-0.6881126,0.13239418,0.5034039,0.6133263,-0.55845946,-0.467129,-0.011595748,0.6546701,0.51361525
2025-05-09 14:00:00,0.911837,1.2233698,0.52655005,0.9490807,0.9940272,-0.49178582,0.7107447,-0.4250318,1.0601182,-0.9333715,0.6819833,-0.42489523,-0.06780641,0.2983935,-0.617379,0.35504544,0.6795812,0.2778407,-1.3521374,0.5601184,-0.053719684,0.11901355,-0.46551573,-0.6898933,0.13122338,0.505416,0.6141953,-0.560001,-0.46770394,-0.012317747,0.65742236,0.5142303
2025-05-09 15:00:00,0.91121596,1.2211194,0.5259136,0.9445296,0.99192023,-0.49265304,0.7077171,-0.4255306,1.0548711,-0.93105954,0.6805151,-0.42275408,-0.06874503,0.296548,-0.61769027,0.3555367,0.6766585,0.27507907,-1.3487228,0.55813783,-0.05266732,0.11797494,-0.46368566,-0.68748635,0.13152337,0.50323546,0.61344427,-0.5564668,-0.4664938,-0.01078853,0.65504116,0.5141887
2025-05-09 16:00:00,0.90766996,1.2147565,0.52417964,0.93496436,0.98639214,-0.4912617,0.70165807,-0.4251279,1.0447125,-0.9238111,0.6769332,-0.41989934,-0.06973605,0.29369727,-0.6178065,0.3551451,0.670177,0.27092108,-1.3410625,0.55352527,-0.052952245,0.11632244,-0.46138355,-0.68072283,0.13268758,0.49772677,0.6112368,-0.54934657,-0.4644916,-0.0071935356,0.64884514,0.51277155
2025-05-09 17:00:00,0.90161806,1.2066679,0.5212848,0.92253494,0.97984886,-0.49027607,0.69261974,-0.4240062,1.0300934,-0.9142011,0.6719358,-0.41459408,-0.07188068,0.28918034,-0.6169813,0.35540122,0.6620563,0.26481107,-1.3306049,0.5468323,-0.05131468,0.115253985,-0.45725766,-0.6728546,0.13377202,0.49050918,0.6056325,-0.54071295,-0.4617415,-0.002427686,0.6409541,0.5122254
2025-05-09 18:00:00,0.895219,1.1973329,0.51776075,0.90987015,0.9724353,-0.4888742,0.6834331,-0.42280534,1.015213,-0.904211,0.6669285,-0.40915266,-0.07399781,0.2844489,-0.6160781,0.35502052,0.6539752,0.25884587,-1.319881,0.53945804,-0.050779417,0.1140544,-0.4530866,-0.66423184,0.13423038,0.4829149,0.5990528,-0.5314214,-0.45856285,0.0030629262,0.63234377,0.5118012
2025-05-09 19:00:00,0.8881897,1.1896594,0.5140082,0.89922273,0.9657954,-0.48900422,0.67391986,-0.421396,1.0017639,-0.8954131,0.662093,-0.40330806,-0.07697891,0.27984393,-0.614245,0.3551829,0.647322,0.25261936,-1.3102598,0.53300595,-0.04786931,0.114143565,-0.4485921,-0.6577837,0.1345605,0.4762309,0.59153503,-0.5241666,-0.45569432,0.007725671,0.6253562,0.51207614
2025-05-12 13:00:00,0.8777439,1.1808606,0.50941837,0.88742125,0.9567204,-0.49022332,0.6613546,-0.41874954,0.98614115,-0.8840418,0.65465355,-0.39706597,-0.08164869,0.27458256,-0.6113954,0.35507274,0.6393136,0.24364847,-1.2977804,0.5270651,-0.041645452,0.11492212,-0.44262457,-0.65078443,0.13594468,0.46766478,0.583987,-0.51658773,-0.45302552,0.012835871,0.61807144,0.51079476
2025-05-12 14:00:00,0.8775762,1.1826038,0.5089084,0.89235044,0.95691127,-0.49163648,0.66121274,-0.41857085,0.990107,-0.88690454,0.6543894,-0.39733317,-0.08430743,0.27334556,-0.60979766,0.35550463,0.64352906,0.24377766,-1.3015741,0.5279595,-0.036701724,0.1178042,-0.44054544,-0.6562202,0.13306576,0.46930996,0.58129853,-0.52022594,-0.45290425,0.012355987,0.6221277,0.5117116
2025-05-12 15:00:00,0.87915486,1.1827747,0.5090433,0.89721334,0.9568184,-0.49419323,0.662715,-0.4188691,0.99287444,-0.8905286,0.65449536,-0.39775088,-0.08480568,0.27367607,-0.60928595,0.354909,0.64734256,0.24427782,-1.3046474,0.5308961,-0.034850016,0.11823501,-0.43851587,-0.66003317,0.13033915,0.47139522,0.5815132,-0.52225006,-0.45223218,0.011603273,0.6251595,0.51147276
2025-05-12 16:00:00,0.8772451,1.1787791,0.5078932,0.8947623,0.95383555,-0.4963529,0.6596077,-0.41832826,0.98669726,-0.8883373,0.6519028,-0.39550778,-0.08535007,0.27287716,-0.6088239,0.35458237,0.6463506,0.24190164,-1.3014494,0.53126305,-0.03254062,0.117807105,-0.43507278,-0.6593715,0.1295764,0.4697478,0.58044004,-0.5196881,-0.45034584,0.012749955,0.6231098,0.5103529
2025-05-12 17:00:00,0.880809,1.1791782,0.5086198,0.89843154,0.9555599,-0.496955,0.66260517,-0.41926956,0.988861,-0.8918763,0.65368956,-0.3958953,-0.083880275,0.2739253,-0.6098834,0.35447305,0.65017736,0.24488196,-1.3056359,0.5327261,-0.033768743,0.11787319,-0.43521872,-0.6624197,0.1271021,0.47263008,0.580537,-0.521098,-0.44918102,0.011884134,0.6245047,0.51117927
2025-05-12 18:00:00,0.87627536,1.17335,0.50648606,0.89093053,0.95142114,-0.4980782,0.65665907,-0.41816905,0.97812766,-0.8857168,0.650371,-0.39209375,-0.08444731,0.27249253,-0.6092567,0.35415578,0.6451382,0.24098666,-1.2983382,0.5305845,-0.03264554,0.1169301,-0.43235818,-0.6576967,0.12837066,0.46851727,0.57794195,-0.5155264,-0.44698638,0.014432654,0.618969,0.5104003
2025-05-12 19:00:00,0.86951166,1.1685202,0.50399816,0.88360596,0.94635385,-0.49787882,0.6495476,-0.41600445,0.9688837,-0.8779625,0.6457437,-0.38934365,-0.08658035,0.27019215,-0.6080384,0.35406375,0.64005136,0.23635085,-1.2907816,0.5274603,-0.029230373,0.117737934,-0.42976898,-0.6534859,0.1303012,0.46338227,0.5746736,-0.51133674,-0.4457002,0.017014924,0.61435604,0.5088222
2025-05-13 13:00:00,0.866954,1.1667445,0.5028312,0.8825805,0.94491476,-0.49907562,0.64630425,-0.41517457,0.964847,-0.8761326,0.6434152,-0.38726613,-0.0886412,0.26794574,-0.6070817,0.35486877,0.639782,0.23403305,-1.288817,0.5264564,-0.025015088,0.119398266,-0.42702565,-0.6543016,0.12902944,0.46195477,0.5713872,-0.51046133,-0.44444,0.018205125,0.61385083,0.5091252
2025-05-13 14:00:00,0.8748839,1.1746467,0.50552064,0.8966172,0.9510568,-0.49838036,0.65709406,-0.41677615,0.98261875,-0.88737637,0.6495522,-0.3938156,-0.086572155,0.27194157,-0.6084723,0.35395348,0.6495714,0.2421495,-1.3019041,0.5317005,-0.028516816,0.12058656,-0.43150684,-0.6628148,0.12583835,0.46987522,0.5760078,-0.51938105,-0.4465621,0.013868745,0.62256324,0.51006526
2025-05-13 15:00:00,0.8756828,1.1753272,0.50583357,0.89818275,0.9519548,-0.5004918,0.65833026,-0.41692606,0.9828413,-0.8894553,0.6499805,-0.39342675,-0.08566195,0.2731152,-0.60852385,0.3537643,0.6504045,0.24245629,-1.3023503,0.5341907,-0.02827035,0.11996755,-0.43083724,-0.663838,0.12599663,0.4714475,0.5774196,-0.520097,-0.446546,0.012720108,0.62337655,0.5098419
2025-05-13 16:00:00,0.87201846,1.172328,0.50483084,0.8937597,0.9492246,-0.50137377,0.6541098,-0.41578472,0.97618526,-0.88508624,0.6468839,-0.39148995,-0.0866196,0.27217203,-0.60797477,0.35391384,0.6472297,0.23916535,-1.2973943,0.5333996,-0.02549182,0.11985469,-0.4288857,-0.66175133,0.12728956,0.46860558,0.57690006,-0.5172465,-0.44571435,0.013842199,0.6205472,0.5085035
2025-05-13 17:00:00,0.8673454,1.1651543,0.5028631,0.885264,0.9442409,-0.5007836,0.6476664,-0.41448033,0.96422285,-0.8775779,0.64247847,-0.38793963,-0.08756946,0.26931557,-0.60768455,0.35382336,0.6416601,0.2347623,-1.2891386,0.52975285,-0.02407922,0.11904161,-0.4256662,-0.65635186,0.12788992,0.46318933,0.57375485,-0.5107463,-0.44324368,0.017367378,0.6145147,0.50711805
2025-05-13 18:00:00,0.8615873,1.1601832,0.50060195,0.8781103,0.9391998,-0.49951562,0.6416845,-0.41262293,0.9559626,-0.8703255,0.63853604,-0.38593873,-0.0892939,0.26680672,-0.6069068,0.35352534,0.6366079,0.23106578,-1.2821064,0.5260648,-0.02221583,0.11960107,-0.42363617,-0.6517218,0.12936187,0.45811337,0.57061577,-0.5063892,-0.44173938,0.020296108,0.6097964,0.50567085
2025-05-13 19:00:00,0.8566925,1.1546148,0.4981476,0.87148464,0.9345729,-0.49881592,0.6360932,-0.4111537,0.9469375,-0.8642818,0.63498044,-0.38296315,-0.09074478,0.2637849,-0.6060111,0.35323828,0.632263,0.22751899,-1.2753133,0.5221776,-0.020603376,0.1196661,-0.42054105,-0.64738345,0.12958735,0.4535582,0.56630754,-0.5017524,-0.43959612,0.0234887,0.60524297,0.5048973
2025-05-14 13:00:00,0.85158426,1.1525797,0.49628353,0.86845934,0.9302873,-0.4971066,0.63289416,-0.40911967,0.94506496,-0.8598848,0.63232756,-0.3835219,-0.092375994,0.26263326,-0.6047153,0.3520499,0.62948304,0.22572073,-1.271513,0.5202052,-0.019012125,0.12080203,-0.41967118,-0.6449035,0.13109517,0.45045456,0.56483084,-0.50088304,-0.43943104,0.024789207,0.6035725,0.502809
2025-05-14 14:00:00,0.8502559,1.1522318,0.49554905,0.8695713,0.9294233,-0.49718744,0.6326794,-0.4084214,0.9450508,-0.8603701,0.6315205,-0.38337907,-0.09313035,0.26161754,-0.6037737,0.35176027,0.6303002,0.22564396,-1.2714198,0.520019,-0.016960936,0.12165481,-0.41785434,-0.64615124,0.12996896,0.4505237,0.5631654,-0.5019091,-0.43894172,0.024941672,0.6044499,0.50244737
2025-05-14 15:00:00,0.84899676,1.1494017,0.49460208,0.86837655,0.92730266,-0.497366,0.6315965,-0.40788963,0.9420646,-0.8593214,0.630402,-0.38238624,-0.09300125,0.26100817,-0.6032753,0.35087693,0.6295967,0.22508131,-1.269436,0.5194614,-0.016880678,0.12106031,-0.4161905,-0.64509934,0.1290855,0.44953623,0.5619359,-0.50044554,-0.43754017,0.025882691,0.60293293,0.5016938
2025-05-14 16:00:00,0.84343415,1.1424015,0.49193603,0.86012065,0.9219316,-0.49738234,0.6251943,-0.4062851,0.93053216,-0.85226315,0.62642044,-0.37850633,-0.09379333,0.25879985,-0.602194,0.35011333,0.62415004,0.22100127,-1.2609189,0.5159677,-0.015839757,0.11999233,-0.41272718,-0.63960314,0.13002515,0.4444338,0.5582579,-0.49463123,-0.4351025,0.02910968,0.59680426,0.50048304
2025-05-14 17:00:00,0.8411806,1.1415479,0.49100292,0.8593813,0.9193571,-0.4938063,0.6256811,-0.4048821,0.9327499,-0.8501645,0.62601846,-0.3809488,-0.0931855,0.25948384,-0.601893,0.34823382,0.6232448,0.22284216,-1.2602752,0.514727,-0.018088328,0.120424956,-0.4142547,-0.6375894,0.1311275,0.4434828,0.55825025,-0.49513298,-0.43534133,0.029209629,0.595832,0.4984045
2025-05-14 18:00:00,0.83729404,1.1376381,0.4890251,0.85447955,0.9165686,-0.4932041,0.62235165,-0.4036007,0.9258805,-0.8464571,0.62396574,-0.3781098,-0.093192965,0.25782853,-0.60066545,0.3475147,0.61987114,0.22115207,-1.2549014,0.5119302,-0.017832177,0.11975485,-0.41183576,-0.6338817,0.13159601,0.44083554,0.5544771,-0.49218017,-0.43386242,0.030986547,0.5922435,0.4979719
2025-05-14 19:00:00,0.8332083,1.1344688,0.48710296,0.85086,0.9136613,-0.4932251,0.6184488,-0.4023577,0.92052686,-0.84273154,0.62179327,-0.37569472,-0.09416206,0.25640067,-0.59917307,0.3470372,0.61738455,0.21905845,-1.2505647,0.50965947,-0.016210096,0.1200043,-0.41009516,-0.6315474,0.13180655,0.4383189,0.5511139,-0.49002886,-0.43253297,0.032501955,0.58933735,0.49772346
2025-05-15 13:00:00,0.8296848,1.1325558,0.48569602,0.8496603,0.91186565,-0.49513686,0.614549,-0.40140656,0.91611403,-0.8406221,0.619413,-0.37300822,-0.09627046,0.25465283,-0.59730417,0.34751987,0.61659074,0.21622713,-1.2477428,0.5089363,-0.011892872,0.12127437,-0.40735304,-0.63196903,0.13092403,0.43676582,0.54783815,-0.48915267,-0.4313887,0.033521306,0.58835447,0.49818552
2025-05-15 14:00:00,0.8307371,1.1309834,0.48556715,0.8520097,0.91233784,-0.49823204,0.6136555,-0.40213057,0.9137835,-0.84255743,0.61893916,-0.37040767,-0.09715156,0.2535145,-0.59668493,0.34842896,0.6190903,0.21542881,-1.248787,0.50984985,-0.009215685,0.12182616,-0.4047686,-0.63497406,0.12723683,0.43786946,0.54534143,-0.48873895,-0.42930362,0.03390808,0.5888582,0.5000147
2025-05-15 15:00:00,0.8386087,1.1351225,0.48791516,0.86223054,0.917349,-0.49945712,0.6214098,-0.40445584,0.92452043,-0.85185045,0.62397736,-0.37310424,-0.094779015,0.25676832,-0.59814435,0.3482898,0.6269251,0.22159342,-1.2589763,0.5141226,-0.0127650965,0.12186937,-0.40752983,-0.64141864,0.12317228,0.4446672,0.54799277,-0.49356073,-0.4293054,0.0309446,0.5939614,0.5021892
2025-05-15 16:00:00,0.84026366,1.1371194,0.4886384,0.86538565,0.9192365,-0.50094455,0.6237361,-0.4049312,0.92781764,-0.8546612,0.62546945,-0.37383127,-0.093436345,0.25925776,-0.5982174,0.348154,0.6288295,0.22325028,-1.2615926,0.5171667,-0.013698282,0.12161574,-0.40859693,-0.64327824,0.123517826,0.4473367,0.55020946,-0.4953832,-0.4299843,0.02896015,0.595568,0.5024613
2025-05-15 17:00:00,0.8417538,1.1370721,0.48921078,0.86639464,0.92024344,-0.5003231,0.62559575,-0.40517855,0.92874515,-0.85577315,0.6263675,-0.37422007,-0.091406524,0.2607819,-0.59879863,0.34761977,0.62970245,0.22518016,-1.2628412,0.5182197,-0.015907036,0.1208196,-0.40959275,-0.64322877,0.12355903,0.44878742,0.5512728,-0.49555492,-0.42986578,0.02802699,0.59553933,0.5022185
2025-05-15 18:00:00,0.8379564,1.136289,0.4884815,0.8636167,0.91803765,-0.4979101,0.62433624,-0.40339848,0.9282149,-0.851977,0.6247765,-0.37557417,-0.09086658,0.2616694,-0.5982633,0.34624898,0.6266019,0.22487563,-1.2596049,0.51772887,-0.01679969,0.12075928,-0.41086537,-0.6398936,0.12666908,0.4468883,0.5523159,-0.49496132,-0.43083128,0.027765214,0.5938377,0.49972415
2025-05-15 19:00:00,0.8341303,1.1353872,0.4877233,0.860834,0.9160631,-0.49564278,0.6226177,-0.40164402,0.9264668,-0.84839803,0.6227058,-0.37611833,-0.09109937,0.26105347,-0.59752905,0.34551102,0.6237601,0.22388414,-1.2560709,0.5164418,-0.016031789,0.1210271,-0.4108137,-0.6372096,0.12884896,0.44463634,0.5519079,-0.49441117,-0.4315162,0.028020252,0.5925847,0.49759156
2025-05-16 13:00:00,0.8301534,1.1319964,0.48621273,0.8578603,0.91395044,-0.49650812,0.6184884,-0.4003695,0.9194136,-0.8452076,0.6196576,-0.37271425,-0.09262663,0.25834104,-0.5959017,0.34593683,0.62165356,0.22096461,-1.2512507,0.5145578,-0.012070971,0.12163116,-0.40763384,-0.63611954,0.1278946,0.44222227,0.5477364,-0.49211425,-0.42968273,0.029480048,0.5902393,0.4976582
2025-05-16 14:00:00,0.8222797,1.1253337,0.48330253,0.8522518,0.9075264,-0.4968203,0.61137044,-0.39757672,0.9098105,-0.83794326,0.6140295,-0.3696394,-0.095107004,0.25564447,-0.5933718,0.3450154,0.6169501,0.21603113,-1.242709,0.51214874,-0.007692652,0.12231703,-0.40382242,-0.63250846,0.12792112,0.43702546,0.54390633,-0.48781222,-0.4273778,0.032134883,0.5855731,0.49555793
2025-05-16 15:00:00,0.8137391,1.1166636,0.47975242,0.84604883,0.89989656,-0.49624524,0.6040885,-0.3943359,0.89847505,-0.8300355,0.60766906,-0.36616984,-0.096991524,0.25250626,-0.5906497,0.34364206,0.612245,0.21163812,-1.2331209,0.509116,-0.0036532748,0.12287021,-0.39882222,-0.6283472,0.12715247,0.4315444,0.538742,-0.48279846,-0.42402205,0.035143502,0.5800129,0.4928864
2025-05-16 16:00:00,0.80512416,1.1049027,0.47535306,0.83707213,0.8911466,-0.49524137,0.59588945,-0.3912639,0.8830154,-0.82085055,0.60124105,-0.3608105,-0.09767401,0.24895528,-0.5880712,0.34171343,0.6062259,0.20747603,-1.2213407,0.5044696,-0.0016507078,0.12213802,-0.39315975,-0.6218162,0.12596612,0.42527464,0.53164744,-0.47514814,-0.4188867,0.03919942,0.57171094,0.49053794
2025-05-16 17:00:00,0.7946435,1.092829,0.47001445,0.82711744,0.8814049,-0.49355134,0.5868176,-0.3874926,0.8673556,-0.8104022,0.59465533,-0.35519573,-0.098247334,0.24581814,-0.58477455,0.33916163,0.59930164,0.20366028,-1.2084409,0.49895662,-2.4663284e-05,0.12175089,-0.38804537,-0.61419505,0.12561001,0.41862878,0.52345556,-0.4674437,-0.4135344,0.04317654,0.5623801,0.48809764
2025-05-16 18:00:00,0.76858014,1.0674688,0.45811573,0.80587935,0.8594319,-0.48922685,0.5661637,-0.37785053,0.8346588,-0.78627557,0.5784713,-0.34357825,-0.10016012,0.23935014,-0.5758638,0.33290744,0.5830656,0.1940532,-1.1784743,0.4878744,0.005630417,0.1212645,-0.3769786,-0.5969534,0.12644538,0.40355834,0.50624377,-0.45199513,-0.40345994,0.050386235,0.5430755,0.48093808
2025-05-16 19:00:00,0.75887114,1.0582547,0.45326146,0.797294,0.85120416,-0.48758948,0.5576846,-0.37445295,0.82214767,-0.7768768,0.5723958,-0.33889654,-0.10146172,0.2362935,-0.57256263,0.33095622,0.57698816,0.18992361,-1.1672343,0.48277235,0.008222951,0.121577844,-0.3725741,-0.59045583,0.12680957,0.3974884,0.49893162,-0.44609323,-0.399616,0.053582348,0.53590566,0.47876942
2025-05-19 13:00:00,0.75901014,1.0595344,0.4530551,0.7970017,0.8515813,-0.4887755,0.5564525,-0.37493858,0.82208997,-0.77677935,0.57234645,-0.33855554,-0.10292159,0.23539582,-0.57263976,0.3318457,0.5772245,0.18837304,-1.167758,0.48230392,0.009891687,0.12247728,-0.37191722,-0.5911857,0.12707375,0.39700103,0.49850228,-0.44641107,-0.4000205,0.05430364,0.5367296,0.4796906
2025-05-19 14:00:00,0.756419,1.0590731,0.4512431,0.8051578,0.8489061,-0.48401168,0.56140536,-0.37196848,0.8322274,-0.7797012,0.5726274,-0.34313497,-0.10125442,0.23780257,-0.5697199,0.3279534,0.5815757,0.19484417,-1.1708891,0.4836529,0.008199347,0.123789534,-0.37300384,-0.5935031,0.12381154,0.400404,0.49739954,-0.45139498,-0.399161,0.051334314,0.53933287,0.47633597
2025-05-19 15:00:00,0.74181324,1.0446923,0.44513634,0.7952224,0.83667547,-0.48171154,0.5521324,-0.3660812,0.8151836,-0.7682837,0.56326246,-0.33670947,-0.100534394,0.23567,-0.5637808,0.32313567,0.57280827,0.19075476,-1.1538153,0.4800368,0.011065183,0.12194191,-0.36628383,-0.58400613,0.12415832,0.3938643,0.48915532,-0.44378558,-0.39363927,0.053115986,0.52925277,0.47059852
2025-05-19 16:00:00,0.72583634,1.0253946,0.4366122,0.79166526,0.8209977,-0.47125876,0.548626,-0.3569701,0.8055131,-0.7581118,0.5547765,-0.33323267,-0.09518702,0.23628885,-0.5554998,0.31357837,0.5683119,0.19649938,-1.1384482,0.47493535,0.0072547924,0.12014055,-0.36317837,-0.5735,0.11907433,0.39093983,0.4763927,-0.43796557,-0.38441345,0.052233715,0.5173718,0.46176448
2025-05-19 17:00:00,0.7087564,1.0116959,0.4300912,0.7825115,0.80991274,-0.46873724,0.538724,-0.35003087,0.7888879,-0.74618125,0.5454655,-0.32535636,-0.09418936,0.23531786,-0.5475562,0.30898213,0.5591537,0.1934258,-1.1202071,0.47126085,0.011003507,0.118703455,-0.35782766,-0.56430143,0.11945993,0.38551983,0.46578857,-0.4313845,-0.37830806,0.052161925,0.5070348,0.45706695
2025-05-19 18:00:00,0.7019903,1.0068618,0.42676288,0.79023755,0.80449206,-0.4581093,0.54535025,-0.34341988,0.7989964,-0.74528766,0.54427904,-0.33135465,-0.08820465,0.24071908,-0.5425146,0.30179203,0.5614234,0.20310444,-1.1184468,0.4727803,0.003965182,0.11766459,-0.3622012,-0.5607438,0.11656079,0.38876304,0.4635526,-0.4350887,-0.37690312,0.046751924,0.5056918,0.4490259
2025-05-19 19:00:00,0.703703,1.0139858,0.4304292,0.79222155,0.810821,-0.4602408,0.5481494,-0.34418273,0.802671,-0.74883306,0.54619324,-0.33213916,-0.08741976,0.2429682,-0.5434586,0.30299306,0.5610046,0.2032351,-1.1212957,0.47683883,0.0046508443,0.11709352,-0.3642705,-0.5625513,0.12030433,0.39109486,0.46836254,-0.43934423,-0.38136205,0.044117287,0.5092603,0.45008117
2025-05-20 13:00:00,0.69059527,1.0000839,0.42612362,0.78058314,0.8011456,-0.45958862,0.5358269,-0.34015393,0.7818126,-0.73588085,0.53594583,-0.3231775,-0.08931552,0.23850158,-0.53861123,0.3014961,0.55176294,0.19598265,-1.1035672,0.4718535,0.010676844,0.11585368,-0.35814348,-0.5548253,0.119204774,0.38287362,0.4598792,-0.4299888,-0.3758071,0.04686478,0.4993111,0.44712305
2025-05-20 14:00:00,0.6296604,0.9335137,0.39846,0.7316662,0.7472232,-0.44517243,0.4875092,-0.3178505,0.7041531,-0.67843753,0.49262005,-0.29310426,-0.093422964,0.2231344,-0.5139874,0.28696433,0.51296455,0.173646,-1.0263227,0.44631642,0.026007025,0.111552685,-0.3316082,-0.51477027,0.11382224,0.34896144,0.41886175,-0.39013228,-0.3469637,0.05710064,0.45405948,0.4265475
2025-05-20 15:00:00,0.6202828,0.91977155,0.39376703,0.7187109,0.7371486,-0.44331548,0.47645873,-0.31541398,0.68575794,-0.66614693,0.48466808,-0.2864159,-0.094852775,0.21872923,-0.51100975,0.28558886,0.5038126,0.16730814,-1.0108088,0.4399979,0.02808903,0.11061332,-0.32643956,-0.5059961,0.11348501,0.34045807,0.41198635,-0.379569,-0.34132445,0.061108764,0.4439574,0.4239524
2025-05-20 16:00:00,0.6357117,0.93593174,0.40086186,0.724178,0.75000113,-0.4482731,0.48409253,-0.3224332,0.69933283,-0.6764365,0.4948603,-0.2928666,-0.09604743,0.2199187,-0.519293,0.29126406,0.509285,0.16831689,-1.0275507,0.44360292,0.024805708,0.11223062,-0.3326216,-0.5131485,0.11777435,0.34442177,0.42312315,-0.38555747,-0.3495369,0.06201884,0.45270336,0.43040502
2025-05-20 17:00:00,0.61903363,0.91656727,0.39174387,0.7057191,0.73423934,-0.44431782,0.46795446,-0.31722364,0.6741199,-0.65828454,0.4830532,-0.28307125,-0.09821881,0.21373948,-0.51277524,0.28798047,0.49616277,0.16030511,-1.0039655,0.43299907,0.028788222,0.11146967,-0.32441285,-0.49985808,0.1177842,0.33249336,0.40992957,-0.37203914,-0.34090158,0.06699357,0.4381504,0.42593628
2025-05-20 18:00:00,0.63037986,0.9325098,0.3969186,0.714696,0.7437338,-0.44544324,0.4771991,-0.321246,0.69375485,-0.6682009,0.49167335,-0.29266617,-0.099301055,0.21608245,-0.5186261,0.2911943,0.50272447,0.16363366,-1.0203692,0.43677992,0.025979144,0.11366668,-0.33090627,-0.5068494,0.12108189,0.33759126,0.42002138,-0.38080367,-0.34879455,0.065723434,0.4482441,0.42875323
2025-05-20 19:00:00,0.6469427,0.95208174,0.40478325,0.7279238,0.7592454,-0.45190245,0.48848936,-0.32833734,0.7130605,-0.6844115,0.5027411,-0.29935437,-0.10098669,0.21770167,-0.5253733,0.29696018,0.51388913,0.16698655,-1.0416694,0.443213,0.02602279,0.11568551,-0.33538145,-0.51997775,0.12192279,0.34613773,0.43010914,-0.39206123,-0.35674053,0.06447249,0.4622364,0.43617103
2025-05-21 13:00:00,0.66987246,0.9737777,0.41507345,0.74380404,0.77834946,-0.4611266,0.50243783,-0.33816603,0.73452514,-0.7047413,0.51705146,-0.3063214,-0.101833746,0.22051471,-0.5345188,0.30402106,0.528085,0.17124179,-1.0681572,0.45184696,0.02405621,0.11693379,-0.34160295,-0.53608966,0.12152566,0.3570263,0.44320288,-0.4037484,-0.365132,0.06321141,0.47788447,0.44611248
2025-05-21 14:00:00,0.6286478,0.92761385,0.39450216,0.7161864,0.7404376,-0.45056152,0.47270274,-0.32216805,0.6865882,-0.66929704,0.48865366,-0.28683546,-0.102852985,0.21195596,-0.5157794,0.29199803,0.5063596,0.16048062,-1.0185502,0.43558812,0.03365183,0.114347726,-0.32261103,-0.51185626,0.11487229,0.3380251,0.41338402,-0.37948447,-0.34286714,0.06850985,0.44862437,0.43196306
2025-05-21 15:00:00,0.60305876,0.8955267,0.38060632,0.69977504,0.71516174,-0.4416946,0.45623177,-0.3113588,0.6576426,-0.64792615,0.47095948,-0.2742828,-0.10071334,0.20842949,-0.5029365,0.28269005,0.4935526,0.15673752,-0.98659223,0.4257369,0.03648801,0.11109861,-0.31124887,-0.49543327,0.10880704,0.32822198,0.39338318,-0.36375546,-0.32679617,0.06973612,0.42921466,0.42152673
2025-05-21 16:00:00,0.5887822,0.87951314,0.37399504,0.6859262,0.70240444,-0.4377197,0.44482034,-0.306177,0.6384506,-0.63353115,0.4608546,-0.26713893,-0.09979488,0.20676279,-0.4967904,0.27831328,0.48281702,0.15146214,-0.96767783,0.42055905,0.0383666,0.10919942,-0.305428,-0.4842441,0.10991906,0.32044637,0.3852565,-0.35391584,-0.32060713,0.0708076,0.4175858,0.41578108
2025-05-21 17:00:00,0.62223303,0.9213398,0.38911882,0.72678924,0.7330829,-0.43755105,0.48263288,-0.31410646,0.70124066,-0.6703505,0.48801923,-0.29482785,-0.09448275,0.22077772,-0.5097189,0.28329134,0.5116674,0.17370534,-1.018766,0.43874663,0.024935422,0.11285977,-0.32613063,-0.50937706,0.11018287,0.3450459,0.410992,-0.38473153,-0.3398516,0.059408017,0.44839668,0.42121553
2025-05-21 18:00:00,0.52235085,0.8124046,0.33944795,0.65466815,0.6442393,-0.4005303,0.41696978,-0.2726771,0.5935009,-0.58328515,0.4179162,-0.2515334,-0.0931337,0.20452324,-0.46285608,0.25301492,0.45291907,0.1500969,-0.89170814,0.3997479,0.042134173,0.10106798,-0.28438646,-0.4432711,0.09749812,0.3012778,0.3447839,-0.32814318,-0.28905413,0.061734132,0.38012636,0.3778234
2025-05-21 19:00:00,0.44798568,0.72661644,0.30117083,0.5962429,0.57454723,-0.36478752,0.36822912,-0.24105167,0.5141859,-0.5148921,0.3627928,-0.22226883,-0.091214314,0.19416499,-0.4261099,0.22894523,0.40590212,0.13301012,-0.79135364,0.3695212,0.050646886,0.089955404,-0.25430223,-0.39071995,0.08597107,0.2675674,0.29990524,-0.28304,-0.24927053,0.05933566,0.32840157,0.33906552
2025-05-22 13:00:00,0.35191697,0.60148615,0.24860656,0.5049346,0.47931713,-0.31656048,0.2960165,-0.20340866,0.39337295,-0.41955563,0.28566074,-0.17249466,-0.08939923,0.17554018,-0.37363383,0.19611464,0.33874512,0.107340425,-0.64699614,0.32414162,0.06018298,0.074772134,-0.21002795,-0.3173042,0.06671013,0.22029607,0.23464948,-0.21327215,-0.18803771,0.058183096,0.2538513,0.29136658
2025-05-22 14:00:00,0.3105365,0.54470253,0.22489688,0.46402425,0.43620044,-0.2918441,0.26530486,-0.18647382,0.3417649,-0.37749854,0.2516567,-0.1520997,-0.08740172,0.16820389,-0.34984946,0.18031158,0.30929363,0.0977976,-0.5821944,0.304245,0.06175112,0.06850532,-0.19089825,-0.28433067,0.05725397,0.20047337,0.20772712,-0.18165374,-0.15961532,0.05640579,0.22124118,0.26842353
2025-05-22 15:00:00,0.2533546,0.46050906,0.19008055,0.39864665,0.37345314,-0.2546898,0.21877718,-0.163607,0.2642297,-0.31511834,0.20312643,-0.12012308,-0.08262624,0.1565147,-0.31308547,0.15520151,0.2640042,0.08475482,-0.48723567,0.27405742,0.0618893,0.061011642,-0.16361892,-0.23366453,0.045808576,0.17144018,0.1669119,-0.1330016,-0.11749786,0.05494773,0.17129773,0.23606649
2025-05-22 16:00:00,0.23113915,0.42290816,0.1747827,0.3701961,0.34673375,-0.23954779,0.19931792,-0.15412909,0.23091745,-0.2893639,0.1849018,-0.10485302,-0.07918598,0.15142947,-0.29682422,0.14410418,0.24553883,0.08238357,-0.44704264,0.26053667,0.060054876,0.05841322,-0.15410687,-0.21254756,0.03986825,0.16007507,0.1469132,-0.111094,-0.0972442,0.05468424,0.14829943,0.22333694
2025-05-22 17:00:00,0.23437539,0.42580974,0.17641738,0.36963177,0.34989637,-0.24240436,0.19845831,-0.15612072,0.2308411,-0.29006436,0.18828654,-0.104350284,-0.07886775,0.15125173,-0.29785982,0.14570338,0.24462572,0.08216365,-0.45027417,0.2597586,0.05991952,0.05986935,-0.15694012,-0.21351282,0.04175833,0.15922794,0.14693706,-0.11108801,-0.09900373,0.055995457,0.14787868,0.22673884
2025-05-22 18:00:00,0.2143448,0.39301932,0.16265377,0.3415044,0.32673657,-0.22895023,0.17789145,-0.1488289,0.20017904,-0.26469326,0.170367,-0.0904088,-0.07571153,0.14594454,-0.281783,0.13508613,0.22587219,0.07716894,-0.41435522,0.24697776,0.059215635,0.059380822,-0.14755431,-0.19337128,0.03922152,0.14739966,0.129726,-0.09103687,-0.08218591,0.05676856,0.12769416,0.2167803
2025-05-22 19:00:00,0.19967593,0.36735937,0.15169564,0.3196721,0.30900556,-0.21885507,0.1614698,-0.14378792,0.17680675,-0.24497652,0.15607592,-0.07954706,-0.07292256,0.14133494,-0.26897368,0.12651743,0.2119039,0.07299179,-0.387156,0.23719066,0.05867883,0.05976153,-0.1397088,-0.17800136,0.037580963,0.13868468,0.11663493,-0.07532814,-0.068592235,0.058087915,0.11250328,0.21005383
2025-05-23 13:00:00,0.19590291,0.3650788,0.14751822,0.31716228,0.3046952,-0.21345569,0.16039002,-0.14047748,0.17983457,-0.24155049,0.15175942,-0.08232947,-0.07260825,0.14157012,-0.26742324,0.12424731,0.2102398,0.072050795,-0.38311815,0.23513037,0.05829175,0.060224265,-0.13706459,-0.17347725,0.03778194,0.1384283,0.11632366,-0.073978856,-0.06737821,0.05609532,0.11256526,0.205095
2025-05-23 14:00:00,0.16402636,0.31437892,0.12547848,0.28104484,0.2669782,-0.18965875,0.13713402,-0.12670231,0.14065045,-0.20858541,0.12138235,-0.06437433,-0.067531526,0.13476714,-0.24433833,0.104447335,0.18922326,0.06892834,-0.32898766,0.22130068,0.055188604,0.056327965,-0.11902103,-0.14458674,0.030378692,0.1273602,0.09277555,-0.04636799,-0.038945105,0.054693677,0.086876,0.18475586
2025-05-23 15:00:00,0.15626921,0.2981916,0.120312445,0.26875857,0.25576508,-0.18276145,0.1296776,-0.12363427,0.12559035,-0.1982286,0.11387109,-0.057847783,-0.065130755,0.13258727,-0.23709953,0.09847938,0.18218535,0.06803637,-0.31360993,0.21747057,0.05441484,0.055347875,-0.1140178,-0.13614528,0.029080197,0.123489186,0.08615127,-0.037265923,-0.030723196,0.05563733,0.077069096,0.17969665
2025-05-23 16:00:00,0.15753707,0.29855096,0.12119093,0.26733047,0.2562936,-0.1826859,0.12891594,-0.12409135,0.123859376,-0.19733587,0.115578435,-0.057667386,-0.06452218,0.13252798,-0.23675731,0.09895437,0.18103534,0.068156876,-0.31469178,0.21698128,0.05482597,0.056395765,-0.11479403,-0.13611303,0.030549947,0.122667566,0.08641694,-0.036894802,-0.03162319,0.056258656,0.075441845,0.18048564
2025-05-23 17:00:00,0.15220389,0.28663325,0.115936875,0.2590447,0.24826571,-0.17879143,0.124260485,-0.120099455,0.11541352,-0.19097294,0.11240571,-0.052619137,-0.062054995,0.13158661,-0.23149616,0.095056154,0.17679793,0.07108802,-0.3040626,0.21330968,0.052545637,0.056132853,-0.114046216,-0.13027547,0.028300509,0.120656565,0.078387916,-0.0301569,-0.024189737,0.05550182,0.06744667,0.17605728
2025-05-23 18:00:00,0.15473145,0.29145336,0.11765625,0.2602964,0.25185162,-0.18047512,0.12458551,-0.12139893,0.11831364,-0.19217831,0.11486106,-0.05409126,-0.06199631,0.13226643,-0.23260584,0.096601,0.17653573,0.07031983,-0.30857205,0.2134301,0.052754067,0.057412423,-0.1162819,-0.13129221,0.030351847,0.12030253,0.0799747,-0.032104757,-0.027727004,0.05538699,0.06894129,0.17798539
2025-05-23 19:00:00,0.15092713,0.28716943,0.11528189,0.25423932,0.24791722,-0.17613475,0.120409206,-0.119645,0.11421266,-0.18633366,0.11071377,-0.053401645,-0.061200302,0.13117802,-0.22956428,0.094144575,0.17131123,0.06856369,-0.30214503,0.21065952,0.052759834,0.058551673,-0.11496799,-0.1258545,0.031998716,0.117259204,0.07843203,-0.028353412,-0.026716236,0.055199735,0.06546774,0.17518255
2025-05-27 13:00:00,0.1329313,0.2594085,0.103027105,0.23141651,0.22641517,-0.16034302,0.10599837,-0.111154124,0.09207545,-0.16547745,0.09276783,-0.04469788,-0.05762433,0.1267746,-0.21616016,0.08161244,0.15640914,0.066598706,-0.2707308,0.20218414,0.050984807,0.05834376,-0.10589621,-0.10698617,0.030879714,0.1095684,0.06654337,-0.011092719,-0.01236226,0.054813936,0.049721055,0.162761
2025-05-27 14:00:00,0.12421004,0.2451441,0.09610781,0.22384743,0.21570149,-0.15469396,0.1017009,-0.10661497,0.08393422,-0.15880375,0.08385544,-0.040090792,-0.056311417,0.1249562,-0.21089181,0.075486764,0.15360546,0.06769426,-0.2560981,0.19993347,0.04902918,0.05631252,-0.10052611,-0.10013705,0.027292095,0.10878087,0.059849776,-0.0038578548,-0.0028677844,0.054198705,0.04436221,0.15655112
2025-05-27 15:00:00,0.117616914,0.23053932,0.09216598,0.21252204,0.2063911,-0.14907953,0.094358936,-0.10486555,0.06912941,-0.14913714,0.07646797,-0.033397116,-0.05402974,0.12242703,-0.20415507,0.069416314,0.14706615,0.066330366,-0.24232145,0.19702533,0.048604503,0.055927925,-0.095899895,-0.092875384,0.026899397,0.1051343,0.0542225,0.004633706,0.004441362,0.056141637,0.035734445,0.15369412
2025-05-27 16:00:00,0.10474679,0.20448455,0.08306427,0.18999034,0.18880507,-0.13608868,0.08011602,-0.09945754,0.044274975,-0.12922232,0.06304956,-0.023139462,-0.048696667,0.11803831,-0.19127038,0.05767875,0.1329352,0.06513757,-0.21613733,0.18990563,0.04724458,0.057690762,-0.08877185,-0.07697616,0.02815539,0.09767038,0.04346036,0.021219537,0.017334497,0.058120742,0.018824406,0.1462933
2025-05-27 17:00:00,0.105884224,0.20917249,0.07338458,0.20675547,0.18754308,-0.13429172,0.098902375,-0.084285006,0.07161409,-0.14267358,0.07049799,-0.031814322,-0.047505252,0.12726964,-0.19891085,0.058172375,0.15010598,0.0821736,-0.22302379,0.1940633,0.03700783,0.05247996,-0.09504746,-0.07728759,0.013878317,0.11005458,0.03603676,0.014492258,0.020526133,0.043771446,0.024999045,0.1292324
2025-05-27 18:00:00,0.10106669,0.20722902,0.074129656,0.20410591,0.18528622,-0.13236117,0.09842464,-0.08144524,0.06879069,-0.1419427,0.069274455,-0.028884267,-0.04719803,0.12936819,-0.19770965,0.05495037,0.14684066,0.082832254,-0.21949315,0.19491388,0.03576252,0.048882023,-0.09699117,-0.073963426,0.014186925,0.10784887,0.03253247,0.014679041,0.02028329,0.041696586,0.022217847,0.124457896
2025-05-27 19:00:00,0.09710708,0.20272416,0.07675015,0.19690882,0.18366438,-0.12993278,0.09145765,-0.08421433,0.057721574,-0.13509932,0.063998766,-0.02434551,-0.047133893,0.12752151,-0.19407195,0.052540887,0.13892615,0.07723538,-0.2125903,0.19356467,0.037851807,0.049467437,-0.09557016,-0.07028196,0.017307505,0.10176632,0.03341295,0.018532429,0.018945318,0.04391109,0.018263616,0.12590104
2025-05-28 13:00:00,0.091797605,0.1911721,0.07567702,0.18576995,0.17820266,-0.12633611,0.08134903,-0.0866296,0.041661877,-0.12447161,0.05537533,-0.017876368,-0.04593502,0.1229258,-0.18784621,0.04837516,0.13030374,0.07193385,-0.19995336,0.19053884,0.039549403,0.051529527,-0.090786256,-0.06467237,0.019720063,0.09607992,0.031834096,0.027084026,0.023580197,0.04822644,0.011750884,0.12837666
2025-05-28 14:00:00,0.08650097,0.18163005,0.07175914,0.17652076,0.1713353,-0.12049346,0.07493831,-0.085569896,0.032328326,-0.11589377,0.047950685,-0.015702777,-0.0442474,0.119947605,-0.18360825,0.044141956,0.124345146,0.069302104,-0.18894428,0.18734863,0.040059548,0.05343035,-0.08545607,-0.058207147,0.021676239,0.09324649,0.030364973,0.03429381,0.028614255,0.05011943,0.0068635195,0.12670015
2025-05-28 15:00:00,0.07892295,0.1663248,0.06668083,0.16041747,0.16008854,-0.11076501,0.06466253,-0.083734035,0.01553515,-0.101622336,0.03872391,-0.010770554,-0.04152295,0.115412116,-0.17527166,0.03661344,0.11320966,0.066576235,-0.17198381,0.18190137,0.040937126,0.05610708,-0.07960124,-0.047509827,0.02550064,0.08787656,0.02612452,0.045714885,0.035693727,0.053597733,-0.003984742,0.12362246
2025-05-28 16:00:00,0.07451484,0.15406927,0.06311552,0.14684993,0.15176706,-0.104424894,0.055384837,-0.08290932,0.0009917803,-0.08990853,0.03370112,-0.0061175656,-0.03926824,0.11100666,-0.1676453,0.03128603,0.10365839,0.06552554,-0.15935378,0.17671466,0.041886225,0.05930052,-0.076697245,-0.040121734,0.029417556,0.08318652,0.02203432,0.05520559,0.04165521,0.057500787,-0.0144121125,0.123309374
2025-05-28 17:00:00,0.07161317,0.14421412,0.059566755,0.13533354,0.1451132,-0.09991826,0.047193423,-0.081859276,-0.010118019,-0.08017905,0.030281246,-0.0024323259,-0.036985226,0.107315876,-0.16109815,0.026957722,0.09559415,0.0651739,-0.14973232,0.17172852,0.042270936,0.06272623,-0.075233124,-0.03401623,0.033200927,0.07941774,0.018003205,0.063152954,0.046725906,0.060639843,-0.023482803,0.12364082
2025-05-28 18:00:00,0.07042112,0.13884264,0.056838132,0.127717,0.14121333,-0.09737827,0.041310452,-0.08124902,-0.015936144,-0.07372369,0.027893212,-0.0008188002,-0.035287715,0.10465562,-0.15683556,0.024239779,0.09011701,0.06437105,-0.14451256,0.16784374,0.042591013,0.065883316,-0.074534416,-0.029815374,0.03671299,0.077109255,0.01571692,0.06814098,0.049478654,0.06287372,-0.02903822,0.12461591
2025-05-28 19:00:00,0.06864504,0.1366525,0.053352863,0.12589277,0.13825095,-0.09667879,0.04016258,-0.079244584,-0.014377434,-0.07267315,0.024330974,-0.0014447421,-0.034615327,0.10375745,-0.15636025,0.02228747,0.090147085,0.064764746,-0.14210738,0.16678414,0.041933887,0.066341594,-0.072811104,-0.027685402,0.036864385,0.078220755,0.014155801,0.0701395,0.05221565,0.06279673,-0.028959993,0.12281482
2025-05-29 13:00:00,0.06593398,0.13518834,0.050914086,0.12495081,0.13495266,-0.094293416,0.04071839,-0.0772399,-0.012704972,-0.07213296,0.019749384,-0.002608588,-0.03436813,0.10374347,-0.15658157,0.019795122,0.09063891,0.06431933,-0.13966846,0.16699716,0.041579142,0.06550251,-0.069623604,-0.025151925,0.036800288,0.07939194,0.014098648,0.07094972,0.053518582,0.062382452,-0.027839921,0.11939169
2025-05-29 14:00:00,0.061563607,0.12909807,0.04675584,0.12542671,0.12923104,-0.0939126,0.04338552,-0.07312147,-0.012454044,-0.0739378,0.016147044,-0.000845775,-0.0338408,0.104287855,-0.15699929,0.01701723,0.09441831,0.068344414,-0.13478908,0.16884026,0.038958296,0.061716594,-0.066717565,-0.024057673,0.03213694,0.082259074,0.009936724,0.07261908,0.059727207,0.06056609,-0.028001081,0.11351628
2025-05-29 15:00:00,0.06099306,0.12664539,0.047379967,0.12454928,0.12776938,-0.09317808,0.044206105,-0.07279132,-0.015805852,-0.07385962,0.01685755,0.0013945512,-0.033071578,0.10499592,-0.15620662,0.016236745,0.09471076,0.0696719,-0.13412395,0.16969225,0.038754947,0.06011594,-0.06637722,-0.024284264,0.031020146,0.082103476,0.008399915,0.07276185,0.06059896,0.060474377,-0.02997278,0.112239674
2025-05-29 16:00:00,0.06082201,0.13251674,0.047132943,0.13014339,0.12912916,-0.09291675,0.050333083,-0.06955934,-0.007346045,-0.07900884,0.019787706,-0.002732575,-0.033636995,0.10871893,-0.16019689,0.018270392,0.099004045,0.07248117,-0.13871162,0.17176618,0.03755785,0.05834102,-0.06716766,-0.025955783,0.028778836,0.08451375,0.009508243,0.06843741,0.057927553,0.05550657,-0.026054967,0.107013166
2025-05-29 17:00:00,0.06055268,0.13318422,0.049379908,0.12935597,0.1295437,-0.09219717,0.050026886,-0.07023803,-0.009902678,-0.07833374,0.021480694,-0.001709614,-0.03419038,0.1088838,-0.15948792,0.018670768,0.096770726,0.07229379,-0.13846993,0.17154156,0.03822878,0.057808325,-0.069010034,-0.025996791,0.029281463,0.08261812,0.009715475,0.06813551,0.056007475,0.055431277,-0.027759112,0.10680359
2025-05-29 18:00:00,0.059752736,0.13395679,0.050367147,0.12781131,0.1297208,-0.090596646,0.048609056,-0.07021463,-0.011192668,-0.0764671,0.021470048,-0.0020649154,-0.034512028,0.108731575,-0.15884309,0.01877682,0.09375717,0.07124027,-0.13725618,0.170382,0.038786106,0.058590412,-0.07000776,-0.024619462,0.030531302,0.08064705,0.010467529,0.06873141,0.054048836,0.055006832,-0.028919466,0.10643658
2025-05-29 19:00:00,0.05848454,0.12955408,0.05008334,0.12423729,0.12822574,-0.0902725,0.0447999,-0.07116902,-0.016919304,-0.07303145,0.019384615,0.0008255448,-0.034173366,0.10678072,-0.15627828,0.01737475,0.09058331,0.07028116,-0.13279906,0.169025,0.03901624,0.059272595,-0.06987919,-0.023104811,0.03091899,0.078601494,0.00897048,0.07200807,0.05604709,0.05684138,-0.031764336,0.10822697
2025-05-30 13:00:00,0.057259582,0.122957796,0.04839216,0.12022562,0.12602258,-0.09015016,0.040779322,-0.071980596,-0.023202777,-0.06930712,0.015949968,0.0045413338,-0.032656115,0.104758546,-0.15342452,0.014902461,0.08859884,0.06958361,-0.12778865,0.16802585,0.038616765,0.060038537,-0.068304956,-0.021263475,0.030819446,0.07756981,0.0064761657,0.076045886,0.06012419,0.059031244,-0.03445368,0.110273935
2025-05-30 14:00:00,0.055931635,0.11900205,0.0452128,0.11967998,0.12392513,-0.09021519,0.040982082,-0.07031966,-0.023282152,-0.069267675,0.013486579,0.005678244,-0.031037059,0.104853764,-0.15343435,0.013070252,0.09059175,0.07096385,-0.12537481,0.16837503,0.03700655,0.059550263,-0.06635184,-0.02014449,0.029034037,0.079171225,0.003986785,0.07775468,0.06410184,0.058442373,-0.034261387,0.10879767
2025-05-30 15:00:00,0.054967467,0.11633363,0.044083215,0.11606667,0.121667996,-0.08683323,0.039806012,-0.06917706,-0.026135262,-0.06617074,0.012740657,0.006371934,-0.029444793,0.10497017,-0.15183023,0.011142228,0.0883638,0.071219586,-0.12299009,0.1672515,0.036901683,0.060389347,-0.06562343,-0.01721443,0.03035593,0.07819645,0.0026800595,0.07963244,0.064920336,0.05832811,-0.037218213,0.10695045
2025-05-30 16:00:00,0.055045072,0.12422989,0.043702185,0.12129877,0.123255044,-0.08592813,0.045373164,-0.06618482,-0.015707392,-0.070733875,0.0151850805,0.00032037124,-0.030856937,0.10814956,-0.15614493,0.013464604,0.09169019,0.072778426,-0.12795055,0.1685473,0.036368817,0.059449866,-0.066351,-0.018089524,0.029802904,0.080538735,0.005211057,0.0752072,0.061243318,0.053875394,-0.03262955,0.10191846
2025-05-30 17:00:00,0.053653374,0.12450318,0.044310734,0.123581596,0.12295496,-0.087235525,0.04704076,-0.066417955,-0.014893793,-0.07288186,0.014487267,0.0008127708,-0.032221206,0.10814661,-0.15706937,0.013519466,0.09323146,0.072862245,-0.12748998,0.17016095,0.03615813,0.057053067,-0.066145666,-0.019364053,0.028214939,0.08115687,0.005351452,0.07418779,0.06170419,0.053830884,-0.030934177,0.10114546
2025-05-30 18:00:00,0.053031858,0.12088016,0.044335734,0.124292344,0.1218791,-0.08962224,0.047553115,-0.06623879,-0.017625194,-0.07425058,0.015192762,0.0039008744,-0.032048665,0.108037725,-0.15667261,0.013465572,0.09489631,0.07478388,-0.12610471,0.17118432,0.035149686,0.0549757,-0.06677487,-0.021010311,0.025213145,0.081589855,0.0027895346,0.07490312,0.06474072,0.054040857,-0.032173358,0.101272315
2025-05-30 19:00:00,0.05538267,0.12114832,0.045487307,0.12746923,0.12434268,-0.09358953,0.049397804,-0.06706835,-0.01683003,-0.077735126,0.018762656,0.0055952203,-0.03153083,0.10923193,-0.15761273,0.015500307,0.098260775,0.07667539,-0.1296953,0.17244478,0.034218594,0.053941276,-0.068794005,-0.02468493,0.022502583,0.08279127,0.0012814924,0.07307838,0.06543283,0.0534783,-0.03132698,0.10316002
2025-06-02 13:00:00,0.055280805,0.12127753,0.04559204,0.12768602,0.12601833,-0.09260598,0.049041957,-0.06892812,-0.016987946,-0.07668951,0.015275605,0.0057947487,-0.030374436,0.109665364,-0.15786332,0.013951838,0.09865002,0.07340277,-0.13006394,0.17340875,0.034295835,0.054895137,-0.06596764,-0.023574056,0.023360781,0.08270424,0.003023496,0.072652034,0.064231664,0.053657286,-0.02855635,0.10449105
2025-06-02 14:00:00,0.0558555,0.12565964,0.044889376,0.13321243,0.12782818,-0.09327262,0.053844966,-0.06786907,-0.010084942,-0.081110924,0.016296968,0.0024216138,-0.03067673,0.11193538,-0.1616918,0.015424237,0.10351937,0.07428595,-0.1336943,0.17577691,0.033629958,0.054089073,-0.06498083,-0.025322715,0.021869637,0.08544116,0.00528159,0.06920169,0.063094534,0.05113566,-0.023834087,0.10224718
2025-06-02 15:00:00,0.054704573,0.12330574,0.045608565,0.1294443,0.12619147,-0.0899328,0.051695354,-0.0685588,-0.015394192,-0.077235885,0.015281532,0.0037671998,-0.030365363,0.11110593,-0.15971375,0.013586476,0.09983099,0.07300477,-0.13052513,0.17516452,0.03484266,0.05477709,-0.06427503,-0.022992099,0.023836486,0.08334944,0.005489016,0.07130541,0.06296463,0.052613664,-0.02699563,0.10192083
2025-06-02 16:00:00,0.055001482,0.121661335,0.046782807,0.12524946,0.1253164,-0.08814599,0.048596032,-0.068894744,-0.020550903,-0.073487185,0.017432183,0.0049819667,-0.030269727,0.109812245,-0.15712784,0.013601489,0.09519922,0.07344574,-0.1283955,0.17300141,0.036029793,0.05660918,-0.06633431,-0.021776753,0.026016712,0.080524966,0.004857147,0.07361673,0.06268027,0.053931005,-0.031922545,0.10282417
2025-06-02 17:00:00,0.055237554,0.11986872,0.047095723,0.11979392,0.12423694,-0.08638752,0.044145122,-0.068889156,-0.02515971,-0.06882269,0.019032922,0.00599828,-0.030003969,0.10819871,-0.15392902,0.013399005,0.089397416,0.073548965,-0.12572783,0.16951224,0.036706463,0.05920221,-0.068901345,-0.019508773,0.028769717,0.07729294,0.003514083,0.07664121,0.062493816,0.055014655,-0.037200786,0.10404448
2025-06-02 18:00:00,0.054104686,0.114905044,0.045016255,0.114474855,0.12147482,-0.086036,0.039503887,-0.067814596,-0.029517483,-0.06481143,0.018151015,0.008473115,-0.02898064,0.10639204,-0.15067397,0.011937916,0.08531929,0.07452138,-0.12110086,0.16649248,0.0360362,0.06070938,-0.07038438,-0.016901633,0.029571876,0.07531549,-0.00015120022,0.08099087,0.06563285,0.05584208,-0.041864075,0.10448397
2025-06-02 19:00:00,0.053448543,0.11053839,0.04318221,0.11048289,0.11978237,-0.08576126,0.035325587,-0.06821415,-0.033032324,-0.06127113,0.014973618,0.010796435,-0.027541429,0.104723185,-0.14794464,0.009814478,0.082675114,0.07347313,-0.11753913,0.16465315,0.03561777,0.06198353,-0.069834076,-0.014424821,0.03054111,0.074268684,-0.0023706146,0.08424509,0.06813265,0.057322618,-0.044011667,0.10603659
2025-06-03 13:00:00,0.052972693,0.10636417,0.0416937,0.10673308,0.118434764,-0.08441715,0.03143124,-0.069482744,-0.036879912,-0.057281934,0.01017518,0.0126530975,-0.025820386,0.102848284,-0.1454031,0.006931547,0.0805045,0.07095157,-0.114249215,0.16362701,0.035866253,0.06366049,-0.0673601,-0.011579925,0.032403912,0.073530585,-0.0028557759,0.08714925,0.06998117,0.05969948,-0.04515923,0.108204395
2025-06-03 14:00:00,0.05120963,0.10021414,0.03884545,0.10266829,0.11514814,-0.08256774,0.02852382,-0.068976924,-0.04112704,-0.053638913,0.005190186,0.014779191,-0.023727626,0.101078205,-0.14307158,0.003324438,0.07940575,0.07043821,-0.109438375,0.163127,0.03547529,0.064637035,-0.06416781,-0.008414263,0.0332717,0.07364783,-0.004580318,0.09098802,0.0740181,0.061584067,-0.047167264,0.10828121
2025-06-03 15:00:00,0.05079335,0.09671822,0.037313152,0.10004175,0.1130435,-0.08132218,0.02734126,-0.068277135,-0.04371301,-0.051687807,0.0038153715,0.015892614,-0.022279534,0.10027944,-0.14165954,0.0015657544,0.07899585,0.07113042,-0.1075072,0.16276935,0.03536658,0.06541197,-0.062709935,-0.006934466,0.034078144,0.073877364,-0.0059134737,0.09300311,0.076382175,0.06274896,-0.04927222,0.10810338
2025-06-03 16:00:00,0.05075261,0.09395075,0.036546722,0.097362556,0.111713186,-0.08026241,0.025677495,-0.06833879,-0.046748057,-0.04937309,0.002930535,0.017166674,-0.02100873,0.09944095,-0.13991418,8.1095845e-05,0.07785477,0.07134455,-0.10607742,0.16235243,0.03559307,0.066524364,-0.061839897,-0.005770659,0.035460904,0.07350389,-0.006882053,0.09472177,0.07787731,0.06405621,-0.051461473,0.10870584
2025-06-03 17:00:00,0.050182983,0.09044966,0.03552477,0.09305463,0.10975419,-0.077863514,0.022827823,-0.06814789,-0.051034626,-0.04533805,0.0014246218,0.018491399,-0.019470304,0.098265074,-0.13733995,-0.002118487,0.0749062,0.0711075,-0.10322371,0.16112565,0.03595078,0.06841505,-0.061005976,-0.0032071136,0.037816957,0.07215288,-0.007899333,0.09742917,0.07916516,0.06539789,-0.05486033,0.10908299
2025-06-03 18:00:00,0.048728704,0.08978748,0.033845533,0.09108238,0.10796448,-0.075503126,0.02215268,-0.066485256,-0.05070114,-0.04352217,-0.0007360652,0.01736993,-0.018816452,0.0979417,-0.1369863,-0.00382011,0.073656894,0.07094504,-0.10138774,0.16045296,0.035917863,0.06949274,-0.059835017,-0.00063585676,0.039226957,0.07207857,-0.007985523,0.09884085,0.07952663,0.064939484,-0.055519413,0.107165426
2025-06-03 19:00:00,0.047973197,0.087738305,0.033652898,0.08804962,0.1065655,-0.07337582,0.019720249,-0.06708665,-0.05409295,-0.040210575,-0.0029975213,0.018002346,-0.018463403,0.09647676,-0.13505088,-0.005726557,0.07092518,0.06947317,-0.09874797,0.15965033,0.03678666,0.07073635,-0.058722645,0.0015000682,0.041459024,0.07079201,-0.0075390292,0.100799605,0.07972842,0.06679374,-0.05748295,0.10797609
2025-06-04 13:00:00,0.046694852,0.08492504,0.032659225,0.08524632,0.104700625,-0.07152042,0.01744076,-0.067123376,-0.057184186,-0.037200175,-0.0062529184,0.018595979,-0.017921109,0.09491563,-0.13344672,-0.008019827,0.068951085,0.068317056,-0.095525295,0.15914752,0.037259556,0.07181302,-0.056853157,0.003690714,0.04305443,0.070127755,-0.0073690936,0.10321893,0.080972694,0.068511225,-0.058950417,0.10845184
2025-06-04 14:00:00,0.042821653,0.07906797,0.029159414,0.08140828,0.09966312,-0.068415076,0.016030086,-0.06447891,-0.060527634,-0.034051873,-0.011644363,0.019748636,-0.016679022,0.093743324,-0.13219322,-0.012204729,0.06772639,0.0690945,-0.08913285,0.15898049,0.03639379,0.071586296,-0.053574927,0.0075767916,0.0430154,0.0703423,-0.009415265,0.10731304,0.085134186,0.06895276,-0.061078127,0.10522017
2025-06-04 15:00:00,0.04019888,0.074266635,0.027536105,0.07621858,0.0954321,-0.06382529,0.013954372,-0.0627385,-0.06578431,-0.029388737,-0.0143455705,0.021029402,-0.015410874,0.092711814,-0.12973817,-0.01561448,0.06425592,0.06945204,-0.083735004,0.15777382,0.036663204,0.07223539,-0.05179214,0.011499956,0.044816244,0.06896072,-0.010917324,0.11084846,0.086956695,0.069874,-0.065391354,0.102973
2025-06-04 16:00:00,0.03858672,0.07328123,0.026943507,0.073235326,0.09310295,-0.060771488,0.012874504,-0.06103095,-0.067652285,-0.026780168,-0.01484045,0.020514391,-0.015311582,0.09224641,-0.12864687,-0.0168574,0.06148523,0.06974543,-0.08122882,0.15642413,0.037138417,0.073061354,-0.05159069,0.013858969,0.046501216,0.06781325,-0.011230698,0.11248076,0.08670525,0.0697079,-0.068168685,0.101025
2025-06-04 17:00:00,0.03676043,0.06826697,0.025668103,0.06855207,0.089365035,-0.05945861,0.010087032,-0.05920171,-0.073043965,-0.023431335,-0.014659509,0.022996418,-0.014790075,0.09086388,-0.12592216,-0.01843132,0.05796653,0.07184964,-0.076471224,0.1544327,0.036720503,0.07340269,-0.05272212,0.015874201,0.047007248,0.06601906,-0.014326885,0.116267234,0.089542285,0.07026936,-0.07375902,0.09991372
2025-06-04 18:00:00,0.03457932,0.061884355,0.02346354,0.06208368,0.08526209,-0.056534693,0.005803176,-0.057542942,-0.07948229,-0.017903902,-0.016775448,0.025958888,-0.012958579,0.08936146,-0.12216386,-0.021647967,0.05310205,0.07274768,-0.070307836,0.15175876,0.036022797,0.07466452,-0.052915562,0.019946069,0.048549123,0.06382859,-0.017681528,0.121078625,0.09253895,0.07087759,-0.07972003,0.09901275
2025-06-04 19:00:00,0.03274929,0.057446077,0.021282356,0.057128076,0.08232004,-0.053686585,0.0022085374,-0.056315858,-0.08345218,-0.013292378,-0.020080518,0.027506195,-0.011186171,0.08810613,-0.11949384,-0.024725676,0.04928712,0.07228312,-0.06549442,0.14963476,0.035552718,0.07619308,-0.052217867,0.02402966,0.05038657,0.062383495,-0.019503586,0.12484346,0.094397634,0.071331844,-0.083321355,0.09840498
2025-06-05 13:00:00,0.027946629,0.04883372,0.016806059,0.04983657,0.07611495,-0.048259318,-0.002123992,-0.0535582,-0.089781,-0.0064738374,-0.028316867,0.030060612,-0.008275088,0.08615,-0.11620638,-0.03142616,0.044850864,0.071885616,-0.055969045,0.14804272,0.03451836,0.077266544,-0.048696384,0.031252824,0.0521712,0.06122773,-0.022415353,0.13151722,0.099049345,0.07230908,-0.087679744,0.095356494
2025-06-05 14:00:00,0.026225597,0.045794345,0.014085326,0.052500334,0.07396376,-0.052436244,0.00045111775,-0.051010903,-0.08766928,-0.010867305,-0.029416507,0.031414595,-0.008469325,0.08646759,-0.11840896,-0.03139443,0.049914706,0.07545531,-0.054905117,0.15023237,0.032076366,0.07393601,-0.04785809,0.02969333,0.047242776,0.06431021,-0.02561193,0.13212347,0.10419251,0.071101874,-0.085880145,0.09250782
2025-06-05 15:00:00,0.026513085,0.048355162,0.012746111,0.061204102,0.07514028,-0.0589882,0.008699079,-0.04821493,-0.07893619,-0.021074953,-0.025967848,0.030907862,-0.009353992,0.090149544,-0.123808295,-0.028154328,0.060235657,0.080288924,-0.06035069,0.15446153,0.028812278,0.068364814,-0.048364796,0.02440767,0.039427835,0.06957582,-0.028338816,0.12739158,0.10670803,0.06676827,-0.07991611,0.08817297
2025-06-05 16:00:00,0.025816835,0.050385065,0.013477601,0.062809944,0.075441405,-0.05648788,0.01237916,-0.04714897,-0.077201165,-0.022554792,-0.024589885,0.030696332,-0.008670095,0.09336421,-0.12526934,-0.028199986,0.061962195,0.08124396,-0.06234641,0.15603717,0.028378682,0.066466905,-0.047953494,0.02453794,0.038034867,0.06973412,-0.028803354,0.12471494,0.104702696,0.063705936,-0.078858696,0.08401528
2025-06-05 17:00:00,0.024830084,0.057221074,0.014647894,0.06782483,0.077268556,-0.055585906,0.01755769,-0.045570455,-0.070371285,-0.026808107,-0.022324393,0.026957236,-0.009997319,0.0968556,-0.12910876,-0.025931656,0.06473805,0.08166799,-0.066108435,0.15808222,0.028212657,0.06471225,-0.04825548,0.023267174,0.03641827,0.07042971,-0.026433704,0.120227516,0.10059768,0.05919632,-0.074557744,0.079175234
2025-06-05 18:00:00,0.023976576,0.064710036,0.016616344,0.07378066,0.07927173,-0.0558609,0.022771811,-0.044398405,-0.0633369,-0.031836037,-0.019025655,0.023016926,-0.012807131,0.09981767,-0.13313556,-0.0225849,0.067263946,0.08214452,-0.069856256,0.16001675,0.028205065,0.062148254,-0.04975401,0.020914782,0.034358837,0.07100098,-0.023638671,0.11545733,0.0963496,0.055353187,-0.07023144,0.0750501
2025-06-05 19:00:00,0.023408666,0.07535896,0.01863097,0.08320837,0.082613684,-0.057438396,0.030271709,-0.043275107,-0.05180844,-0.03985092,-0.01557662,0.016777601,-0.016954174,0.103930466,-0.13954015,-0.017865121,0.07227939,0.08218174,-0.07577735,0.16313106,0.027810821,0.058438398,-0.050572038,0.016975153,0.031373546,0.07307722,-0.018849783,0.108182624,0.09078516,0.05050894,-0.06233936,0.070511535
2025-06-06 13:00:00,0.021312535,0.074289374,0.020835951,0.08471365,0.0821612,-0.058095902,0.03086788,-0.04497257,-0.05458195,-0.04067295,-0.01676184,0.018552117,-0.019101933,0.103355594,-0.13991393,-0.017906696,0.07202201,0.08053209,-0.073398694,0.16446292,0.028201813,0.055444706,-0.05029639,0.015637835,0.029295273,0.072132766,-0.017832823,0.10774794,0.09060162,0.051481247,-0.06165165,0.0708125
2025-06-06 14:00:00,0.020166263,0.072860174,0.022047758,0.084699675,0.08216621,-0.05741932,0.030333614,-0.04673983,-0.057587307,-0.03981705,-0.018937297,0.019613616,-0.019937027,0.10291205,-0.14000629,-0.018603891,0.07130083,0.078182,-0.07129293,0.16496111,0.028799605,0.054732613,-0.048431024,0.015599763,0.028567638,0.07123671,-0.016285809,0.10803856,0.09003952,0.05270899,-0.061065983,0.07199048
2025-06-06 15:00:00,0.021270014,0.07462852,0.023929866,0.085569166,0.08369703,-0.057186574,0.030446948,-0.048223145,-0.058326617,-0.039850246,-0.017117608,0.018951915,-0.020994334,0.10296012,-0.14025727,-0.017067365,0.07069324,0.077168964,-0.072409056,0.16469824,0.030133989,0.055063665,-0.048888132,0.0142184,0.028750818,0.070614435,-0.014570374,0.10704467,0.088093475,0.053346813,-0.060900807,0.07354966
2025-06-06 16:00:00,0.0212844,0.06993461,0.024632027,0.07937788,0.0820114,-0.05455716,0.025535671,-0.049454533,-0.066600546,-0.033955276,-0.016759356,0.02204075,-0.020332137,0.100659795,-0.13589685,-0.018639475,0.064883046,0.076831736,-0.06794464,0.16179082,0.031448618,0.05716055,-0.05019613,0.016319212,0.03092014,0.06743549,-0.016352437,0.1110924,0.089185566,0.055975266,-0.06703855,0.07595104
2025-06-06 17:00:00,0.022509351,0.06877933,0.024834827,0.07642696,0.08253577,-0.054211244,0.022189837,-0.050475,-0.06922141,-0.030991089,-0.016260684,0.022840604,-0.019898653,0.0992004,-0.13379188,-0.018757418,0.061803035,0.07619299,-0.06699602,0.15958227,0.032131292,0.059419572,-0.05143791,0.01710847,0.032747652,0.06588089,-0.017047063,0.11301528,0.08925444,0.05739367,-0.06934642,0.07875752
2025-06-06 18:00:00,0.024168117,0.066097744,0.024601797,0.073676534,0.08265833,-0.055567987,0.018889679,-0.05149613,-0.072373204,-0.028829178,-0.015240689,0.024892975,-0.01908051,0.097517,-0.13142863,-0.018720403,0.05973173,0.076659136,-0.06612014,0.15765111,0.03219544,0.061058026,-0.053237785,0.017077161,0.03362894,0.064820625,-0.019053861,0.115273565,0.091101,0.059152693,-0.072171435,0.082093805
2025-06-06 19:00:00,0.024933705,0.06305899,0.023395158,0.06968898,0.08205203,-0.05458043,0.015183089,-0.052066278,-0.07532939,-0.025104376,-0.016872386,0.026427649,-0.017241884,0.09606439,-0.12884007,-0.020501643,0.056966793,0.07592264,-0.06425705,0.15557416,0.032145694,0.06335883,-0.053239495,0.019381527,0.035716813,0.06383528,-0.02061173,0.11798939,0.092553556,0.060653977,-0.074648365,0.08429836
2025-06-09 13:00:00,0.025284877,0.059057087,0.022072544,0.065364555,0.081182696,-0.052908182,0.010954807,-0.05345942,-0.07941024,-0.02048606,-0.02079393,0.028227285,-0.015103698,0.09396951,-0.12588713,-0.023534514,0.054089837,0.073939666,-0.061416797,0.15416096,0.032479294,0.06592695,-0.051627044,0.022379348,0.0385433,0.06293572,-0.021172393,0.12123938,0.09422387,0.06336464,-0.07667978,0.08719727
2025-06-09 14:00:00,0.024952754,0.055441014,0.020230507,0.061681706,0.07968454,-0.050918005,0.007922797,-0.053797107,-0.08239654,-0.01667698,-0.024921775,0.02906464,-0.013161186,0.09214414,-0.12382804,-0.026646793,0.05223546,0.07259673,-0.058561187,0.15333241,0.032728784,0.06813173,-0.04925837,0.025389818,0.041128337,0.06274229,-0.021373244,0.12428509,0.096169576,0.06568238,-0.078187644,0.08873661
2025-06-09 15:00:00,0.024825752,0.052565247,0.019011142,0.057816483,0.077879295,-0.048584633,0.0054125097,-0.053490914,-0.08556183,-0.0130652115,-0.026625983,0.029555187,-0.01169781,0.090581246,-0.12162323,-0.028835133,0.04993598,0.072392344,-0.056245096,0.15209068,0.033327922,0.07025628,-0.048118133,0.027856551,0.043930788,0.0621877,-0.021802668,0.12691593,0.097516924,0.06763787,-0.08108809,0.08958498
2025-06-09 16:00:00,0.024843853,0.048006445,0.018007236,0.052206285,0.07535204,-0.04644099,0.0015315693,-0.05306263,-0.09128117,-0.008213533,-0.0267196,0.031458266,-0.010136727,0.08851449,-0.1179097,-0.030927978,0.0459712,0.07321694,-0.05287205,0.14984146,0.03382512,0.07270548,-0.048524056,0.03029595,0.047060423,0.06051381,-0.02349565,0.13063169,0.099534586,0.06986922,-0.08676385,0.0909753
2025-06-09 17:00:00,0.025255384,0.044638544,0.016697526,0.04863644,0.07372086,-0.04668516,-0.0014242651,-0.052294284,-0.09442134,-0.005647715,-0.026280146,0.03302122,-0.008851159,0.087077394,-0.115528405,-0.03186989,0.043808553,0.07455226,-0.051195905,0.14807427,0.033533238,0.074459404,-0.049558304,0.031375635,0.048704475,0.059775293,-0.025581393,0.13339587,0.10181512,0.07101855,-0.09065299,0.092239365
2025-06-09 18:00:00,0.02509297,0.040592458,0.014984474,0.043463822,0.07137145,-0.044842497,-0.005136503,-0.05130083,-0.09844524,-0.001252396,-0.027101573,0.03465284,-0.0068934225,0.085692696,-0.11239022,-0.033978656,0.040106937,0.075104065,-0.048227802,0.14555639,0.03324517,0.0768186,-0.050097056,0.034377586,0.051400244,0.05834825,-0.027661165,0.13672072,0.10358219,0.07194141,-0.09546717,0.09290234
2025-06-09 19:00:00,0.023625284,0.03611916,0.012361102,0.03868429,0.06854019,-0.042340674,-0.008809188,-0.05014041,-0.10179308,0.0032390598,-0.03136344,0.035977237,-0.0045862347,0.084145844,-0.109803826,-0.037598908,0.036950693,0.07452334,-0.0439521,0.14387956,0.032816865,0.07880622,-0.048826672,0.038580075,0.053890362,0.05762397,-0.02919323,0.14060955,0.10583973,0.07292768,-0.09854111,0.09274141
2025-06-10 13:00:00,0.021668583,0.032598503,0.009903591,0.03602352,0.06609987,-0.04027319,-0.010731714,-0.049286246,-0.10345103,0.00593378,-0.037264086,0.036527492,-0.0028831996,0.08287096,-0.108812936,-0.041330762,0.035967533,0.07341265,-0.0402214,0.1438326,0.032428004,0.079609916,-0.04592797,0.04212351,0.05525273,0.058055248,-0.029491635,0.14350459,0.10796963,0.07414919,-0.09890123,0.092030294
2025-06-10 14:00:00,0.018660214,0.025200196,0.0070052743,0.030866511,0.06149345,-0.036650345,-0.013483865,-0.047824066,-0.10949896,0.010704493,-0.043282907,0.03915108,-0.00038418546,0.08098418,-0.1062112,-0.04656914,0.03375649,0.07380792,-0.033537954,0.14372051,0.03202014,0.08023879,-0.042583007,0.046567433,0.05673068,0.057759803,-0.031449027,0.14844394,0.11215691,0.076326735,-0.10240683,0.09071075
2025-06-10 15:00:00,0.017475242,0.020324819,0.0056617,0.026791722,0.05876921,-0.03387039,-0.015556725,-0.047110897,-0.11455183,0.014494168,-0.04564864,0.04101126,0.0014512651,0.07961215,-0.1037925,-0.04961899,0.031722255,0.07446849,-0.02974473,0.14328602,0.032248534,0.08139689,-0.040876433,0.049059317,0.05862867,0.057145573,-0.032688193,0.15156206,0.114409655,0.078230515,-0.10599166,0.09071406
2025-06-10 16:00:00,0.01562903,0.01786533,0.0033185706,0.026092116,0.055981673,-0.03438521,-0.014534652,-0.043915592,-0.1145343,0.013605693,-0.0463188,0.04154878,0.0020462833,0.07977861,-0.10463245,-0.05058839,0.033113897,0.077518724,-0.027985249,0.14389731,0.03101304,0.08044617,-0.040219083,0.04960724,0.0570902,0.058321007,-0.035310782,0.15322843,0.11759089,0.07707141,-0.106977314,0.08736953
2025-06-10 17:00:00,0.014394218,0.015002903,0.002367735,0.023158964,0.05357424,-0.032040134,-0.015118491,-0.04250989,-0.11753976,0.01592184,-0.04677791,0.043091252,0.0032129884,0.07973671,-0.10329455,-0.052431278,0.031444047,0.07902935,-0.025490109,0.14336488,0.030778628,0.08046856,-0.04008098,0.05149299,0.057795234,0.05757552,-0.037374645,0.15496506,0.11887537,0.07688485,-0.11004701,0.08544366
2025-06-10 18:00:00,0.012545517,0.014520887,0.0012307949,0.021894418,0.05182408,-0.030139592,-0.014843287,-0.04056702,-0.11746152,0.016733607,-0.048219267,0.042806953,0.0037046187,0.08019385,-0.10356787,-0.05378881,0.030612158,0.07961919,-0.023730129,0.14320923,0.030366348,0.080311656,-0.03947539,0.05345732,0.057931602,0.05737971,-0.038248334,0.15589194,0.119119555,0.07543127,-0.110721275,0.0824722
2025-06-10 19:00:00,0.011506171,0.013618112,0.0006175265,0.023685284,0.050998114,-0.032763846,-0.013309466,-0.039494753,-0.11663662,0.014040539,-0.047921527,0.04375094,0.0031951666,0.080608696,-0.10485116,-0.053146034,0.03284955,0.08149328,-0.02346918,0.14455548,0.029205225,0.078091666,-0.03987539,0.05206789,0.054995626,0.058303487,-0.039883576,0.15584144,0.12119949,0.074334115,-0.10979092,0.0806614
2025-06-11 13:00:00,0.010153897,0.0108793825,-0.0003489554,0.023079757,0.049698148,-0.03213208,-0.01289502,-0.039021894,-0.11840907,0.014468038,-0.049909562,0.045573965,0.0042508543,0.08093077,-0.10473995,-0.054835603,0.03333982,0.08225927,-0.021398399,0.14545885,0.028306523,0.07684775,-0.03873889,0.052949704,0.05365961,0.058495235,-0.04150214,0.15685032,0.12305918,0.07397165,-0.10999934,0.07911582
2025-06-11 14:00:00,0.009085948,0.011431515,-0.001106225,0.025352787,0.04978953,-0.03265136,-0.010336375,-0.038407907,-0.11626056,0.012180382,-0.05133861,0.045235768,0.004417073,0.08218928,-0.1068337,-0.05511962,0.03614711,0.082581185,-0.021702684,0.14734939,0.027369734,0.07521894,-0.037115395,0.05256383,0.05151681,0.059775546,-0.041504107,0.15579805,0.12359622,0.07247689,-0.10715511,0.07692179
2025-06-11 15:00:00,0.007753331,0.009063687,-0.0012664199,0.022406466,0.048145056,-0.028548658,-0.011159215,-0.038140796,-0.12004805,0.015559705,-0.052582867,0.04633773,0.0055049844,0.08213851,-0.10532795,-0.05751524,0.03360813,0.08243743,-0.018686317,0.14703277,0.02794833,0.07579896,-0.036148373,0.055119723,0.052905574,0.058386788,-0.042018156,0.15740387,0.1236476,0.07285856,-0.10972148,0.075578324
2025-06-11 16:00:00,0.006768259,0.011293869,-0.0011496693,0.023127139,0.04802371,-0.02740823,-0.009966897,-0.036980055,-0.11822295,0.014959218,-0.0519752,0.044573538,0.0046812743,0.08294725,-0.10654969,-0.057071142,0.03349749,0.08250825,-0.018876567,0.14718027,0.028201794,0.07574935,-0.036121517,0.055463698,0.05287619,0.058209877,-0.041242063,0.15670645,0.12233253,0.07138974,-0.109023795,0.07340865
2025-06-11 17:00:00,0.0055148983,0.008573085,-0.0013173632,0.020809405,0.045936573,-0.026436802,-0.011256242,-0.0360981,-0.121729076,0.016842017,-0.05124549,0.046174467,0.0045710467,0.08224932,-0.10505484,-0.057869628,0.031185452,0.083848454,-0.015861385,0.1463925,0.028209545,0.07551536,-0.037325516,0.056316912,0.052898593,0.056800216,-0.042976312,0.15880953,0.1238613,0.07163939,-0.112356424,0.07244434
2025-06-11 18:00:00,0.0032857433,0.01524964,-0.0030563287,0.025972545,0.045863274,-0.027450483,-0.005507158,-0.03161482,-0.11170112,0.010887675,-0.050024994,0.04112157,0.002138976,0.0858531,-0.110727206,-0.055506825,0.03563951,0.0856416,-0.018499669,0.14781862,0.026516343,0.072686434,-0.03698778,0.055508077,0.04939638,0.059232324,-0.04243797,0.15522684,0.1222609,0.06572529,-0.107017145,0.06517144
2025-06-11 19:00:00,0.0005249344,0.014617048,-0.003034629,0.02648528,0.043782372,-0.026550079,-0.00417836,-0.030849,-0.1121774,0.010278372,-0.05142702,0.041985556,0.0010490529,0.0864106,-0.11147641,-0.05652994,0.035648905,0.08558375,-0.016038336,0.14869836,0.02606761,0.069731385,-0.03660749,0.05618073,0.047704827,0.059000123,-0.04300996,0.15519696,0.122760266,0.0649697,-0.10674227,0.06194689
2025-06-12 13:00:00,-0.0023689456,0.007809248,-0.003836304,0.022769235,0.0402757,-0.0247684,-0.006408373,-0.03067363,-0.11943133,0.013717258,-0.05459624,0.046276584,0.0021698922,0.085091986,-0.109079376,-0.059857868,0.033125337,0.086025015,-0.009783614,0.1486986,0.02557082,0.068504244,-0.03560859,0.05835356,0.046866614,0.057381786,-0.045537513,0.1589652,0.12607008,0.06633836,-0.11056231,0.061058737
2025-06-12 14:00:00,-0.0030703507,0.007504426,-0.0042955317,0.024183657,0.040413857,-0.025606688,-0.0050872806,-0.03028752,-0.11882278,0.012251319,-0.054920945,0.046524264,0.0021909103,0.085850604,-0.11024335,-0.059594095,0.03484363,0.08637357,-0.009632673,0.14961162,0.024798544,0.06740919,-0.03482973,0.057694897,0.044958502,0.057865698,-0.045902938,0.1585023,0.12663995,0.065354645,-0.10922303,0.060121275
2025-06-12 15:00:00,-0.004199703,0.004423704,-0.005086556,0.02227676,0.039063808,-0.023847565,-0.0058266167,-0.030218158,-0.122013584,0.014273776,-0.056584075,0.048226975,0.0033227727,0.08564077,-0.10929869,-0.061533585,0.03378064,0.08645021,-0.00695993,0.14966686,0.024525244,0.06739873,-0.033798493,0.059188567,0.044948913,0.057236295,-0.04707685,0.16028704,0.12807861,0.06582304,-0.11072916,0.059568923
2025-06-12 16:00:00,-0.004731617,0.0001437068,-0.0055853687,0.018410895,0.03744759,-0.02142568,-0.0083435755,-0.030380003,-0.12741381,0.018202333,-0.057387546,0.050655738,0.0048567615,0.084595256,-0.106674895,-0.06372182,0.030716099,0.08688772,-0.0035277754,0.14867674,0.024798075,0.06865733,-0.033795834,0.061192602,0.046231665,0.055625945,-0.04875555,0.16325554,0.1297533,0.06710653,-0.11458817,0.060161993
2025-06-12 17:00:00,-0.0037900945,-0.0013785213,-0.0052164197,0.015529994,0.037599623,-0.019557014,-0.010905394,-0.03117648,-0.13049136,0.02146676,-0.056748293,0.051510423,0.005742859,0.08369306,-0.10433237,-0.06447354,0.027612835,0.08659591,-0.0024354681,0.14707546,0.025513936,0.070854045,-0.03470105,0.06250003,0.048337683,0.05408612,-0.049173005,0.16484849,0.12954259,0.0681684,-0.11740338,0.062038675
2025-06-12 18:00:00,-0.003244848,-0.003410615,-0.0054712817,0.011531934,0.036949117,-0.01720031,-0.014342431,-0.031312786,-0.13381277,0.02563847,-0.056686826,0.05219216,0.0067764707,0.082355395,-0.10154775,-0.065813586,0.02350256,0.086315334,-0.000349693,0.14476202,0.026135987,0.073535986,-0.03573317,0.06485792,0.05123122,0.052308448,-0.049858116,0.16737519,0.12969685,0.0692682,-0.121085875,0.06366126
2025-06-12 19:00:00,-0.003265745,-0.007507436,-0.0066940635,0.007129289,0.035396088,-0.015658246,-0.018399691,-0.031310238,-0.1380803,0.03000051,-0.05845341,0.053875685,0.008319885,0.08040504,-0.09856587,-0.06818798,0.019740093,0.086206295,0.0031268597,0.14282373,0.02618476,0.07576737,-0.036084786,0.067526035,0.05373177,0.05095796,-0.051227897,0.17111848,0.13164975,0.07104648,-0.124844804,0.06548598
2025-06-13 13:00:00,-0.004382414,-0.013553582,-0.009346597,0.0022858456,0.032619987,-0.013821416,-0.022189287,-0.03051502,-0.14291054,0.03456922,-0.062760316,0.056226164,0.010830682,0.07835673,-0.09592947,-0.0722259,0.016810317,0.08645506,0.008134283,0.14161985,0.025537794,0.077432185,-0.03480202,0.07120969,0.055796467,0.05038461,-0.05336222,0.17592074,0.13531005,0.072952256,-0.12829664,0.06623427
2025-06-13 14:00:00,-0.005169221,-0.016139217,-0.01224342,0.004622191,0.031646185,-0.019045662,-0.020457314,-0.02857222,-0.14080471,0.030552106,-0.064169705,0.057310686,0.011588108,0.07833301,-0.09812364,-0.07213566,0.02169147,0.088942,0.008360833,0.14360711,0.023043066,0.075092904,-0.03399787,0.069758594,0.052209534,0.05329766,-0.055923767,0.1767029,0.1402223,0.072098225,-0.12597091,0.064858764
2025-06-13 15:00:00,-0.004182362,-0.01351285,-0.01311871,0.011060402,0.03293533,-0.024979562,-0.01443588,-0.026185859,-0.1339628,0.02254915,-0.060007155,0.05668749,0.0111551285,0.081276745,-0.10227003,-0.06857505,0.029646082,0.092532374,0.0028489083,0.14633106,0.020886527,0.071414724,-0.03514551,0.06530137,0.046664312,0.05685584,-0.058261894,0.17282698,0.14206463,0.068707146,-0.121839225,0.061802153
2025-06-13 16:00:00,-0.0030489871,-0.01090847,-0.0118437745,0.012987874,0.034637794,-0.0241481,-0.011915298,-0.026714936,-0.13176326,0.021049539,-0.057939187,0.056600027,0.011597335,0.083573654,-0.103157446,-0.06758719,0.03148966,0.09283975,-0.00069473684,0.14729723,0.021013705,0.07071649,-0.03548781,0.06426208,0.045935474,0.056990482,-0.05830156,0.16980158,0.13998197,0.067069456,-0.12052171,0.06051818
2025-06-13 17:00:00,-0.0029448932,-0.005186029,-0.01020515,0.014846392,0.03650996,-0.022003941,-0.009924935,-0.0266127,-0.12767334,0.019906146,-0.056090556,0.053641498,0.010721829,0.08563272,-0.10468024,-0.066011876,0.031468466,0.09166631,-0.003797114,0.1473562,0.021928748,0.07125363,-0.03587815,0.0644188,0.046721525,0.056400888,-0.055919126,0.16662829,0.1354617,0.0645348,-0.118463285,0.058460448
2025-06-13 18:00:00,-0.0036682123,0.0033588298,-0.008458037,0.019311436,0.03869723,-0.021395795,-0.006546095,-0.026340887,-0.120083496,0.016291501,-0.054890767,0.04839483,0.007705178,0.0878277,-0.10839772,-0.063187495,0.032849424,0.08956831,-0.007510796,0.14817485,0.022747917,0.07045612,-0.035795018,0.06351704,0.046628065,0.056842614,-0.051546752,0.16217932,0.13001817,0.061686132,-0.11339204,0.055702113
2025-06-13 19:00:00,-0.004725025,0.00598868,-0.0063958205,0.02166181,0.03951621,-0.021346966,-0.0056921765,-0.028456002,-0.11887038,0.015146455,-0.056749266,0.04698631,0.005070675,0.0874357,-0.1097115,-0.06262568,0.03289624,0.08658719,-0.0074056536,0.14926532,0.023684017,0.06905576,-0.034661356,0.06268837,0.046323624,0.05667776,-0.047951527,0.16047576,0.12747282,0.062828034,-0.11045169,0.056364663
2025-06-16 13:00:00,-0.004685224,0.004521534,-0.0046976507,0.022431329,0.04008681,-0.022401085,-0.0063435864,-0.031460725,-0.12183924,0.015373038,-0.0584696,0.048178554,0.0038088076,0.085784204,-0.10915421,-0.06265548,0.032925896,0.08467854,-0.006183177,0.15029992,0.024454322,0.068153374,-0.03343659,0.06105104,0.04562511,0.056528486,-0.046101272,0.16056111,0.12763341,0.06575281,-0.109690905,0.059665583
2025-06-16 14:00:00,-0.0054094354,0.0056630783,-0.005667664,0.025162935,0.040014476,-0.023941029,-0.0036686119,-0.030497253,-0.11928871,0.0124704,-0.05867803,0.0467199,0.0029328018,0.08663063,-0.111733794,-0.061841443,0.036266267,0.08529824,-0.0068576783,0.15179068,0.023821592,0.06676005,-0.031649806,0.059491,0.043631364,0.05820792,-0.04541808,0.15924393,0.12826449,0.064874634,-0.106982425,0.058280684
2025-06-16 15:00:00,-0.00516506,0.0041102096,-0.0049099997,0.02293507,0.03949671,-0.021233203,-0.004759092,-0.03181348,-0.1229535,0.015301803,-0.0590681,0.04774177,0.0032520406,0.086007915,-0.11003192,-0.063316055,0.03415134,0.084459655,-0.0055231303,0.15137234,0.025018597,0.06744017,-0.030974584,0.060312778,0.045188442,0.05730307,-0.04517337,0.16017342,0.12778458,0.06679292,-0.10899068,0.0594185
2025-06-16 16:00:00,-0.0043659443,0.0022850558,-0.0039744824,0.019056633,0.03908774,-0.01841015,-0.007853845,-0.03282909,-0.12776022,0.019629708,-0.058068164,0.04882282,0.0038641281,0.084569566,-0.106841415,-0.064342365,0.029875109,0.084132865,-0.0037563294,0.14949805,0.026574498,0.069843486,-0.03191682,0.061632745,0.048125055,0.055204056,-0.045305613,0.16213746,0.12710752,0.06868073,-0.1131452,0.0615324
2025-06-16 17:00:00,-0.0044054845,-0.0022715554,-0.0048168115,0.0135113,0.037112564,-0.016107008,-0.012348982,-0.032558493,-0.13369924,0.024946095,-0.05848563,0.050941788,0.005364053,0.08238209,-0.103048876,-0.066605315,0.024892218,0.0848168,0.00022308528,0.14706004,0.027056731,0.07248337,-0.03299181,0.06419156,0.051015034,0.053019024,-0.047276028,0.16638602,0.12895302,0.070532516,-0.1186488,0.06324342
2025-06-16 18:00:00,-0.0035330253,-0.0023765787,-0.0051976517,0.011189848,0.03705896,-0.015281916,-0.014692688,-0.032129116,-0.1342646,0.027138086,-0.057914693,0.05046823,0.0058409087,0.08147134,-0.10162889,-0.06680516,0.022292,0.084704414,0.0005417466,0.1449508,0.027366469,0.07460554,-0.034228895,0.06550632,0.05317422,0.052126944,-0.047735788,0.16777553,0.12870264,0.07083574,-0.12064069,0.06448284
2025-06-16 19:00:00,-0.0034267167,-0.0047769547,-0.0062169284,0.008703202,0.036343373,-0.014511406,-0.017471826,-0.032648884,-0.1362417,0.0298647,-0.06084676,0.05129344,0.0069613717,0.07991172,-0.10003647,-0.068877555,0.020218628,0.08362729,0.0025906488,0.14388014,0.027298424,0.07603586,-0.033638135,0.067513846,0.05500724,0.051739484,-0.048016496,0.17014048,0.12985004,0.07255096,-0.121830046,0.0663035
2025-06-17 13:00:00,-0.0037727663,-0.010759287,-0.007998902,0.004840471,0.03436733,-0.013624553,-0.020896958,-0.03315366,-0.14147569,0.033725545,-0.06488983,0.054103687,0.0092525,0.07765357,-0.09736912,-0.072346926,0.01819466,0.0835417,0.0066415817,0.14338286,0.026917523,0.07726671,-0.032173872,0.069857046,0.056622736,0.051431477,-0.04950115,0.17416409,0.13338707,0.07540029,-0.124605946,0.068477914
2025-06-17 14:00:00,-0.0054451237,-0.013646923,-0.010964952,0.0026909262,0.031923003,-0.012232058,-0.021227667,-0.030925194,-0.14215018,0.035106875,-0.06874843,0.054278508,0.011110898,0.07726066,-0.09764364,-0.075345024,0.018488016,0.0843558,0.009286627,0.14350083,0.025994908,0.07773985,-0.02958877,0.072544314,0.057326905,0.05241067,-0.050774902,0.17659897,0.1360571,0.075521976,-0.1251216,0.06657421
2025-06-17 15:00:00,-0.0056167813,-0.014284186,-0.011344232,0.0009625703,0.03074456,-0.010308787,-0.021495419,-0.03016167,-0.14326279,0.036629587,-0.06871456,0.05425384,0.011809181,0.07705727,-0.096860215,-0.07631476,0.01753497,0.08489413,0.009901658,0.14299056,0.026574474,0.0784635,-0.029273402,0.07368792,0.058914296,0.052275483,-0.051117085,0.17730151,0.13615502,0.07604495,-0.12685736,0.06592676
2025-06-17 16:00:00,-0.005818953,-0.016867556,-0.011628978,-0.0018142089,0.029025465,-0.009489259,-0.023204466,-0.02932378,-0.14654936,0.038774222,-0.06773883,0.055735886,0.012532391,0.07612355,-0.09488797,-0.077095896,0.015413616,0.08636724,0.011680171,0.14193435,0.026817821,0.079249784,-0.030387834,0.07446727,0.060129948,0.051246565,-0.052684776,0.17927271,0.13744394,0.076748215,-0.13057823,0.06596623
2025-06-17 17:00:00,-0.006306247,-0.0130614415,-0.011969622,-0.00027956814,0.029362578,-0.009694256,-0.021526614,-0.027571855,-0.14197832,0.03673689,-0.06724982,0.05306217,0.011625681,0.07735558,-0.09702015,-0.07594071,0.016503768,0.08632985,0.009675622,0.14177814,0.026551774,0.079021595,-0.030404266,0.074522465,0.05986438,0.052014463,-0.05198539,0.17763504,0.1356962,0.07446824,-0.12852392,0.0635472
2025-06-17 18:00:00,-0.0074024284,-0.008947641,-0.011883505,0.00313773,0.029583793,-0.0109769255,-0.018613698,-0.026508786,-0.13677263,0.033047445,-0.067358166,0.050561525,0.009747982,0.07880876,-0.100164816,-0.07434942,0.01902134,0.08595764,0.0077590644,0.14288871,0.02615116,0.07702602,-0.029924558,0.07350282,0.058142997,0.053266313,-0.050593235,0.17510231,0.13414927,0.07246078,-0.12484345,0.060713105
2025-06-17 19:00:00,-0.007917554,-0.010752864,-0.011086024,0.0035086647,0.028929122,-0.012084896,-0.018580418,-0.027483005,-0.13896406,0.03262779,-0.067584686,0.0524522,0.009230517,0.07821155,-0.09962821,-0.07432723,0.019356498,0.08614998,0.008854434,0.14363998,0.026112394,0.075300284,-0.030148571,0.0724067,0.05669176,0.053111054,-0.051019892,0.17528011,0.1351968,0.07347787,-0.12530926,0.061223984
2025-06-18 13:00:00,-0.008366737,-0.013566293,-0.011312127,0.0019372255,0.028345652,-0.010899775,-0.019605739,-0.028209332,-0.14207372,0.03447544,-0.06967133,0.0541967,0.010267492,0.07761088,-0.09845124,-0.07609856,0.018513715,0.085739106,0.010834545,0.14379573,0.026016762,0.075443774,-0.028929219,0.073445074,0.056840457,0.05269367,-0.05146052,0.17658466,0.13598126,0.07459566,-0.12634182,0.0619827
2025-06-18 14:00:00,-0.009050311,-0.011647962,-0.012295313,0.004721701,0.028375074,-0.012872949,-0.016810387,-0.026256569,-0.13845019,0.030965665,-0.06858931,0.0527777,0.0096489675,0.07908537,-0.10113864,-0.074567065,0.021718122,0.08721465,0.009311423,0.14498878,0.025065452,0.07407619,-0.028585244,0.0720517,0.054485865,0.054057434,-0.051850326,0.17509872,0.1364281,0.07226085,-0.12400258,0.05934365
2025-06-18 15:00:00,-0.008932752,-0.011524722,-0.011539329,0.0035636127,0.02806637,-0.011053041,-0.01692794,-0.026238516,-0.13976659,0.03218995,-0.066891916,0.053227656,0.009626951,0.07942499,-0.10016692,-0.074568614,0.020237599,0.08761901,0.009469703,0.1442604,0.025661703,0.074235365,-0.029641185,0.07251578,0.05515147,0.0531237,-0.05233354,0.17500359,0.13550508,0.072045065,-0.12583573,0.058760814
2025-06-18 16:00:00,-0.008517952,-0.011933573,-0.010566808,0.0013034195,0.028039068,-0.009326993,-0.018940581,-0.026683673,-0.14209947,0.034679294,-0.06546866,0.05380121,0.009685811,0.07888071,-0.09810364,-0.07465519,0.017127508,0.087337635,0.010319971,0.14259917,0.026437115,0.0756166,-0.031229094,0.073492594,0.056783207,0.051351205,-0.05247838,0.17582445,0.13433185,0.07233878,-0.12862346,0.05968027
2025-06-18 17:00:00,-0.009253499,-0.014726229,-0.011130206,-0.0035230666,0.025998436,-0.0065616183,-0.02250115,-0.02545501,-0.14617735,0.03913472,-0.06515091,0.054915592,0.010459691,0.077609934,-0.09508105,-0.07617168,0.0122268535,0.08785038,0.013873175,0.1397547,0.026678776,0.07767105,-0.032857027,0.07651805,0.059185296,0.04904501,-0.05408787,0.1790616,0.13484061,0.07249736,-0.13374335,0.059675038
2025-06-18 18:00:00,-0.009521828,-0.014458686,-0.012071315,-0.0023347065,0.02592051,-0.0096649565,-0.02250919,-0.02412791,-0.14390756,0.037010737,-0.06453401,0.054615326,0.009831473,0.07765356,-0.0961289,-0.07474868,0.013356114,0.08886336,0.01358854,0.13946015,0.025469894,0.07674558,-0.034203015,0.0756085,0.05739191,0.049608193,-0.055249304,0.17935084,0.13613634,0.071171165,-0.13282596,0.059058383
2025-06-18 19:00:00,-0.010071517,-0.0073071346,-0.012881808,0.0051442757,0.028166305,-0.013669839,-0.016511532,-0.022728343,-0.1327645,0.029061744,-0.06475613,0.050141014,0.0075310953,0.08093785,-0.10242361,-0.07154937,0.020348951,0.08853124,0.008620858,0.14203957,0.023684245,0.0731946,-0.032729954,0.072835185,0.05325859,0.053196333,-0.05311065,0.17408788,0.1343545,0.06712076,-0.12415287,0.05523806
2025-06-20 13:00:00,-0.010421704,-0.006894417,-0.0117190145,0.00789538,0.028403163,-0.015274085,-0.01432238,-0.023901615,-0.1321746,0.026483698,-0.06463835,0.051083595,0.0066478215,0.08160777,-0.10346471,-0.07073066,0.022953462,0.08823343,0.0076057687,0.14384648,0.023584124,0.070333295,-0.032376803,0.07079917,0.05085955,0.054095387,-0.052651905,0.17214379,0.1345301,0.067370236,-0.12217018,0.054824043
2025-06-20 14:00:00,-0.010892949,-0.0026108176,-0.011489645,0.014045604,0.03013372,-0.018319849,-0.009165404,-0.023460252,-0.12593837,0.02029941,-0.06369051,0.048974767,0.0051493123,0.08424425,-0.107750386,-0.0681307,0.028851744,0.088505834,0.0038252547,0.1467953,0.022503471,0.06734041,-0.031002443,0.06758032,0.04705935,0.05643408,-0.051040344,0.16774873,0.13333803,0.0647583,-0.116434745,0.052299276
2025-06-20 15:00:00,-0.0115857,-0.0004903972,-0.010714136,0.017019477,0.030600805,-0.01852448,-0.0060509983,-0.023420706,-0.12402731,0.017634274,-0.062583,0.048346817,0.0042972527,0.08600658,-0.10965421,-0.06707549,0.0313088,0.08860839,0.002154626,0.14860693,0.022418097,0.065387234,-0.030378003,0.066029124,0.045156628,0.057117537,-0.050246157,0.16531458,0.13226028,0.063477494,-0.11427504,0.050237857
2025-06-20 16:00:00,-0.011433159,-0.0002334863,-0.009116076,0.018674076,0.03190258,-0.018793821,-0.0051133875,-0.025607694,-0.124868095,0.016882123,-0.062881365,0.049043126,0.0037857406,0.08621064,-0.11002539,-0.0667995,0.032180022,0.087259956,0.001408428,0.1500408,0.02281362,0.06463958,-0.029598529,0.06461498,0.044208057,0.056956794,-0.0488901,0.1640155,0.13120557,0.06432319,-0.11281182,0.051483862
2025-06-20 17:00:00,-0.010667966,0.0019731,-0.0075411946,0.019183848,0.03324472,-0.017561572,-0.0047518704,-0.02631227,-0.12486379,0.017091585,-0.060589053,0.048038542,0.0031067356,0.08679387,-0.10992965,-0.06556174,0.03134286,0.0867729,-5.314499e-05,0.14979245,0.023993155,0.065475054,-0.030282153,0.06402936,0.044787295,0.05614616,-0.04773604,0.1627655,0.12885562,0.064017996,-0.11298288,0.051827136
2025-06-20 18:00:00,-0.009546929,0.0016527772,-0.006301783,0.019333221,0.033965237,-0.019158138,-0.005436195,-0.026922125,-0.1262963,0.016855469,-0.057271272,0.048954286,0.0024417154,0.08627044,-0.10892625,-0.0638001,0.030617934,0.087888286,-0.0006260723,0.14927891,0.02439126,0.06564806,-0.032897525,0.0621344,0.044174463,0.055161644,-0.04862286,0.16289456,0.12918204,0.06429323,-0.11459913,0.05339846
2025-06-20 19:00:00,-0.00845926,0.0029786415,-0.0056093596,0.018688701,0.035235528,-0.018256204,-0.006405892,-0.02743245,-0.12580241,0.017855195,-0.056197353,0.04834582,0.0023643002,0.08638293,-0.10833424,-0.06330645,0.029074578,0.08722679,-0.0015417337,0.14802407,0.024772687,0.06695796,-0.0340034,0.06264371,0.045168277,0.054351028,-0.0484889,0.16264707,0.12761259,0.06394762,-0.11491986,0.054334357
2025-06-23 13:00:00,-0.007827488,0.0002297908,-0.0056744665,0.017559737,0.035651527,-0.01906202,-0.008605098,-0.0293256,-0.12838775,0.019423248,-0.058205076,0.05020608,0.0031290986,0.08489378,-0.10692659,-0.064371794,0.028105112,0.08620523,-4.5597553e-05,0.14791414,0.024634434,0.06758934,-0.03380116,0.06288194,0.04550839,0.05393131,-0.048835844,0.16429068,0.12907122,0.06582261,-0.115298286,0.057297833
2025-06-23 14:00:00,-0.006537062,0.005370684,-0.006334666,0.02408658,0.038354427,-0.023991907,-0.0039399285,-0.028084628,-0.120018244,0.012548072,-0.05554244,0.047116786,0.0017838404,0.087136894,-0.11148566,-0.060617357,0.034502015,0.08748039,-0.0052613243,0.14981204,0.023272024,0.06572096,-0.034128472,0.05918143,0.042074982,0.056956187,-0.04808142,0.1601999,0.12871675,0.06280668,-0.1095003,0.055990826
2025-06-23 15:00:00,-0.005310145,0.0065068975,-0.004917614,0.023831211,0.03942037,-0.022438701,-0.0040069185,-0.029654972,-0.12034479,0.013440294,-0.054931514,0.047194973,0.0017725639,0.08745236,-0.11086075,-0.06077911,0.033749342,0.08620174,-0.006600663,0.14957307,0.02423088,0.066077545,-0.03433773,0.059366107,0.043191694,0.056595616,-0.047203213,0.1591781,0.12689666,0.06364155,-0.10959847,0.05704599
2025-06-23 16:00:00,-0.0045786398,0.011206411,-0.0033937693,0.024801023,0.040974107,-0.021155197,-0.0034375824,-0.029741388,-0.11739807,0.013031611,-0.052976027,0.044411585,0.000651855,0.08831428,-0.11156604,-0.05914399,0.032978874,0.08502114,-0.009225924,0.14887998,0.025464123,0.06709426,-0.035054673,0.059316836,0.044740606,0.056194685,-0.044889227,0.15704857,0.12320264,0.06265684,-0.10863966,0.0566346
2025-06-23 17:00:00,-0.0034847083,0.017444797,-0.003482189,0.035977453,0.04421071,-0.03124146,0.0040046833,-0.027969906,-0.10593735,0.0011205915,-0.047307324,0.04138145,-0.0028940178,0.090849645,-0.11795802,-0.052279763,0.04301264,0.088317946,-0.016160794,0.15264574,0.022861699,0.06206917,-0.037758805,0.051638484,0.037563108,0.060381416,-0.04487837,0.15092108,0.12386681,0.058449946,-0.100985214,0.054710932
2025-06-23 18:00:00,-0.0012614187,0.018925868,-0.0008380115,0.039283335,0.047112662,-0.033694908,0.0057810107,-0.030793663,-0.10514687,-0.0016170796,-0.045247454,0.04274398,-0.0036021434,0.0918472,-0.11855711,-0.05047498,0.045570344,0.08746904,-0.02003634,0.15405883,0.022896232,0.060137108,-0.03880091,0.04836729,0.035370447,0.060950138,-0.04450749,0.14790194,0.12261741,0.058890894,-0.09883994,0.057106614
2025-06-23 19:00:00,0.00049189385,0.017304137,0.0009859763,0.038118906,0.048715457,-0.0334561,0.003965202,-0.033574782,-0.108862564,0.00022342615,-0.0448223,0.04506606,-0.0024346113,0.09138358,-0.11653948,-0.0505618,0.04425799,0.08633244,-0.02054435,0.1538517,0.02375204,0.061304167,-0.039194033,0.04775908,0.035965007,0.059711445,-0.044276647,0.1480912,0.12205446,0.060467325,-0.100146405,0.060452268
2025-06-24 13:00:00,0.0019711452,0.015146654,0.0014910549,0.0362517,0.050000798,-0.03313642,0.0014530141,-0.035821326,-0.11216338,0.0027277712,-0.04567782,0.04675515,-0.0008222163,0.09028204,-0.11454582,-0.051337183,0.042688422,0.085278526,-0.020128313,0.15340629,0.024264673,0.06344589,-0.038914524,0.048077762,0.03741019,0.058861874,-0.04407757,0.1494331,0.12245728,0.062299825,-0.10120123,0.06397027
2025-06-24 14:00:00,0.0016506668,0.010241773,-0.0003638342,0.032869637,0.048945844,-0.031983323,-0.0012854505,-0.03645914,-0.11639756,0.006249808,-0.04935106,0.04889746,0.001690574,0.08865377,-0.112583265,-0.05438458,0.041163184,0.08498858,-0.016772076,0.15322638,0.023829538,0.06532033,-0.037030026,0.050368957,0.038910132,0.058603555,-0.045217022,0.15292639,0.12549512,0.06422403,-0.10284263,0.06570981
2025-06-24 15:00:00,0.0036492376,0.008369364,-9.713322e-05,0.030395478,0.049574573,-0.030870892,-0.003579555,-0.037993416,-0.119479775,0.009092309,-0.048859395,0.04983232,0.0031966753,0.087521166,-0.110352606,-0.05514004,0.039213352,0.084783554,-0.016692929,0.15236913,0.024780016,0.06779053,-0.037259907,0.050884984,0.041337926,0.05791574,-0.04536008,0.1543385,0.12606223,0.066387594,-0.10503866,0.068789765
2025-06-24 16:00:00,0.0033591269,0.0025713518,-0.0018201396,0.022796761,0.046511687,-0.026192332,-0.008580567,-0.03705183,-0.126428,0.016301105,-0.050109297,0.05195932,0.006026279,0.08545803,-0.10580218,-0.0589438,0.033208355,0.08575693,-0.011711091,0.14955577,0.025416981,0.07156114,-0.03746245,0.05546383,0.045776773,0.055528425,-0.047740296,0.15951765,0.12840588,0.068379804,-0.111895725,0.06949594
2025-06-24 17:00:00,0.0035261037,4.7929585e-05,-0.0029548332,0.017644834,0.04505278,-0.022846388,-0.012718005,-0.03672927,-0.12979402,0.021572756,-0.051742993,0.052261278,0.0077344514,0.083690606,-0.1027018,-0.061615735,0.028429614,0.08523231,-0.008851521,0.14708558,0.026111558,0.075017214,-0.037621453,0.059156857,0.050003074,0.05391944,-0.048311383,0.162911,0.12892929,0.06989807,-0.115826905,0.0707435
2025-06-24 18:00:00,0.0015364103,-0.0068765134,-0.005905442,0.00970944,0.04026503,-0.018627638,-0.018127913,-0.03446461,-0.13658045,0.028683072,-0.05520586,0.054465927,0.01026712,0.0810645,-0.09850106,-0.06646332,0.02229203,0.08620988,-0.0018038675,0.14416914,0.026082635,0.077957466,-0.037358545,0.06479819,0.054035097,0.051817052,-0.051153675,0.16937429,0.13244689,0.071717225,-0.12276451,0.070226625
2025-06-24 19:00:00,0.0012678364,-0.010708459,-0.0074217767,0.005790636,0.038444135,-0.017233707,-0.021812582,-0.034423895,-0.14007267,0.032597736,-0.058488794,0.055743724,0.011846639,0.07899387,-0.095988035,-0.06936003,0.019307543,0.085654765,0.0015057027,0.14273769,0.02612474,0.0798361,-0.036689598,0.06758339,0.056680053,0.05121822,-0.05190867,0.17285915,0.13437952,0.07389581,-0.12555648,0.071845174
2025-06-25 13:00:00,0.00033475645,-0.013539664,-0.009325825,0.003102541,0.036824383,-0.015296422,-0.02391971,-0.034211773,-0.14186735,0.03553564,-0.063787594,0.05600764,0.013468705,0.07744726,-0.09493175,-0.07289337,0.017985135,0.08431695,0.004420176,0.14238524,0.026026037,0.08116293,-0.034051903,0.070727274,0.058891445,0.05159566,-0.051617056,0.1755329,0.13580647,0.07580942,-0.12609395,0.07249103
2025-06-25 14:00:00,-0.00065484457,-0.015996434,-0.010765746,0.0014457852,0.035291612,-0.013848914,-0.024851596,-0.03417455,-0.14356138,0.03737875,-0.068328604,0.056219116,0.0146278255,0.076137036,-0.09447345,-0.07580291,0.017857216,0.08343884,0.0067237616,0.14290915,0.026106164,0.08175481,-0.031138893,0.07271372,0.060388483,0.052344833,-0.051003866,0.17745973,0.13729542,0.07793354,-0.126109,0.07291108
2025-06-25 15:00:00,-0.0013110265,-0.016568586,-0.011373498,0.00017303228,0.033879537,-0.012248678,-0.024751773,-0.03316989,-0.14436933,0.03836505,-0.06920601,0.055621296,0.015000526,0.07564795,-0.0942944,-0.07688551,0.017617553,0.083841376,0.0075277984,0.14291324,0.026740558,0.08231333,-0.029826172,0.07360768,0.061784625,0.052687816,-0.05076626,0.17817755,0.13756551,0.07884805,-0.12711522,0.07222302
2025-06-25 16:00:00,-0.0018420732,-0.018883899,-0.0116556175,-0.0033835694,0.031888045,-0.009429602,-0.026526297,-0.032484636,-0.14809008,0.04176967,-0.06936436,0.056386612,0.015739169,0.074497774,-0.09209825,-0.078632906,0.014743574,0.08447799,0.009886719,0.14173703,0.027606096,0.08367184,-0.029773548,0.075375125,0.06433746,0.051583074,-0.05138132,0.18021913,0.13789769,0.08025764,-0.13096717,0.072284125
2025-06-25 17:00:00,-0.0027596997,-0.022145197,-0.012622431,-0.0077589005,0.029270545,-0.0070721656,-0.029180696,-0.030945688,-0.1522514,0.04555016,-0.06952411,0.05756192,0.016694784,0.073140115,-0.08960982,-0.08053346,0.011067916,0.085627645,0.013183877,0.1398904,0.027885072,0.08525342,-0.030387703,0.07770995,0.06672938,0.05008439,-0.052969553,0.1833236,0.13907771,0.08102337,-0.13577934,0.07199023
2025-06-25 18:00:00,-0.004647211,-0.02484411,-0.014673114,-0.010948159,0.026432864,-0.005431002,-0.030895932,-0.028642599,-0.15420039,0.047943316,-0.07187743,0.058142394,0.017665397,0.07229933,-0.08876662,-0.08287747,0.008850634,0.08647124,0.016617455,0.13871284,0.027280355,0.08586015,-0.029938351,0.08050752,0.06783278,0.049615324,-0.0546427,0.18632807,0.1408422,0.08078978,-0.13833384,0.070171416
2025-06-25 19:00:00,-0.0063429484,-0.029192872,-0.01638671,-0.014861733,0.023007013,-0.003991436,-0.033002995,-0.026457524,-0.1581416,0.050792985,-0.07293834,0.06014815,0.018781204,0.07125814,-0.08697499,-0.08500722,0.006184023,0.08824697,0.020686992,0.13729233,0.026749177,0.08614355,-0.030337382,0.0829511,0.06864102,0.04859771,-0.0572775,0.18977174,0.1434239,0.08096199,-0.14262077,0.06866529
2025-06-26 13:00:00,-0.007907455,-0.03438066,-0.018451534,-0.018389583,0.020405859,-0.0023496263,-0.035408862,-0.025716323,-0.16235515,0.05411011,-0.077136524,0.06271829,0.020861495,0.070006445,-0.08518335,-0.088613436,0.0041990094,0.08863116,0.025116332,0.13683042,0.025872786,0.08639942,-0.028981714,0.08593113,0.06944055,0.048237994,-0.059183203,0.19339745,0.14631121,0.082087174,-0.14515996,0.0683151
2025-06-26 14:00:00,-0.01013282,-0.03946378,-0.02126941,-0.020691976,0.01781255,-0.0012552924,-0.03636118,-0.024637945,-0.16539831,0.05604794,-0.08295465,0.064807005,0.023133006,0.06908868,-0.08488673,-0.09267239,0.0042077787,0.08906939,0.029504932,0.13775712,0.024493657,0.08594446,-0.02595988,0.0888071,0.06926347,0.04893788,-0.060729623,0.19676083,0.14995514,0.08298269,-0.14568138,0.06702638
2025-06-26 15:00:00,-0.011844252,-0.045052983,-0.023415707,-0.024787977,0.014771126,0.0020909645,-0.037762247,-0.023362929,-0.17054062,0.059928782,-0.086340666,0.06724375,0.02575447,0.06815924,-0.08308549,-0.096729666,0.00241163,0.090378,0.034094512,0.13781628,0.024252897,0.086609334,-0.023907203,0.09198332,0.07072136,0.048555784,-0.06281084,0.20037974,0.15295425,0.08434346,-0.14908835,0.065910205
2025-06-26 16:00:00,-0.0126315085,-0.048374496,-0.024575293,-0.027603865,0.01271221,0.0036422536,-0.03872899,-0.02188034,-0.17387278,0.06209243,-0.08634047,0.06877589,0.027214054,0.06765185,-0.08172229,-0.09837054,0.000941813,0.092284635,0.036443368,0.13743584,0.024184057,0.08735864,-0.02385231,0.09333609,0.071697384,0.04795581,-0.06476603,0.20266686,0.15495047,0.08467257,-0.15238038,0.06495088
2025-06-26 17:00:00,-0.015638877,-0.057363503,-0.02822709,-0.03578496,0.007148534,0.009328652,-0.04267367,-0.018771823,-0.18250997,0.069652006,-0.09061109,0.07271866,0.031069618,0.06585491,-0.077932045,-0.10490979,-0.004615588,0.09492638,0.044847943,0.13585155,0.023505297,0.08929299,-0.02272788,0.09947017,0.074922584,0.0460465,-0.06913589,0.20974393,0.15962836,0.08578064,-0.16006297,0.06255492
2025-06-26 18:00:00,-0.017876275,-0.0641639,-0.031294934,-0.041138157,0.0033360273,0.012468047,-0.045659132,-0.01670789,-0.18839064,0.07459418,-0.09500941,0.07564612,0.03405833,0.06434593,-0.07565507,-0.109972164,-0.008039895,0.09649131,0.051076934,0.13520932,0.022585116,0.09049739,-0.021427166,0.10392305,0.07686593,0.045100845,-0.07212554,0.21519297,0.16364558,0.08671254,-0.16460598,0.06112574
2025-06-26 19:00:00,-0.0201169,-0.07037567,-0.034282573,-0.046607323,-0.00045776367,0.016599923,-0.048291482,-0.0144673735,-0.1939156,0.07981897,-0.099388346,0.078041896,0.03702106,0.06301895,-0.07351913,-0.1151876,-0.011598684,0.09786573,0.057164565,0.13437991,0.022024173,0.091964446,-0.019836884,0.10878973,0.07931155,0.044150956,-0.07479387,0.22032748,0.16701685,0.08762805,-0.16917326,0.059479333
2025-06-27 13:00:00,-0.02219937,-0.07573909,-0.03702072,-0.049808756,-0.0032026768,0.018664729,-0.04988341,-0.013406374,-0.19797508,0.08301023,-0.10513693,0.080171406,0.039492,0.0617013,-0.07272065,-0.119944975,-0.012914583,0.0984257,0.062172666,0.13501617,0.020952163,0.09225006,-0.017257389,0.11230413,0.08032867,0.044314224,-0.07624963,0.22448072,0.17060581,0.08902942,-0.17087387,0.058466516
2025-06-27 14:00:00,-0.024841852,-0.07729467,-0.039585754,-0.0501592,-0.005906865,0.018584233,-0.048224576,-0.01018098,-0.19773516,0.08197496,-0.10729063,0.08020049,0.040178444,0.06217454,-0.074746914,-0.12161183,-0.011285532,0.10043592,0.06443426,0.13621959,0.019837089,0.0909959,-0.015412755,0.1136056,0.07897919,0.045339033,-0.07808321,0.22603968,0.1734486,0.08769217,-0.17062998,0.054316923
2025-06-27 15:00:00,-0.026112564,-0.08003742,-0.040443875,-0.0522864,-0.008060209,0.021005213,-0.04809095,-0.009179868,-0.20070991,0.08402144,-0.10823446,0.08185811,0.04125392,0.06206365,-0.074046,-0.123832166,-0.012318872,0.10195467,0.06698139,0.13656063,0.01994782,0.09059316,-0.014842879,0.11501774,0.07952554,0.044901412,-0.079761855,0.22769986,0.17499673,0.0881626,-0.17303789,0.052467927
2025-06-27 16:00:00,-0.027772829,-0.08507065,-0.041916646,-0.056352362,-0.011077575,0.023712844,-0.049800932,-0.0076360926,-0.20607951,0.08771644,-0.10974162,0.084578715,0.043140132,0.06114093,-0.07208614,-0.12707154,-0.0151859075,0.10392988,0.07147004,0.1362373,0.01977494,0.09110662,-0.014651623,0.11755099,0.080757,0.043598875,-0.082386695,0.23133573,0.17762518,0.08876377,-0.17751947,0.050945938
2025-06-27 17:00:00,-0.029102847,-0.08623389,-0.04283034,-0.059933126,-0.01318042,0.027654033,-0.050968148,-0.0053420477,-0.20825759,0.09098958,-0.10944038,0.08471366,0.043927457,0.06110168,-0.07079654,-0.12893794,-0.018637713,0.105085835,0.0740955,0.1345191,0.020185448,0.09265122,-0.015136287,0.12059529,0.08286963,0.042045858,-0.084007815,0.23335671,0.17748556,0.08764899,-0.18131013,0.04870131
2025-06-27 18:00:00,-0.031657927,-0.08026404,-0.043531574,-0.05772777,-0.013858564,0.02771004,-0.04829053,-0.0022226796,-0.20182729,0.087677665,-0.10952432,0.080552965,0.041545715,0.06324968,-0.074892074,-0.12757778,-0.01731782,0.10443924,0.07290663,0.1344898,0.019697888,0.091380194,-0.014440261,0.12137657,0.0815115,0.04269228,-0.08284796,0.2313997,0.17514484,0.083519444,-0.17786565,0.043276664
2025-06-27 19:00:00,-0.033920556,-0.08025753,-0.04341314,-0.056167558,-0.015129246,0.026830647,-0.047129653,-0.0025195256,-0.20143618,0.086193584,-0.111953065,0.08085236,0.040026415,0.06319056,-0.07645885,-0.12803918,-0.016354341,0.10354766,0.07467511,0.1357871,0.019072939,0.08848211,-0.013557192,0.12123629,0.07940487,0.043041848,-0.08216136,0.23122565,0.17573068,0.083637506,-0.17599325,0.041480206
2025-06-30 13:00:00,-0.035999026,-0.084196396,-0.044283614,-0.05515857,-0.01711908,0.023346264,-0.046055816,-0.0019284487,-0.20394358,0.08408154,-0.1130229,0.083606154,0.039892185,0.062670976,-0.07722665,-0.12812315,-0.014069013,0.105203345,0.07718703,0.13780716,0.017524023,0.08498013,-0.013162907,0.11963134,0.07551257,0.043646976,-0.084242046,0.2324037,0.17975226,0.083784886,-0.17592785,0.040043853
2025-06-30 14:00:00,-0.036789224,-0.08647048,-0.04523284,-0.055972144,-0.017735861,0.025166605,-0.045060344,-0.001881931,-0.20578802,0.085083485,-0.11497339,0.085234836,0.041250233,0.0632264,-0.077338606,-0.13013981,-0.013419673,0.10584258,0.07865699,0.13864675,0.016959872,0.08429119,-0.011295635,0.120614804,0.07469386,0.043833617,-0.085507505,0.2330052,0.18074256,0.083845206,-0.17614764,0.03889625
2025-06-30 15:00:00,-0.036808413,-0.08764308,-0.045205228,-0.0576182,-0.017847918,0.028117362,-0.04551673,-0.0024488643,-0.20807393,0.087478735,-0.1154537,0.08605349,0.042302307,0.06329347,-0.07615852,-0.13171756,-0.014909722,0.105765,0.079787835,0.1385096,0.017624192,0.0853837,-0.010643553,0.12186899,0.07593975,0.043017127,-0.08567528,0.23366807,0.18021595,0.084455326,-0.17763579,0.039039873
2025-06-30 16:00:00,-0.036758006,-0.0900589,-0.045174785,-0.061638653,-0.019059077,0.031842377,-0.04807733,-0.0020543411,-0.21243687,0.09192397,-0.1142397,0.0872209,0.043295864,0.06234427,-0.07309641,-0.13342014,-0.019276455,0.10669373,0.08241257,0.13670975,0.01875439,0.08778384,-0.011944175,0.12399128,0.07884746,0.040916253,-0.08678716,0.23612006,0.18018216,0.08529366,-0.182484,0.039619654
2025-06-30 17:00:00,-0.037424244,-0.0945457,-0.04645785,-0.066976964,-0.021553203,0.035099577,-0.051916763,-0.00058826804,-0.21773505,0.09718208,-0.11485476,0.08910588,0.04492558,0.06069582,-0.0698364,-0.13642088,-0.024452545,0.108051136,0.08692527,0.13447839,0.018929753,0.090199485,-0.013164263,0.1273702,0.08189363,0.03882631,-0.08899624,0.24061744,0.18197176,0.086165376,-0.18825558,0.039873123
2025-06-30 18:00:00,-0.038047597,-0.09593319,-0.047745325,-0.06891726,-0.022642449,0.03579745,-0.053678088,0.00066402555,-0.21855007,0.09884501,-0.11642402,0.0892103,0.045598093,0.060043555,-0.06932798,-0.13790043,-0.026309453,0.108182274,0.08892864,0.13337249,0.018400721,0.0911303,-0.013278104,0.12939763,0.082975194,0.038397446,-0.08988338,0.24285029,0.18298545,0.085960045,-0.18958896,0.03955051
2025-06-30 19:00:00,-0.039153326,-0.097366594,-0.049268052,-0.067557946,-0.023758538,0.03166191,-0.053083822,0.0022802353,-0.21761617,0.09604862,-0.11704701,0.089883775,0.045498785,0.05996698,-0.07097606,-0.13720204,-0.02398099,0.10945902,0.08961071,0.13431713,0.016692284,0.08903299,-0.013486281,0.1284405,0.080275364,0.039455086,-0.09147855,0.24372421,0.18615006,0.08493008,-0.18831962,0.038045082
2025-07-01 13:00:00,-0.03975916,-0.09862111,-0.050571702,-0.06613968,-0.023629412,0.0306107,-0.051307023,0.0017942376,-0.2167415,0.09470187,-0.12091982,0.09078819,0.04655208,0.060390957,-0.07274926,-0.13870157,-0.020987727,0.10914387,0.08992693,0.13617224,0.015145456,0.087205365,-0.010924239,0.12866013,0.07844185,0.04112283,-0.09165182,0.24356294,0.18785089,0.08511199,-0.18544413,0.03735007
2025-07-01 14:00:00,-0.04077608,-0.10082147,-0.05178254,-0.06709902,-0.024848156,0.032137398,-0.050588623,0.0023831055,-0.21862519,0.09569263,-0.12296803,0.092015445,0.0481402,0.060607463,-0.072919995,-0.14083146,-0.020437729,0.109858006,0.09155017,0.13723159,0.0150121655,0.08690773,-0.009076472,0.12982307,0.07852476,0.04145862,-0.09256258,0.2445668,0.1893816,0.085535794,-0.18604422,0.036054302
2025-07-01 15:00:00,-0.040955834,-0.099638544,-0.051635638,-0.06610854,-0.024622828,0.03226846,-0.049145013,0.0026229694,-0.21769875,0.09466082,-0.12203981,0.09152162,0.048044812,0.061407622,-0.07374793,-0.14030303,-0.019230612,0.11025926,0.09049551,0.13802877,0.015265209,0.08668734,-0.008676842,0.12909311,0.07805002,0.041709606,-0.092369474,0.24347325,0.18896851,0.08497058,-0.18530309,0.03500192
2025-07-01 16:00:00,-0.040981703,-0.09753207,-0.05089219,-0.06557445,-0.024556413,0.032853488,-0.04820334,0.0033700839,-0.2166076,0.09399141,-0.119132765,0.0906059,0.047168057,0.06228093,-0.07401244,-0.13894439,-0.019375008,0.1110028,0.08922742,0.13779512,0.015968153,0.0868102,-0.009864066,0.12837516,0.078010015,0.041145056,-0.0924942,0.242286,0.18771462,0.083752416,-0.18574286,0.03360767
2025-07-01 17:00:00,-0.04435411,-0.10667775,-0.05414635,-0.074675605,-0.030956611,0.039153796,-0.05275245,0.0072379187,-0.22661653,0.10238761,-0.122269206,0.095147274,0.050519902,0.0601448,-0.069882706,-0.14572404,-0.026750673,0.11456088,0.09863521,0.13565655,0.01585585,0.08873368,-0.0102600865,0.13479446,0.08176258,0.038090013,-0.09753579,0.25027487,0.19233584,0.084729135,-0.19545358,0.030541524
2025-07-01 18:00:00,-0.044079702,-0.10755371,-0.05378265,-0.07703732,-0.031408027,0.04102988,-0.054955117,0.007382039,-0.22841375,0.104961626,-0.12159032,0.09566326,0.05060498,0.05957023,-0.06797391,-0.14634366,-0.029977512,0.11453945,0.09999876,0.13387413,0.016291477,0.090126514,-0.01173418,0.13631143,0.083322324,0.03658936,-0.09817294,0.25159535,0.19169497,0.084694155,-0.19818202,0.031136889
2025-07-01 19:00:00,-0.044256724,-0.1080034,-0.054081805,-0.077464774,-0.03152962,0.040327866,-0.0561762,0.0075935014,-0.22838455,0.10516339,-0.12239076,0.0956887,0.050535727,0.059150524,-0.06781165,-0.14643197,-0.030784428,0.114053264,0.10082525,0.13324414,0.015827501,0.09025611,-0.012135014,0.13694203,0.083288416,0.036350664,-0.09828425,0.2524803,0.191977,0.08441441,-0.19822395,0.031504743
2025-07-02 13:00:00,-0.044555746,-0.108663805,-0.054628707,-0.07841827,-0.031720564,0.04166184,-0.057022154,0.007413976,-0.22872041,0.106543355,-0.12493295,0.09567264,0.051060926,0.058784608,-0.06762715,-0.14803094,-0.031635538,0.113014445,0.10206385,0.13281798,0.015716687,0.09071,-0.011068407,0.13869822,0.08418762,0.036501516,-0.09790171,0.253365,0.19183765,0.0850083,-0.19814023,0.03193813
2025-07-02 14:00:00,-0.045724392,-0.11016559,-0.055728674,-0.0790382,-0.032909505,0.041506972,-0.05732798,0.00817018,-0.22956106,0.10683402,-0.12714502,0.096037105,0.051564064,0.058316108,-0.0680083,-0.14930044,-0.03148721,0.113061085,0.10384689,0.1331472,0.015228877,0.090285406,-0.009924758,0.13966636,0.08414303,0.036896877,-0.09812812,0.25468406,0.19323139,0.08541134,-0.1981867,0.031334177
2025-07-02 15:00:00,-0.04540223,-0.11179941,-0.05562029,-0.08020759,-0.03313476,0.04273252,-0.05809313,0.007399395,-0.2315525,0.10854434,-0.1279723,0.09695604,0.05219302,0.05764359,-0.06680846,-0.15043052,-0.03231613,0.11296962,0.104760334,0.1330021,0.015666515,0.090705186,-0.009554122,0.14015765,0.08512465,0.036832694,-0.0981069,0.25542566,0.19352022,0.08699225,-0.19940048,0.032593455
2025-07-02 16:00:00,-0.044832032,-0.114446916,-0.05562777,-0.0832507,-0.03391832,0.04500604,-0.06024748,0.0072724633,-0.23518415,0.11195094,-0.12766302,0.09823927,0.053295877,0.056522693,-0.06418532,-0.1519052,-0.03512156,0.11358424,0.1064928,0.13176037,0.016451254,0.092475764,-0.010138638,0.14145793,0.08748589,0.035798706,-0.09882478,0.25729844,0.19389309,0.08851251,-0.2030451,0.03416101
2025-07-02 17:00:00,-0.04452593,-0.11803103,-0.05652558,-0.086673915,-0.034944683,0.046971012,-0.06301667,0.0073925257,-0.23892656,0.115681626,-0.1291977,0.09972392,0.055058304,0.055072695,-0.06173778,-0.1543724,-0.03805638,0.11402397,0.109041005,0.13061565,0.01652919,0.09441364,-0.01016273,0.14357097,0.0900065,0.0350459,-0.09973157,0.2602349,0.19515662,0.09012028,-0.20639434,0.03580123
2025-07-02 18:00:00,-0.044419494,-0.12223453,-0.057933234,-0.090860546,-0.036462948,0.04971615,-0.066089265,0.008012217,-0.24317864,0.12020733,-0.13128474,0.101284705,0.057274748,0.053479217,-0.059082042,-0.15761106,-0.041534387,0.114628255,0.112295955,0.12921388,0.016666073,0.09676616,-0.009936482,0.1465727,0.09322457,0.034227245,-0.10094551,0.26383427,0.19674607,0.0918097,-0.2104176,0.037261583
2025-07-02 19:00:00,-0.045474455,-0.12875304,-0.060741715,-0.09658581,-0.039578862,0.053240206,-0.06976806,0.009796981,-0.24920398,0.12597306,-0.13560715,0.10379833,0.06061921,0.051396184,-0.056361143,-0.16291717,-0.045677625,0.11595103,0.11785728,0.12796846,0.016295938,0.09909862,-0.008813702,0.15118092,0.096933104,0.033460803,-0.10312683,0.2694759,0.20008397,0.09380366,-0.21560764,0.03770804
2025-07-03 13:00:00,-0.04678893,-0.1353713,-0.06380198,-0.10127324,-0.0426147,0.055441994,-0.072673805,0.011519492,-0.25473952,0.1304787,-0.14069061,0.10647735,0.06400193,0.049418796,-0.054566447,-0.1680733,-0.048368864,0.11741942,0.1231692,0.12766351,0.0154543705,0.100473106,-0.007108625,0.15512131,0.09958538,0.033363447,-0.105252646,0.27487865,0.2041717,0.09583468,-0.21950656,0.037800558
2025-07-03 14:00:00,-0.049891405,-0.13968515,-0.067899734,-0.103489876,-0.046199873,0.05514558,-0.07250166,0.015271187,-0.25679317,0.13095877,-0.14594883,0.107834086,0.06644705,0.048835106,-0.056279365,-0.17199443,-0.047529884,0.11967659,0.12750477,0.12883115,0.013517965,0.09956734,-0.004240956,0.15805125,0.09930329,0.03451004,-0.10775132,0.2789243,0.2090142,0.095409304,-0.22020203,0.034075864
2025-07-03 15:00:00,-0.05068256,-0.1422171,-0.06918544,-0.105070084,-0.04786046,0.056980852,-0.07199311,0.016212761,-0.25903696,0.13257241,-0.14762554,0.109360486,0.06806643,0.04868347,-0.0561363,-0.174331,-0.047568865,0.12123277,0.12926528,0.12953676,0.013592601,0.099295035,-0.0030838065,0.15924734,0.1001013,0.034810003,-0.10917481,0.28037035,0.2108436,0.0962712,-0.221751,0.032744057
2025-07-07 13:00:00,-0.052443743,-0.14835963,-0.071623065,-0.11028063,-0.051328138,0.061417136,-0.073889524,0.018100612,-0.2654294,0.13786368,-0.1513978,0.11250436,0.07133135,0.047361203,-0.054154832,-0.17975383,-0.050955363,0.123511285,0.13472311,0.12945275,0.013559769,0.100588344,-0.0016586483,0.1632662,0.102954485,0.033849675,-0.111810625,0.28512526,0.21390717,0.097828805,-0.22691539,0.031297505
2025-07-07 14:00:00,-0.05369796,-0.14886102,-0.072726905,-0.111876026,-0.052681014,0.06337756,-0.07392487,0.019750208,-0.2662883,0.13911659,-0.15257746,0.11237246,0.0720731,0.047379714,-0.054380056,-0.18149544,-0.052014746,0.12423572,0.13624962,0.1293481,0.01362705,0.10133791,-0.0007834658,0.16509068,0.104088984,0.033496775,-0.11251422,0.28642672,0.21423906,0.09730442,-0.22814834,0.029478833
2025-07-07 15:00:00,-0.05531788,-0.14845434,-0.073419616,-0.11367592,-0.054625273,0.06584594,-0.07405055,0.022000566,-0.26690912,0.14051339,-0.15234572,0.111824304,0.07192038,0.0475651,-0.054465476,-0.18262978,-0.05394893,0.12511657,0.13789214,0.12850533,0.014136251,0.101944774,-0.0009162463,0.16697778,0.10542086,0.03265942,-0.11334289,0.28756863,0.21399626,0.09623741,-0.23017606,0.026897702
2025-07-07 16:00:00,-0.05787304,-0.14444467,-0.07390862,-0.111772716,-0.055937752,0.06458698,-0.071886405,0.024649851,-0.262933,0.13719909,-0.15195924,0.10936232,0.06970285,0.04909045,-0.057858292,-0.18118212,-0.05244501,0.12507911,0.13740365,0.12888005,0.013517217,0.100031406,-0.0004991926,0.16680993,0.10342257,0.032950588,-0.113016054,0.28630388,0.21319973,0.09310958,-0.22776723,0.022218842
2025-07-07 17:00:00,-0.059577554,-0.14364022,-0.073445246,-0.11158416,-0.05757749,0.06497386,-0.07117792,0.025593825,-0.26304138,0.13672882,-0.15107766,0.109555066,0.06819826,0.04947532,-0.058433827,-0.18080947,-0.052955836,0.12545614,0.138454,0.12876698,0.013750407,0.09820539,-0.0013523884,0.16674128,0.10237891,0.032348122,-0.11346082,0.286069,0.21294211,0.09222528,-0.22838253,0.019713357
2025-07-07 18:00:00,-0.06239035,-0.1393536,-0.07375669,-0.10924873,-0.05876699,0.06367819,-0.06847403,0.028220333,-0.25888488,0.13297024,-0.15031117,0.10734582,0.06571607,0.051561646,-0.062028285,-0.17894009,-0.050920293,0.12543993,0.13780771,0.12932795,0.012970101,0.095554054,-0.0007487908,0.166227,0.099508926,0.03260538,-0.11333371,0.28408012,0.21177632,0.08855354,-0.2256737,0.014439434
2025-07-07 19:00:00,-0.06357634,-0.13874564,-0.072476394,-0.10656263,-0.059366956,0.06014738,-0.06686344,0.027955525,-0.2581222,0.12955062,-0.14787531,0.10815066,0.06346746,0.052053,-0.06301558,-0.17608579,-0.04895906,0.12571359,0.13727458,0.13030966,0.012431356,0.091864645,-0.0024957992,0.16319212,0.09553035,0.032376144,-0.11375097,0.28240362,0.21233961,0.08751044,-0.22445452,0.012873679
2025-07-08 13:00:00,-0.06423067,-0.14369676,-0.072965905,-0.10782416,-0.06036982,0.059673432,-0.06748484,0.02716177,-0.2623075,0.13071735,-0.14970252,0.11185172,0.06479266,0.051240504,-0.06191169,-0.17770432,-0.04916396,0.12665108,0.1400247,0.13106427,0.011370756,0.09032178,-0.0023949146,0.16328342,0.09376561,0.031911813,-0.115779586,0.28427017,0.21491721,0.08852728,-0.22607875,0.01319138
2025-07-08 14:00:00,-0.06423955,-0.1441991,-0.07347446,-0.10814406,-0.059846625,0.060662527,-0.06697369,0.027073637,-0.26255068,0.1310714,-0.15021986,0.11242381,0.0656233,0.051912166,-0.062035624,-0.1783124,-0.04874196,0.12677671,0.14017856,0.13118225,0.011029337,0.090589434,-0.0015004948,0.16391717,0.09320363,0.031829983,-0.11649357,0.28417715,0.2147921,0.08782725,-0.22583649,0.012800232
2025-07-08 15:00:00,-0.06448655,-0.14499345,-0.07394026,-0.10900599,-0.060079142,0.061788287,-0.067182474,0.027234547,-0.26344264,0.13202034,-0.15034142,0.112924516,0.06628017,0.052107427,-0.061663378,-0.17905022,-0.049357384,0.12709925,0.14098819,0.13106336,0.011015106,0.091142,-0.0013742894,0.16468988,0.093482636,0.031388443,-0.11704148,0.28483173,0.21507315,0.08761124,-0.22657567,0.012447514
2025-07-08 16:00:00,-0.06459104,-0.14763987,-0.07422936,-0.110293776,-0.061079487,0.06107853,-0.06820889,0.02790659,-0.26596275,0.13278906,-0.14873286,0.11457381,0.0667683,0.051580034,-0.060337316,-0.17897582,-0.05042895,0.12868708,0.14231645,0.13075542,0.010849288,0.09120829,-0.0030300282,0.16444768,0.093146116,0.030409763,-0.11883603,0.2864341,0.21698888,0.087640405,-0.22904295,0.012448266
2025-07-08 17:00:00,-0.06427233,-0.14544389,-0.074268885,-0.10953905,-0.0600574,0.06147979,-0.0674126,0.028262742,-0.26346028,0.1319781,-0.14791545,0.11343652,0.0664549,0.052675713,-0.061144356,-0.17823361,-0.04983121,0.1285525,0.14088906,0.13034439,0.010580091,0.09154947,-0.003077656,0.16466045,0.092782006,0.030540135,-0.11890803,0.2852905,0.21586229,0.08599725,-0.22776991,0.011579998
2025-07-08 18:00:00,-0.0647915,-0.14857814,-0.07497046,-0.11379966,-0.06204778,0.0657039,-0.06999465,0.029034995,-0.2677219,0.13679834,-0.14887995,0.11515652,0.06782143,0.05173523,-0.0585985,-0.1814093,-0.0541671,0.12934774,0.14449184,0.12871511,0.011334574,0.093364894,-0.0036943443,0.16799544,0.09572109,0.028952021,-0.12036986,0.28837883,0.21655002,0.08688071,-0.23239344,0.0114915855
2025-07-08 19:00:00,-0.06406476,-0.15044996,-0.07451955,-0.11648585,-0.062245324,0.06810504,-0.07280159,0.028203264,-0.2704768,0.1403222,-0.14947033,0.11601007,0.06838654,0.050527044,-0.056035656,-0.18299663,-0.05763466,0.12873234,0.14632745,0.12712298,0.012026392,0.095251724,-0.004501302,0.16985357,0.09811414,0.027827054,-0.12027251,0.290149,0.21602651,0.0883424,-0.23529541,0.013693519
2025-07-09 13:00:00,-0.06360914,-0.1538567,-0.07517677,-0.119091555,-0.062469274,0.06986341,-0.07563647,0.027221344,-0.27365106,0.14384826,-0.15312326,0.11719334,0.070007786,0.04879737,-0.05410916,-0.18601184,-0.060189642,0.12778729,0.14905162,0.12643945,0.011919206,0.09691632,-0.0036009848,0.17226739,0.10044754,0.02765568,-0.11997371,0.29293677,0.2167943,0.09071945,-0.23713222,0.016459048
2025-07-09 14:00:00,-0.06376091,-0.15298793,-0.07589734,-0.11854081,-0.061899334,0.069389835,-0.07553193,0.027319513,-0.27211133,0.14328693,-0.1554457,0.11573422,0.070187524,0.048632894,-0.055229995,-0.18655218,-0.059228547,0.12661968,0.1488591,0.12670794,0.011608303,0.097315386,-0.0018090643,0.17290728,0.100952305,0.028724855,-0.11871281,0.29297557,0.21659915,0.091073155,-0.23518479,0.017049432
2025-07-09 15:00:00,-0.06466235,-0.15097961,-0.07654566,-0.11702582,-0.062007368,0.06865375,-0.07393998,0.028016306,-0.26962188,0.1414842,-0.156813,0.11397469,0.06967352,0.049176037,-0.05738398,-0.18640643,-0.05718501,0.12606375,0.14810254,0.12758279,0.011388446,0.09655297,-4.2676926e-05,0.17269926,0.10060849,0.030040333,-0.117545724,0.29207006,0.21645568,0.09084247,-0.2326813,0.015813936
2025-07-09 16:00:00,-0.06459756,-0.15125254,-0.07599317,-0.11769998,-0.06258674,0.0699701,-0.074010454,0.027742304,-0.27092776,0.1426265,-0.15604714,0.11428575,0.069519654,0.048752606,-0.056432467,-0.18674953,-0.057949446,0.1264366,0.14837222,0.12739202,0.012392727,0.09668048,-0.0003609173,0.1725174,0.10169095,0.029907364,-0.11737718,0.29209837,0.21617644,0.092086,-0.23410174,0.01618464
2025-07-09 17:00:00,-0.06422932,-0.15389287,-0.075666726,-0.12032579,-0.063775286,0.071270615,-0.07591498,0.027946793,-0.27463162,0.1453027,-0.15461674,0.11588247,0.07005043,0.047530007,-0.053840388,-0.18749924,-0.060615845,0.12770487,0.14995347,0.12625344,0.013120655,0.097717315,-0.00188208,0.17289929,0.103339896,0.028680919,-0.118508644,0.29387435,0.21683027,0.09334618,-0.23809442,0.017273016
2025-07-09 18:00:00,-0.064404406,-0.15839106,-0.07693625,-0.123927265,-0.06560193,0.07243645,-0.07846466,0.029090896,-0.27895647,0.1485668,-0.15567592,0.118136734,0.0719178,0.046092138,-0.051659938,-0.18984662,-0.06346578,0.1292982,0.1530384,0.1252078,0.012733349,0.098898314,-0.0024883673,0.17477153,0.10503049,0.027737767,-0.12064921,0.2974323,0.21911106,0.0942563,-0.24214116,0.01782135
2025-07-09 19:00:00,-0.06428424,-0.16366157,-0.07862935,-0.12740587,-0.0670843,0.07366428,-0.08102681,0.029692993,-0.28344375,0.15208197,-0.1582304,0.12077469,0.074565366,0.04459193,-0.049626444,-0.1929685,-0.06588658,0.1305739,0.15632932,0.12460524,0.012113054,0.10012895,-0.0023242012,0.17707519,0.10682544,0.027286306,-0.12264912,0.30121946,0.22187166,0.09566425,-0.24555823,0.018960211
2025-07-10 13:00:00,-0.06399569,-0.1685068,-0.080530144,-0.1303735,-0.067959726,0.07522561,-0.08309199,0.029852502,-0.28724393,0.15544,-0.16202426,0.12300938,0.07761845,0.04326322,-0.048118327,-0.196589,-0.0675463,0.13130608,0.15925494,0.124518655,0.011472355,0.10156292,-0.0010626167,0.17966048,0.10882948,0.027421085,-0.123952396,0.30460495,0.22437131,0.09737548,-0.24783522,0.020392708
2025-07-10 14:00:00,-0.0640564,-0.17366913,-0.082618244,-0.13202202,-0.068855196,0.074202254,-0.08440221,0.030111678,-0.29072687,0.15682547,-0.16558322,0.12540707,0.08052124,0.041917562,-0.04750431,-0.19922979,-0.067406304,0.1324697,0.16175953,0.12560296,0.010286054,0.10182862,0.00027292967,0.18081315,0.10934317,0.028128915,-0.12529023,0.30772528,0.22820097,0.09901635,-0.24889809,0.021462105
2025-07-10 15:00:00,-0.064516515,-0.17779851,-0.084962405,-0.13388173,-0.070430145,0.07393384,-0.08457305,0.032110862,-0.29343626,0.15781176,-0.16686356,0.12733878,0.08313374,0.04144372,-0.047328677,-0.20124121,-0.06710746,0.13506123,0.1636632,0.12629157,0.009569861,0.10220954,0.0010292046,0.18186009,0.109771475,0.028500471,-0.12790574,0.31036833,0.23191905,0.09928215,-0.2508262,0.020495236
2025-07-10 16:00:00,-0.0638704,-0.1787445,-0.08571508,-0.13601957,-0.07091741,0.07715051,-0.084732026,0.033070885,-0.29459533,0.16032141,-0.16617268,0.12787369,0.08472152,0.04169173,-0.046261225,-0.20275308,-0.06856189,0.13667423,0.16397302,0.12550774,0.010305576,0.10411133,0.0009297915,0.18344142,0.11205949,0.028009962,-0.1293227,0.3111338,0.23211475,0.09918574,-0.25332522,0.020009577
2025-07-10 17:00:00,-0.06442556,-0.18105549,-0.086734466,-0.13985422,-0.07309312,0.080442056,-0.08671348,0.035122253,-0.29769868,0.16399492,-0.16583356,0.12884583,0.08609845,0.041128322,-0.04439788,-0.20506875,-0.07232125,0.13832346,0.16658287,0.123937756,0.010928827,0.10623125,1.2032688e-05,0.18625833,0.1150479,0.026443724,-0.13103649,0.31390172,0.23295617,0.098958105,-0.25790432,0.018975634
2025-07-10 18:00:00,-0.06588559,-0.18621558,-0.08890278,-0.14525022,-0.076457575,0.08433576,-0.090004794,0.037512876,-0.3031756,0.16937593,-0.16878197,0.13115191,0.08855274,0.039610304,-0.042159844,-0.20984314,-0.07725196,0.14001662,0.17201851,0.122438595,0.010853813,0.10812466,-3.3121556e-05,0.19080763,0.11851771,0.02496728,-0.13336338,0.31912038,0.2354054,0.099724725,-0.26355138,0.018051997
2025-07-10 19:00:00,-0.06672175,-0.18934119,-0.09034894,-0.14879598,-0.078245744,0.08765192,-0.09244284,0.038601063,-0.3065049,0.1734156,-0.17227879,0.13228768,0.09032202,0.038456157,-0.040735263,-0.21375431,-0.08065463,0.14012273,0.17579503,0.121344745,0.01087699,0.1096985,0.00079614297,0.1945904,0.12136625,0.0243674,-0.13411658,0.3225405,0.23635079,0.1007107,-0.2667045,0.018191487
2025-07-11 13:00:00,-0.06851071,-0.1915417,-0.09220273,-0.15081492,-0.08013274,0.088930085,-0.09365714,0.04020586,-0.3084406,0.17516842,-0.17654997,0.13273542,0.091638446,0.037630327,-0.04112866,-0.21699326,-0.081954606,0.14003734,0.1791362,0.121330604,0.010317239,0.10994235,0.002664201,0.19752093,0.122677505,0.02458224,-0.13438484,0.32541877,0.23784383,0.10121045,-0.26767495,0.017186359
2025-07-11 14:00:00,-0.07097255,-0.18967864,-0.09353552,-0.14935593,-0.081329525,0.08738129,-0.09175898,0.042300284,-0.30607688,0.17248665,-0.17875952,0.13123259,0.09091933,0.038399175,-0.04438218,-0.21709974,-0.079558775,0.13985738,0.1795592,0.12250527,0.009449067,0.108048454,0.0048054755,0.19781993,0.12107016,0.02574914,-0.1339397,0.3251719,0.2385235,0.09976476,-0.26490402,0.013839517
2025-07-11 15:00:00,-0.07216187,-0.18757975,-0.093142994,-0.1481686,-0.081965625,0.0877357,-0.08993931,0.042831823,-0.30475608,0.17125493,-0.17813894,0.13053419,0.089690804,0.039166175,-0.045725513,-0.21649493,-0.07834061,0.13994953,0.17899315,0.1230824,0.009978011,0.106571265,0.0052276254,0.19712733,0.12027845,0.026141342,-0.13350758,0.32374278,0.23772807,0.09934757,-0.26390806,0.011788651
2025-07-11 16:00:00,-0.07319005,-0.18862519,-0.09297151,-0.1484481,-0.08309652,0.08770238,-0.0897462,0.042929612,-0.3063174,0.17137939,-0.17827004,0.13159549,0.08944349,0.03886766,-0.04563355,-0.21684147,-0.07845796,0.14050496,0.18009336,0.123617426,0.010004433,0.10541356,0.005115371,0.19671859,0.11964396,0.025808986,-0.13390341,0.3241282,0.23829095,0.09986697,-0.26475382,0.010897186
2025-07-11 17:00:00,-0.073641345,-0.19158384,-0.0932252,-0.1512715,-0.08474241,0.08980368,-0.091013074,0.043656476,-0.31020543,0.1742475,-0.17765409,0.13356838,0.090161785,0.038052626,-0.043657165,-0.21835993,-0.08101747,0.14212748,0.18249543,0.12283495,0.01048005,0.10601052,0.004181359,0.19775859,0.12085348,0.024511866,-0.13567056,0.32617006,0.23920314,0.10055753,-0.26867062,0.010698523
2025-07-11 18:00:00,-0.075226106,-0.19798008,-0.095884405,-0.15737648,-0.08827789,0.094386324,-0.09404601,0.046114452,-0.316955,0.18033059,-0.18111861,0.13679594,0.09328738,0.036422536,-0.0412446,-0.22395457,-0.085929446,0.14451018,0.1886185,0.12158556,0.010166045,0.10786523,0.004705265,0.20246716,0.12419346,0.023034278,-0.13882571,0.33197147,0.24217641,0.10161015,-0.2749205,0.0097068325
2025-07-11 19:00:00,-0.07777095,-0.20453182,-0.09953492,-0.16239846,-0.09212069,0.09691994,-0.09645505,0.049199417,-0.32288712,0.18470131,-0.18655476,0.13976799,0.09665133,0.03488083,-0.04056612,-0.2297573,-0.08922263,0.14666921,0.19512857,0.12145138,0.00889872,0.1085684,0.006388895,0.207137,0.12634508,0.022360776,-0.14178282,0.33817887,0.2464744,0.10227566,-0.27923718,0.007741198
2025-07-14 13:00:00,-0.07850613,-0.20671898,-0.10108066,-0.16395293,-0.09291442,0.09901258,-0.09677959,0.049542718,-0.3246352,0.18675654,-0.19047084,0.14070636,0.09835066,0.03442759,-0.040787,-0.2330255,-0.08993978,0.14678167,0.19747408,0.12185002,0.008455666,0.10895617,0.008332167,0.20952238,0.12752925,0.022792194,-0.14217332,0.34015507,0.24759278,0.103244,-0.2798072,0.007494703
2025-07-14 14:00:00,-0.08053531,-0.21311554,-0.10377387,-0.1667942,-0.09593716,0.09879878,-0.09808771,0.05129659,-0.33017108,0.18894401,-0.19454831,0.14380938,0.1010939,0.032812946,-0.040442538,-0.23685403,-0.09098477,0.14885044,0.20240606,0.12310725,0.0072965585,0.10837033,0.009651121,0.21152452,0.12801999,0.022684451,-0.14438036,0.34476292,0.25242284,0.10474145,-0.28262526,0.006450437
2025-07-14 15:00:00,-0.08176018,-0.21831203,-0.106203355,-0.16992164,-0.09856878,0.099984944,-0.09860552,0.0537654,-0.33485422,0.19144633,-0.1958529,0.14662662,0.10367912,0.03201583,-0.03967454,-0.23987122,-0.09221138,0.15215495,0.20593469,0.12351835,0.006899394,0.10861258,0.010031905,0.21318556,0.12891959,0.022192065,-0.14772624,0.34846705,0.25640157,0.10526125,-0.2864003,0.00478667
2025-07-14 16:00:00,-0.08252695,-0.22415057,-0.10891182,-0.17610757,-0.10168126,0.10636853,-0.10071304,0.05627875,-0.34124944,0.19828029,-0.19826296,0.14988825,0.107379586,0.030954562,-0.037174303,-0.24580677,-0.09703388,0.15560447,0.21112402,0.12230671,0.007429436,0.11134571,0.010492008,0.21797164,0.13333017,0.020772748,-0.1513463,0.35357612,0.25906304,0.10634466,-0.2931793,0.0035540983
2025-07-14 17:00:00,-0.08376558,-0.22873351,-0.11086192,-0.18117662,-0.10495375,0.10965404,-0.10347408,0.059205964,-0.34649605,0.20293021,-0.19895765,0.15210855,0.109515205,0.029846892,-0.035014134,-0.24945314,-0.10170405,0.1581405,0.21566646,0.120830156,0.0076544005,0.113386884,0.009657789,0.22155422,0.13648607,0.01884308,-0.15418658,0.3582995,0.26148805,0.10635476,-0.2991257,0.0021942556
2025-07-14 18:00:00,-0.084640145,-0.23456353,-0.11297607,-0.18747617,-0.108341694,0.11476834,-0.10714555,0.061742567,-0.35299528,0.20964551,-0.20101348,0.15502645,0.112236336,0.028206147,-0.031945433,-0.25466698,-0.10778249,0.16060832,0.22138466,0.11871123,0.007978944,0.11598572,0.008944865,0.22644915,0.14090292,0.016964067,-0.15718494,0.36400664,0.26388025,0.10732928,-0.30632895,0.001833111
2025-07-14 19:00:00,-0.08591865,-0.24059463,-0.115689166,-0.19325699,-0.11149603,0.11918034,-0.1108632,0.064093776,-0.35910898,0.21578525,-0.20590392,0.15770672,0.115524516,0.026418433,-0.029854756,-0.26082462,-0.11301141,0.16202939,0.22757848,0.11727012,0.0076109227,0.11812863,0.009852644,0.23194614,0.14499602,0.015972376,-0.15939885,0.37010548,0.26654327,0.10865377,-0.3119691,0.0017098263
2025-07-15 13:00:00,-0.08671348,-0.24527803,-0.11768056,-0.19667597,-0.11322771,0.121670246,-0.11342992,0.06499864,-0.3634234,0.21979514,-0.21106708,0.15960342,0.11820023,0.024862118,-0.028735984,-0.26561987,-0.11586548,0.16228768,0.23200823,0.11690353,0.007122187,0.11929199,0.011468958,0.23578386,0.14772983,0.01602244,-0.16009936,0.37437332,0.2685717,0.11054462,-0.31483388,0.0025721714
2025-07-15 14:00:00,-0.08943793,-0.24696982,-0.12044463,-0.197223,-0.11514038,0.1202569,-0.113110274,0.06758656,-0.3642078,0.21893147,-0.21613535,0.15968472,0.11959827,0.024592675,-0.031331945,-0.26821882,-0.11463118,0.16256677,0.23487659,0.11819227,0.005491307,0.11801663,0.014598977,0.23783857,0.1472089,0.01706509,-0.16047229,0.37689635,0.27134395,0.11006465,-0.31359738,-2.5518239e-05
2025-07-15 15:00:00,-0.09115188,-0.24775088,-0.122063525,-0.19701017,-0.11629671,0.12066384,-0.111484714,0.06862459,-0.36463553,0.21866839,-0.21947071,0.16012949,0.12062195,0.024764605,-0.033330422,-0.27035803,-0.113002665,0.16321835,0.23623921,0.11977548,0.0050222967,0.116658255,0.017081987,0.23867704,0.14697862,0.018225625,-0.16060811,0.37762418,0.2729594,0.110605076,-0.31254676,-0.0020408183
2025-07-15 16:00:00,-0.092015676,-0.24705154,-0.12227953,-0.19730271,-0.117032394,0.122658044,-0.11035851,0.069266595,-0.3649956,0.2193074,-0.2193309,0.16013247,0.12063865,0.025160186,-0.033703875,-0.2712283,-0.11291721,0.16399579,0.23644663,0.12020549,0.0059274826,0.11667803,0.017832775,0.23891665,0.14771618,0.018255938,-0.16079316,0.3772545,0.2725664,0.11088349,-0.3131445,-0.0034583658
2025-07-15 17:00:00,-0.093011074,-0.24656242,-0.12229619,-0.19755591,-0.117922604,0.12335557,-0.10994548,0.06986055,-0.3653374,0.21937624,-0.21908563,0.16006987,0.120256394,0.025277369,-0.034009594,-0.27151436,-0.113219894,0.16439831,0.23685665,0.12046627,0.0062039755,0.1164442,0.017907325,0.23886375,0.14783111,0.01787094,-0.16088158,0.37729254,0.2723636,0.110795535,-0.31365576,-0.004772179
2025-07-15 18:00:00,-0.09354885,-0.24995333,-0.12276561,-0.2002575,-0.11977857,0.12517808,-0.111407205,0.07054501,-0.36945134,0.22233517,-0.21908018,0.16215593,0.1211611,0.024143003,-0.032171447,-0.2734589,-0.11596327,0.16608287,0.23960833,0.12004928,0.006644184,0.116977766,0.016814169,0.23987843,0.14933263,0.016657986,-0.16248906,0.37986207,0.27379337,0.1119773,-0.31754526,-0.0048093274
2025-07-15 19:00:00,-0.09428099,-0.2491259,-0.12342823,-0.20028923,-0.11993043,0.12536992,-0.11093874,0.07127672,-0.36856112,0.2218526,-0.22038603,0.1615662,0.12109417,0.024502605,-0.03332149,-0.27404547,-0.115696274,0.16586104,0.23985194,0.12015612,0.005972052,0.11684504,0.017841566,0.24062271,0.1489884,0.016769886,-0.16258137,0.38007095,0.273617,0.11104492,-0.31668052,-0.00605686
2025-07-16 13:00:00,-0.09461142,-0.2464557,-0.1230376,-0.19827686,-0.11914483,0.12464011,-0.10950343,0.07062491,-0.36589038,0.2198602,-0.22094187,0.16010444,0.119946,0.02529993,-0.03508621,-0.27314144,-0.11402377,0.16446719,0.23850314,0.1208525,0.0057368,0.11592081,0.018782672,0.23997669,0.14776999,0.017419968,-0.16118923,0.37830576,0.27238223,0.110401675,-0.31381688,-0.0067153573
2025-07-16 14:00:00,-0.09576076,-0.2432028,-0.12280593,-0.19572534,-0.118922055,0.12287229,-0.10746501,0.070800975,-0.36286247,0.21672922,-0.22081092,0.15829033,0.11827293,0.026408263,-0.037589375,-0.27149725,-0.11159519,0.16341174,0.2370481,0.121927604,0.005392194,0.11431445,0.01979993,0.23870458,0.14574543,0.017996278,-0.15995632,0.37624562,0.27156395,0.10908134,-0.3105875,-0.008613333
2025-07-16 15:00:00,-0.097301066,-0.23528898,-0.12164042,-0.1881354,-0.1171477,0.11612441,-0.10209536,0.07019758,-0.35406426,0.20737928,-0.21897283,0.15387607,0.113947555,0.029332764,-0.043559436,-0.26539916,-0.10406322,0.16080914,0.2317497,0.1247032,0.0038011447,0.109847255,0.02136707,0.23380421,0.13927442,0.019749079,-0.15681955,0.36984274,0.2697529,0.105459854,-0.30154154,-0.012247451
2025-07-16 16:00:00,-0.09890479,-0.22730693,-0.12015646,-0.17883523,-0.115510866,0.10752073,-0.095233545,0.06966927,-0.34483683,0.19622314,-0.21452236,0.1499393,0.10912092,0.032762572,-0.049611095,-0.25739658,-0.09479395,0.15909064,0.22535546,0.12833773,0.0022275727,0.10386002,0.021651816,0.22671078,0.13086572,0.021519195,-0.1545242,0.3622182,0.26892734,0.10112043,-0.29220626,-0.016757153
2025-07-16 17:00:00,-0.09819648,-0.22279799,-0.117186226,-0.17371948,-0.114081874,0.1039788,-0.09133534,0.068478964,-0.34108505,0.1908765,-0.20625257,0.1494438,0.10566214,0.03494416,-0.050346997,-0.2510773,-0.09078307,0.15978423,0.22000538,0.12950714,0.003375059,0.10055676,0.018147413,0.22049116,0.12589101,0.021051798,-0.15478402,0.35674232,0.26749694,0.09893546,-0.28981176,-0.018618114
2025-07-16 18:00:00,-0.09528923,-0.22140142,-0.11373974,-0.17353271,-0.111787215,0.10607852,-0.09168503,0.065360114,-0.3410933,0.19202188,-0.20024335,0.15071109,0.104124695,0.035500698,-0.047264885,-0.24838938,-0.092361875,0.16011816,0.2171355,0.12806469,0.005211558,0.10151088,0.01426458,0.21824332,0.12538044,0.019186314,-0.15527624,0.35391194,0.2642068,0.09900744,-0.29164302,-0.016603306
2025-07-16 19:00:00,-0.09289959,-0.22152787,-0.11152416,-0.17398842,-0.10959777,0.10628298,-0.093745776,0.06272159,-0.34141603,0.19308706,-0.19758749,0.15135682,0.10350321,0.035125673,-0.044617873,-0.24664052,-0.09435932,0.15912083,0.21597065,0.12673533,0.005643571,0.10300778,0.011667516,0.21742997,0.12525602,0.01767705,-0.15510334,0.35318106,0.26206884,0.09916289,-0.29257068,-0.013425887
2025-07-17 13:00:00,-0.091649994,-0.22579256,-0.11220733,-0.1778198,-0.1094265,0.10953474,-0.097138256,0.061940067,-0.34537232,0.1980328,-0.20023653,0.15333778,0.10575761,0.033531375,-0.04178079,-0.25008583,-0.09843338,0.15919164,0.21906693,0.12535147,0.005607683,0.10575511,0.0114332475,0.22072475,0.12814197,0.016756553,-0.15620667,0.35670888,0.26264644,0.10085706,-0.2959642,-0.010455392
2025-07-17 14:00:00,-0.09059663,-0.22623307,-0.112033375,-0.17690165,-0.10783759,0.106894016,-0.098055415,0.0608859,-0.3445465,0.19689399,-0.20078483,0.15284461,0.1059095,0.032994896,-0.04170422,-0.24895431,-0.09765999,0.1579955,0.21848272,0.12543663,0.0047934484,0.106000334,0.011290427,0.22015817,0.12740217,0.017262388,-0.15549794,0.35678124,0.26298591,0.100992754,-0.2942378,-0.008135729
2025-07-17 15:00:00,-0.089614086,-0.22763458,-0.112396605,-0.17709325,-0.10721198,0.106230825,-0.09852718,0.06071174,-0.345016,0.1972459,-0.2008892,0.15323645,0.106838584,0.032555073,-0.041133966,-0.2490438,-0.09741569,0.15838678,0.21841927,0.12533362,0.0046547893,0.1065194,0.011096191,0.22013626,0.12771317,0.017739378,-0.15604483,0.35743886,0.2640999,0.101602376,-0.2943838,-0.006652683
2025-07-17 16:00:00,-0.08880284,-0.23065445,-0.113459356,-0.18013756,-0.10777609,0.10957095,-0.10012831,0.061130516,-0.34794667,0.20118372,-0.20240399,0.15464523,0.10912171,0.031700596,-0.039280046,-0.25212038,-0.09986984,0.15961617,0.22036834,0.12439714,0.005189389,0.1087034,0.011394586,0.22264144,0.13076513,0.017553907,-0.15732484,0.35987023,0.26513112,0.10307819,-0.297542,-0.0054057166
2025-07-17 17:00:00,-0.08776039,-0.23342371,-0.11391861,-0.1834353,-0.108214945,0.11313124,-0.10254671,0.061009116,-0.351079,0.20557518,-0.20366806,0.15574473,0.11101185,0.030512773,-0.036717076,-0.25503588,-0.10326218,0.16015425,0.22235145,0.1230624,0.006044142,0.11139752,0.011265885,0.22520132,0.13446726,0.017039258,-0.1578263,0.36226562,0.2653355,0.10497847,-0.30112046,-0.0032694042
2025-07-17 18:00:00,-0.088119954,-0.23934346,-0.11596901,-0.18866189,-0.11063813,0.11649217,-0.10613764,0.06262108,-0.35707974,0.21120246,-0.20701969,0.15814064,0.11416,0.028391354,-0.03401834,-0.25999385,-0.10787409,0.1618002,0.22725512,0.12186496,0.0061748363,0.1139528,0.011581253,0.22923096,0.13876857,0.016207859,-0.15959641,0.36762983,0.26794988,0.10719435,-0.3066229,-0.0020346567
2025-07-17 19:00:00,-0.087521955,-0.24170595,-0.11674128,-0.190987,-0.110997304,0.11837685,-0.10807128,0.062849276,-0.35925934,0.21411541,-0.20905045,0.15873326,0.11578812,0.027242713,-0.03248203,-0.26239228,-0.11004522,0.16200028,0.22894572,0.12095238,0.0063438397,0.11577417,0.012019012,0.23130786,0.14148323,0.016304825,-0.1598137,0.36988223,0.26854876,0.108736455,-0.3087783,-0.00023645908
2025-07-18 13:00:00,-0.088183664,-0.24755153,-0.119555034,-0.19471426,-0.11263287,0.12119846,-0.1102602,0.063494004,-0.3641609,0.21866496,-0.2166431,0.16098836,0.119729236,0.025251053,-0.031756643,-0.26872534,-0.11234445,0.16258655,0.23376675,0.12138986,0.0053565446,0.11716582,0.015010241,0.23563293,0.14484501,0.01712156,-0.16029868,0.37483954,0.27148995,0.11172353,-0.31123888,0.0009986535
2025-07-18 14:00:00,-0.089820504,-0.24965426,-0.1218066,-0.19546612,-0.11399661,0.12043114,-0.11005219,0.06519783,-0.3656264,0.21864508,-0.22063437,0.16120511,0.12145695,0.024584278,-0.03315186,-0.27113557,-0.11141666,0.16312936,0.23588161,0.12262125,0.0045352057,0.11690059,0.01763269,0.23705582,0.145405,0.018109117,-0.16052581,0.3769978,0.27402484,0.112401776,-0.31085128,-3.027916e-05
2025-07-18 15:00:00,-0.09189488,-0.2572095,-0.12585565,-0.20111813,-0.11798668,0.12538299,-0.11145935,0.068201266,-0.3731363,0.22481647,-0.22687715,0.16489163,0.12621018,0.022740863,-0.032222066,-0.2788487,-0.114710875,0.16671619,0.24248801,0.123238534,0.0044586007,0.1183058,0.020259421,0.2418698,0.14972863,0.018083323,-0.16349545,0.38341415,0.27874643,0.11523177,-0.31648377,-0.0014671236
2025-07-18 16:00:00,-0.09329991,-0.2581434,-0.12741676,-0.20357378,-0.12013911,0.12818763,-0.11153054,0.07092427,-0.3751977,0.22694895,-0.22709262,0.16522262,0.12733802,0.022649094,-0.032050785,-0.2811405,-0.11641247,0.16876096,0.2443475,0.12286818,0.005296938,0.119626656,0.020930301,0.24374926,0.15207921,0.017462578,-0.16507688,0.38534546,0.27968377,0.11504617,-0.31935328,-0.0036374629
2025-07-18 17:00:00,-0.09416198,-0.26057866,-0.12833723,-0.20716368,-0.12271084,0.13171348,-0.11315255,0.07292902,-0.37891877,0.23074931,-0.22680491,0.16668868,0.12840699,0.021834426,-0.03030138,-0.28377134,-0.12019742,0.17090681,0.24725981,0.12164581,0.006272014,0.12113938,0.019919861,0.24594752,0.15513651,0.016067382,-0.16687167,0.38825405,0.28064498,0.115627505,-0.3241558,-0.004715711
2025-07-18 18:00:00,-0.09570481,-0.26648614,-0.13042861,-0.21384005,-0.12710322,0.1365831,-0.116858125,0.07651905,-0.38625214,0.2373808,-0.22767329,0.16986552,0.13073784,0.020014234,-0.027159963,-0.28870928,-0.12682965,0.17425835,0.2533669,0.119418845,0.0069629923,0.12347947,0.018516202,0.25044844,0.15971327,0.013635162,-0.17043105,0.39440998,0.28328028,0.11636738,-0.33249563,-0.005981274
2025-07-18 19:00:00,-0.096508905,-0.27251083,-0.13228172,-0.21964298,-0.130444,0.14033934,-0.1207975,0.078918554,-0.392775,0.24333957,-0.22985664,0.1729922,0.13324632,0.018131144,-0.0242862,-0.29338455,-0.13261884,0.17646465,0.25895178,0.11738752,0.0069250707,0.1253644,0.01759122,0.25470978,0.16350022,0.011957478,-0.17321675,0.40019953,0.2857469,0.117467515,-0.3393253,-0.005936928
2025-07-21 13:00:00,-0.09724407,-0.2780464,-0.13438562,-0.22377612,-0.13268116,0.14241381,-0.12389979,0.08049967,-0.39787474,0.24756631,-0.23424685,0.17561683,0.13610615,0.01648096,-0.022831399,-0.29793596,-0.13620117,0.17749533,0.26377565,0.11648761,0.006074995,0.12636137,0.01833785,0.25858414,0.1660223,0.011544619,-0.1749501,0.4052165,0.28832042,0.11873884,-0.34331933,-0.0054555535
2025-07-21 14:00:00,-0.09937723,-0.27868095,-0.13628235,-0.22339939,-0.1339411,0.13930611,-0.12360869,0.082842685,-0.39756617,0.24527624,-0.23719439,0.17542744,0.13667245,0.016611613,-0.025349293,-0.2983855,-0.13449645,0.17736647,0.26521885,0.11728734,0.0043089874,0.12457976,0.02030715,0.2594667,0.1642568,0.012293141,-0.17538081,0.40665132,0.29053083,0.11712348,-0.34144565,-0.00790479
2025-07-21 15:00:00,-0.09931134,-0.2799667,-0.13679,-0.22398986,-0.13426402,0.14092796,-0.12323736,0.08283586,-0.39871433,0.24667254,-0.2382681,0.1766407,0.13770609,0.016529135,-0.025220241,-0.299842,-0.13450596,0.17818904,0.26596677,0.11748982,0.004744621,0.1244071,0.020897347,0.26015612,0.16503817,0.0128224045,-0.17589863,0.4070918,0.29109326,0.1181023,-0.3422443,-0.007897891
2025-07-21 16:00:00,-0.09980453,-0.28141254,-0.13754013,-0.22605126,-0.13533945,0.14338244,-0.12394157,0.08381904,-0.40073794,0.24897376,-0.23912326,0.17759003,0.13883117,0.016255274,-0.024431583,-0.30187577,-0.13611487,0.179122,0.26759225,0.11701118,0.005236976,0.1254457,0.021401715,0.26186302,0.16682743,0.012445994,-0.1767284,0.4085037,0.29137865,0.1185853,-0.3445725,-0.008308902
2025-07-21 17:00:00,-0.10053402,-0.28594804,-0.13871771,-0.23053236,-0.13798468,0.14665145,-0.12651631,0.08569176,-0.40607,0.25370347,-0.23943841,0.18001139,0.14062181,0.014915444,-0.021806303,-0.30508214,-0.14043382,0.18137142,0.27152973,0.11566609,0.0059446283,0.12724122,0.02042633,0.26452354,0.17011897,0.0109225735,-0.17888103,0.41246155,0.29309434,0.119804114,-0.3503947,-0.008286335
2025-07-21 18:00:00,-0.10275693,-0.29669446,-0.14339522,-0.24027772,-0.14364213,0.15419863,-0.1314352,0.090367846,-0.4173553,0.2639914,-0.24558881,0.1854572,0.14640543,0.012127332,-0.018261578,-0.31506163,-0.14876258,0.18604398,0.28147346,0.11383987,0.005854672,0.13070355,0.021324348,0.27239144,0.1770848,0.009031177,-0.18382777,0.42255193,0.29829252,0.12231944,-0.3611615,-0.00922057
2025-07-21 19:00:00,-0.10668731,-0.30283242,-0.14859962,-0.24611457,-0.1483439,0.15778871,-0.13366944,0.09562614,-0.42349824,0.2686595,-0.25433728,0.18802634,0.15083666,0.010942981,-0.019532535,-0.32341963,-0.15262386,0.18834767,0.289321,0.11383082,0.0041267406,0.13155268,0.0252891,0.27933514,0.1805952,0.008811183,-0.18664694,0.43032297,0.302896,0.12238092,-0.36539185,-0.012907997
2025-07-22 13:00:00,-0.10838021,-0.30494642,-0.150363,-0.24665938,-0.14966948,0.15864636,-0.13341928,0.09624877,-0.42535266,0.2695978,-0.2597121,0.18907811,0.15249966,0.010458492,-0.02119476,-0.3269686,-0.15247548,0.18831351,0.292103,0.115193754,0.0033263639,0.13043617,0.027918275,0.28147933,0.1811406,0.009835631,-0.18626961,0.43235454,0.30462515,0.12360863,-0.36500823,-0.013959855
2025-07-22 14:00:00,-0.11161962,-0.30676267,-0.15245733,-0.24611665,-0.15204129,0.15538137,-0.1321916,0.09862817,-0.42694765,0.26733312,-0.26266983,0.18977918,0.15319537,0.010323949,-0.023937855,-0.32782143,-0.15029988,0.1891461,0.29439855,0.11748479,0.0018779282,0.12769355,0.030005034,0.2814055,0.17897731,0.010212626,-0.18696643,0.43392187,0.3081346,0.122969486,-0.36389154,-0.01745107
2025-07-22 15:00:00,-0.11262955,-0.3115426,-0.15446565,-0.24905916,-0.1543344,0.15854947,-0.1320805,0.100217454,-0.43207824,0.2710558,-0.2641582,0.1931954,0.15587063,0.009519435,-0.023063857,-0.33167183,-0.15196994,0.19279817,0.29780847,0.118227884,0.0025565345,0.12788863,0.030261654,0.2828144,0.18090406,0.00977568,-0.1898576,0.43707865,0.31123567,0.12470011,-0.368091,-0.018785961
2025-07-22 16:00:00,-0.113134846,-0.31480485,-0.15600726,-0.25254172,-0.1560859,0.16242692,-0.13296992,0.10173973,-0.43599802,0.27501506,-0.26493895,0.19550501,0.15802489,0.008997396,-0.021615732,-0.335095,-0.1547772,0.19551396,0.30059004,0.117840655,0.0031822957,0.12964605,0.030219737,0.28499305,0.18348695,0.00867724,-0.19232506,0.43989724,0.31266862,0.1254296,-0.37239403,-0.019738004
2025-07-22 17:00:00,-0.11493173,-0.3190531,-0.15764871,-0.25594622,-0.15938534,0.16245084,-0.13491067,0.10494573,-0.4406637,0.2771359,-0.26402494,0.19777642,0.15929219,0.008134067,-0.020321805,-0.33662325,-0.15782768,0.19828019,0.30416733,0.11730434,0.003102798,0.13013728,0.028538387,0.28634077,0.1844619,0.0065003373,-0.19546808,0.44393766,0.3159144,0.124759436,-0.37707323,-0.021905042
2025-07-22 18:00:00,-0.11700587,-0.3248946,-0.1614987,-0.26153332,-0.16310115,0.16712007,-0.13677624,0.10906515,-0.44673437,0.28264776,-0.2681581,0.20132382,0.16311426,0.007271625,-0.019735422,-0.3431167,-0.16230583,0.20216316,0.31026423,0.11656381,0.0025612824,0.13171357,0.029449452,0.2915461,0.18797207,0.0052272305,-0.19971229,0.45034423,0.31990984,0.12463469,-0.3829174,-0.024751656
2025-07-22 19:00:00,-0.116845965,-0.32665974,-0.16170684,-0.2622981,-0.16350429,0.16757505,-0.13765791,0.10868145,-0.44819522,0.28379437,-0.26920304,0.20258881,0.1638989,0.0069047436,-0.019319747,-0.3441909,-0.16336194,0.2023241,0.31157225,0.116601445,0.0023544692,0.13161238,0.02897076,0.29234195,0.18819542,0.0049176067,-0.20020805,0.4514587,0.32062933,0.12499853,-0.38387513,-0.024477534
2025-07-23 13:00:00,-0.11617395,-0.3271978,-0.16177619,-0.26235187,-0.16260786,0.1685838,-0.13776714,0.10751534,-0.4482577,0.28459418,-0.2713688,0.20289609,0.16461061,0.006764509,-0.019358445,-0.34550923,-0.16339222,0.20160928,0.31192946,0.1168779,0.0020602234,0.13197185,0.029916357,0.293285,0.18847737,0.005448077,-0.19973882,0.45154482,0.32018024,0.12573312,-0.3833829,-0.02332601
2025-07-23 14:00:00,-0.1168963,-0.32731444,-0.162487,-0.2617827,-0.16247587,0.16768621,-0.1373165,0.10750436,-0.4479787,0.28369567,-0.27394396,0.20245379,0.165058,0.0067828223,-0.020679306,-0.34633052,-0.1622926,0.2007365,0.31249678,0.11787082,0.0012721177,0.13148592,0.03168728,0.29383132,0.18790296,0.006057609,-0.1989547,0.45175377,0.32065284,0.12576136,-0.38179535,-0.023587622
2025-07-23 15:00:00,-0.11644369,-0.32872978,-0.16270047,-0.26295942,-0.16257185,0.17011896,-0.13761671,0.10720957,-0.44971797,0.2860827,-0.27414143,0.20320308,0.16587959,0.0063068345,-0.019439917,-0.34794182,-0.16355118,0.20159313,0.31342584,0.1177699,0.0023107175,0.13267156,0.031620625,0.2945121,0.18978377,0.006008748,-0.1993025,0.45252094,0.32076785,0.12736845,-0.3836568,-0.022476874
2025-07-23 16:00:00,-0.11775467,-0.32950363,-0.16353175,-0.2631927,-0.16371089,0.16831937,-0.13775516,0.10870264,-0.4504235,0.28507963,-0.27443442,0.20313227,0.1660582,0.006163232,-0.020103637,-0.3478284,-0.16321772,0.20199654,0.3142872,0.11820842,0.0016311668,0.13213824,0.03191645,0.29440635,0.1890945,0.0056452267,-0.19980586,0.45353746,0.32228705,0.12669681,-0.38372776,-0.023880295
2025-07-23 17:00:00,-0.11727205,-0.33178675,-0.16417179,-0.2643137,-0.16386254,0.17011635,-0.13790584,0.108337246,-0.4522747,0.287203,-0.27594528,0.20459552,0.16754189,0.005614549,-0.019450273,-0.34988886,-0.16405171,0.20313856,0.31544644,0.118461385,0.001756087,0.13261352,0.032059725,0.29518405,0.19032677,0.005896244,-0.20058784,0.4547906,0.32328296,0.12818745,-0.38518262,-0.023173831
2025-07-23 18:00:00,-0.11886373,-0.33682597,-0.16673571,-0.2674936,-0.16636495,0.1710433,-0.13925955,0.1106819,-0.45710775,0.28988656,-0.27931982,0.2070037,0.17042601,0.004512064,-0.019135658,-0.35374945,-0.16606185,0.20524293,0.3196169,0.11896273,0.0011413135,0.13316195,0.03306182,0.29772407,0.19199061,0.005247362,-0.20278382,0.45908153,0.3268292,0.12892959,-0.388512,-0.024432786
2025-07-23 19:00:00,-0.117792726,-0.33887511,-0.16724071,-0.26900375,-0.16606781,0.17398399,-0.1395992,0.11004185,-0.45884088,0.29278383,-0.280536,0.20830819,0.17202875,0.0040429756,-0.017927062,-0.35604185,-0.167402,0.20636539,0.3205508,0.11884668,0.0017149784,0.13463566,0.033229534,0.2989006,0.19399568,0.005397819,-0.2035455,0.46015185,0.32713243,0.13056964,-0.39038906,-0.023075812
2025-07-24 13:00:00,-0.11802691,-0.3418977,-0.16845804,-0.27090275,-0.16686139,0.17496951,-0.14074042,0.110485174,-0.46153426,0.29479632,-0.2831669,0.20951228,0.17397042,0.0031977668,-0.017334942,-0.3585971,-0.16879961,0.20703115,0.32276428,0.1191238,0.001350347,0.13561265,0.03403959,0.30057094,0.19547962,0.0052538477,-0.2041418,0.46250916,0.32865307,0.13168867,-0.39211607,-0.022596978
2025-07-24 14:00:00,-0.11930391,-0.3474518,-0.17128837,-0.27418,-0.16890505,0.1766843,-0.14199713,0.11225521,-0.46653748,0.29816613,-0.28831455,0.21198153,0.17751586,0.0018396899,-0.017120015,-0.36359602,-0.17083144,0.20894001,0.32724482,0.11988627,0.00056385435,0.1364342,0.035844643,0.30370367,0.19780879,0.005253073,-0.20582443,0.46712497,0.3322313,0.13335042,-0.39513877,-0.023002788
2025-07-24 15:00:00,-0.12049049,-0.35341042,-0.17433766,-0.27897018,-0.17173274,0.1808717,-0.14365238,0.11517645,-0.47274405,0.30358043,-0.2914299,0.21496089,0.18122539,0.0005921498,-0.015628587,-0.36923277,-0.17465755,0.2124019,0.33227348,0.11967665,0.0012275521,0.13867307,0.03668313,0.30746704,0.20195334,0.004358344,-0.20893285,0.47242033,0.33570275,0.13506964,-0.4008089,-0.023729242
2025-07-24 16:00:00,-0.12129679,-0.35370263,-0.17572609,-0.28107047,-0.17303257,0.18391806,-0.14399995,0.11736619,-0.4737922,0.30571365,-0.29184642,0.21507056,0.18210262,0.0008477792,-0.015421439,-0.37150085,-0.17661697,0.21387824,0.33367515,0.11881986,0.0018496178,0.14047074,0.037319515,0.3096907,0.2042915,0.0036815032,-0.2102521,0.47411,0.33608764,0.13452563,-0.40301573,-0.025170319
2025-07-24 17:00:00,-0.12239131,-0.3551547,-0.17636424,-0.2829219,-0.17513625,0.18479884,-0.14538163,0.119177885,-0.4760386,0.30728748,-0.29133278,0.215848,0.18240494,0.00047060102,-0.014701787,-0.37258112,-0.1790322,0.21498531,0.3356877,0.118076146,0.002301477,0.14094734,0.03628991,0.310862,0.20570844,0.0024634525,-0.21131563,0.4762283,0.33723733,0.13432181,-0.40569454,-0.026336737
2025-07-24 18:00:00,-0.12438366,-0.3634612,-0.18011904,-0.2893843,-0.17937069,0.18974328,-0.14856161,0.12266242,-0.48465556,0.31441092,-0.2972315,0.22042602,0.18712085,-0.0015087053,-0.013145942,-0.3805532,-0.18479559,0.21866763,0.3433535,0.11753195,0.0020427182,0.14263503,0.03727698,0.3165458,0.21052675,0.0013251714,-0.21487704,0.48397124,0.34175134,0.13651076,-0.41303134,-0.027458668
2025-07-24 19:00:00,-0.124557465,-0.36383015,-0.18047103,-0.28983968,-0.17951624,0.19039568,-0.14886397,0.12282119,-0.4850729,0.3149721,-0.29878205,0.22061957,0.18750703,-0.001629807,-0.01337916,-0.3817013,-0.18523508,0.21840109,0.34413707,0.11744845,0.001756547,0.14268307,0.038033444,0.31763124,0.2109168,0.001486849,-0.21482345,0.4846173,0.34170312,0.13660048,-0.41316563,-0.027457856
2025-07-25 13:00:00,-0.124881834,-0.3630423,-0.18082172,-0.28890365,-0.17890121,0.1904477,-0.14800048,0.122130014,-0.48393407,0.31417295,-0.30224437,0.21996197,0.18771371,-0.0014293492,-0.01511259,-0.3829708,-0.18398431,0.21697119,0.3441643,0.118308514,0.000805771,0.14199695,0.040386427,0.3185172,0.21046439,0.0026404373,-0.21324037,0.48416537,0.34112442,0.13692832,-0.4109381,-0.027430661
2025-07-25 14:00:00,-0.12477276,-0.36490113,-0.18098632,-0.28965974,-0.17907257,0.19176754,-0.14846276,0.12143756,-0.4860186,0.31600058,-0.3037307,0.22081262,0.18864338,-0.0022323877,-0.0142586045,-0.3846118,-0.18480876,0.21713363,0.34543735,0.11880502,0.001361711,0.14236641,0.040771898,0.31897086,0.21179546,0.0029490031,-0.21286565,0.48500884,0.34147552,0.13900164,-0.41212347,-0.026062846
2025-07-25 15:00:00,-0.12605019,-0.37239426,-0.18394834,-0.29591894,-0.18251936,0.19673507,-0.15144941,0.124485604,-0.49420184,0.32304922,-0.3066851,0.2245812,0.19268924,-0.0042065606,-0.011340406,-0.39092988,-0.19029331,0.22102103,0.3516544,0.118017554,0.0022834335,0.14523229,0.04095916,0.32309514,0.21705395,0.0015803874,-0.21628772,0.49146566,0.34500724,0.14171618,-0.41985938,-0.025941707
2025-07-25 16:00:00,-0.12883781,-0.38283855,-0.18893701,-0.30452085,-0.18808858,0.20213743,-0.1555461,0.12995568,-0.5050345,0.33158964,-0.31221575,0.22981563,0.19862555,-0.006536804,-0.008816753,-0.39988685,-0.19748703,0.22630602,0.36080068,0.11699647,0.0022593662,0.1482475,0.041830096,0.32952416,0.22333708,-0.00031754375,-0.22143053,0.5012995,0.35105544,0.14398623,-0.4296453,-0.02758842
2025-07-25 17:00:00,-0.12945959,-0.38964114,-0.19179296,-0.31010133,-0.19084527,0.20684853,-0.1582579,0.1323973,-0.5116554,0.33808118,-0.31596294,0.23351046,0.20276228,-0.008047752,-0.0066220574,-0.40599954,-0.20243847,0.2297134,0.36627752,0.1159975,0.0024793167,0.15070128,0.04210319,0.3338803,0.22801864,-0.0011154972,-0.22464718,0.5073094,0.35428646,0.14610568,-0.43606138,-0.027441598
2025-07-25 18:00:00,-0.13178428,-0.40179276,-0.19730821,-0.32022905,-0.19656228,0.21476933,-0.16323645,0.13774428,-0.52409154,0.34925565,-0.3230895,0.23985007,0.21000035,-0.01062084,-0.003168214,-0.41722625,-0.21138442,0.23546049,0.37690985,0.11452686,0.0029977374,0.15501554,0.0433239,0.3422144,0.23631683,-0.0030089878,-0.2302756,0.5184378,0.36032504,0.1494099,-0.44764602,-0.028106317
2025-07-25 19:00:00,-0.13341437,-0.41152817,-0.20164606,-0.32848626,-0.20094062,0.22142962,-0.16751386,0.14183307,-0.5338779,0.35847768,-0.32923144,0.24481174,0.21592419,-0.012685068,-0.00021901354,-0.42644936,-0.21880972,0.23977292,0.38543528,0.1130479,0.0033031031,0.15874393,0.044480357,0.34923136,0.24328479,-0.0042871125,-0.23450664,0.52744895,0.3648362,0.15229294,-0.4569225,-0.028115436
2025-07-28 13:00:00,-0.13566707,-0.41983175,-0.20600218,-0.33441412,-0.20448606,0.22544172,-0.17044525,0.14522251,-0.5417404,0.36457542,-0.3383573,0.24875012,0.22164814,-0.01439479,0.00012671575,-0.43529755,-0.22344962,0.24223575,0.3930865,0.113047354,0.0019827895,0.16034822,0.047835853,0.3557622,0.24791107,-0.0041897222,-0.23683941,0.53531224,0.36929566,0.15473118,-0.46237224,-0.028755218
2025-07-28 14:00:00,-0.13777627,-0.42547664,-0.20962322,-0.3381247,-0.206827,0.22892812,-0.17147276,0.14781395,-0.54718924,0.36878487,-0.3463715,0.25139764,0.22601353,-0.015391834,-0.0005133562,-0.44259834,-0.2259376,0.24394906,0.39864808,0.113817275,0.001235852,0.16132706,0.051740754,0.36083084,0.25143033,-0.00353593,-0.23806477,0.5406104,0.37242424,0.15687531,-0.4655061,-0.029514574
2025-07-28 15:00:00,-0.14077015,-0.43002915,-0.213002,-0.34214276,-0.2103542,0.23227498,-0.17264429,0.15205222,-0.55283624,0.37282702,-0.35012582,0.25362486,0.22907577,-0.01597377,-0.00027272478,-0.44806617,-0.22919947,0.24674138,0.40383583,0.11388087,0.0019800626,0.1628538,0.053887162,0.3647159,0.25526744,-0.004378654,-0.24044403,0.5456059,0.37558922,0.15793467,-0.4701584,-0.03167338
2025-07-28 16:00:00,-0.14188269,-0.4344199,-0.2146438,-0.34637427,-0.21326412,0.23619911,-0.17465456,0.15460062,-0.55815357,0.3779764,-0.34978843,0.25632045,0.23108892,-0.016902909,0.0022360943,-0.45146984,-0.23358661,0.25017166,0.40767926,0.11269766,0.003615789,0.16497749,0.052602295,0.36684692,0.25939772,-0.0058991425,-0.24313438,0.54955673,0.37768134,0.15963665,-0.47627038,-0.03210161
2025-07-28 17:00:00,-0.14386997,-0.43838578,-0.2172178,-0.35119206,-0.21658652,0.2399455,-0.17682257,0.15836897,-0.56306976,0.3825348,-0.35156104,0.25869432,0.23346557,-0.017444618,0.0035449527,-0.4559263,-0.23808381,0.25310683,0.4121827,0.11123306,0.0038865954,0.16692436,0.052891213,0.37056425,0.26308605,-0.007441912,-0.24623206,0.5545762,0.38007098,0.15984777,-0.48181358,-0.033969395
2025-07-28 18:00:00,-0.14803572,-0.45067006,-0.2234782,-0.3608322,-0.22338353,0.24679878,-0.18141577,0.16477719,-0.57594043,0.39267504,-0.36041036,0.26549968,0.2409621,-0.019530036,0.0053232573,-0.4678049,-0.2468003,0.258852,0.42383498,0.11042614,0.0037283078,0.1696805,0.054919515,0.37913513,0.27058834,-0.009324614,-0.25187087,0.56652075,0.38713062,0.16273433,-0.4927189,-0.036479853
2025-07-28 19:00:00,-0.1484447,-0.454745,-0.22473675,-0.36354762,-0.22490494,0.24887696,-0.18316212,0.16561651,-0.57999265,0.3961102,-0.3630258,0.26801088,0.24323566,-0.020496838,0.0063632913,-0.47116178,-0.24945709,0.26031345,0.42717808,0.110080436,0.0036687963,0.1702124,0.05494799,0.38148546,0.27269247,-0.009528857,-0.25331163,0.5698251,0.38881263,0.16421857,-0.49606174,-0.036140002
2025-07-29 13:00:00,-0.15056106,-0.46258926,-0.22795987,-0.3682329,-0.22806774,0.2505368,-0.18571633,0.16822943,-0.5875345,0.40060213,-0.3693596,0.2720004,0.24791141,-0.022125348,0.0069414116,-0.47730792,-0.25295776,0.26263648,0.43361628,0.11052094,0.0026718155,0.17064537,0.05671105,0.38568473,0.275512,-0.009882119,-0.25580415,0.57622635,0.39320529,0.16630855,-0.5009688,-0.03680157
2025-07-29 14:00:00,-0.15626949,-0.4782821,-0.23784658,-0.3802541,-0.23526539,0.2617653,-0.18890509,0.17671499,-0.6031199,0.41380608,-0.3853819,0.2805471,0.25950587,-0.023796327,0.007319223,-0.4958564,-0.2621954,0.27041638,0.44852072,0.1109856,0.0022806711,0.17536195,0.063941166,0.3983732,0.2859662,-0.0105942,-0.2629015,0.5910916,0.40209782,0.170831,-0.5133755,-0.04021173
2025-07-29 15:00:00,-0.15915543,-0.4756564,-0.23926133,-0.37912178,-0.23675542,0.26131094,-0.1873434,0.17962235,-0.6019985,0.4115948,-0.38654256,0.27919367,0.2586336,-0.02224467,0.004336152,-0.49641448,-0.26118067,0.26996186,0.4488904,0.111853525,0.0021651965,0.17446667,0.06671937,0.39930767,0.28555796,-0.010893118,-0.26228693,0.5909142,0.402359,0.16857314,-0.51169086,-0.043942474
2025-07-29 16:00:00,-0.16035515,-0.47629845,-0.23938441,-0.37873578,-0.2382568,0.2610471,-0.18730007,0.18020764,-0.60348785,0.41178396,-0.38601106,0.28003198,0.25845924,-0.022475965,0.0039877854,-0.49649763,-0.26166213,0.27072063,0.44987243,0.112568796,0.0027193557,0.17310491,0.06560966,0.39855728,0.2856597,-0.011377107,-0.26216915,0.59134454,0.40351838,0.16907051,-0.51254296,-0.04507125
2025-07-29 17:00:00,-0.1612075,-0.4790612,-0.24004519,-0.3805399,-0.23986731,0.2617624,-0.18829215,0.18133709,-0.6068677,0.41387132,-0.38518724,0.28201237,0.25931412,-0.023201726,0.005208183,-0.49752146,-0.26348522,0.27271146,0.45189488,0.11250081,0.003382545,0.17317703,0.06403121,0.3986434,0.2866123,-0.012646262,-0.26413387,0.59339285,0.4052607,0.16976431,-0.51575565,-0.045760952
2025-07-29 18:00:00,-0.16211379,-0.482436,-0.24193239,-0.38345712,-0.24142097,0.2643683,-0.18919447,0.18309447,-0.6102993,0.4170578,-0.38698643,0.28433415,0.2615575,-0.02357658,0.005869042,-0.5008626,-0.2658872,0.27510092,0.45485228,0.11217712,0.0034094919,0.17431393,0.06425592,0.40082955,0.28865233,-0.013433587,-0.26664883,0.5966538,0.40722498,0.17033902,-0.5191819,-0.046711154
2025-07-29 19:00:00,-0.16129251,-0.48353451,-0.24180058,-0.3842638,-0.2412609,0.26554766,-0.18983766,0.18228501,-0.61105233,0.41858456,-0.3870008,0.2852765,0.262168,-0.023938946,0.00671814,-0.50152117,-0.26686385,0.2755936,0.45533353,0.11193512,0.0035842564,0.17488065,0.063314214,0.40113786,0.28928474,-0.013491463,-0.26717243,0.59715873,0.40719455,0.17108703,-0.5202838,-0.045812123
2025-07-30 13:00:00,-0.16068032,-0.48447567,-0.24145076,-0.38389194,-0.2405297,0.26431224,-0.19003215,0.18077075,-0.61115634,0.4179997,-0.38929814,0.28550282,0.26279873,-0.024518915,0.006171625,-0.50178206,-0.2661119,0.27445346,0.4554776,0.11268802,0.002259951,0.17398727,0.06384869,0.40118372,0.28819746,-0.012659963,-0.2662464,0.5971251,0.40725392,0.1717039,-0.5191686,-0.044794075
2025-07-30 14:00:00,-0.16025646,-0.48255742,-0.2412253,-0.38237685,-0.23899393,0.26393983,-0.18856531,0.1799869,-0.6088745,0.4164063,-0.39005104,0.28423417,0.26220614,-0.024008952,0.005080495,-0.5013421,-0.26416153,0.27331343,0.45398033,0.11334292,0.0019334704,0.17382753,0.065383315,0.40090245,0.2871631,-0.011754241,-0.26527703,0.5954551,0.40605298,0.17124555,-0.51677537,-0.04450252
2025-07-30 15:00:00,-0.16068159,-0.47985816,-0.24081606,-0.38091445,-0.23870464,0.26305383,-0.1875931,0.18037668,-0.6067504,0.41454062,-0.38815105,0.28257453,0.26062548,-0.023203827,0.0044413395,-0.49954885,-0.26295254,0.2725772,0.452434,0.1134684,0.0024484452,0.17375088,0.0655483,0.39983475,0.28636006,-0.0119737275,-0.26456887,0.5937787,0.4051361,0.1700368,-0.5151563,-0.04531721
2025-07-30 16:00:00,-0.16110349,-0.47999078,-0.24014017,-0.38095462,-0.23967029,0.2615709,-0.18828462,0.1808843,-0.60739946,0.41424134,-0.38465726,0.28256914,0.25953722,-0.023452006,0.0055000447,-0.4974296,-0.2635429,0.2730738,0.4522528,0.11304941,0.0033270344,0.17340982,0.06304471,0.3981821,0.28598756,-0.013252508,-0.26511335,0.59374624,0.405769,0.16970065,-0.5162159,-0.045726724
2025-07-30 17:00:00,-0.15981182,-0.48147482,-0.24006218,-0.3831576,-0.23976521,0.2647307,-0.18933547,0.1807397,-0.6088027,0.4177587,-0.3822113,0.28400084,0.2600538,-0.023818709,0.008141544,-0.4980979,-0.2660063,0.27532226,0.4527495,0.11144809,0.0046461243,0.17557931,0.060750004,0.39857596,0.28821775,-0.014111694,-0.26720086,0.59471256,0.4057563,0.17061043,-0.51962286,-0.0445685
2025-07-30 18:00:00,-0.16026786,-0.48606497,-0.24140757,-0.38657105,-0.24148883,0.26583803,-0.19185598,0.18175453,-0.6128664,0.42087623,-0.38480163,0.2862044,0.26262787,-0.02479837,0.009408515,-0.50105596,-0.2690307,0.27648863,0.45624906,0.11076361,0.0039952025,0.17655623,0.06063662,0.40104562,0.290078,-0.01476134,-0.26890185,0.59860396,0.4079022,0.17167547,-0.52308255,-0.04428553
2025-07-30 19:00:00,-0.16581824,-0.4774673,-0.24271816,-0.38068688,-0.24212019,0.2556563,-0.18738662,0.18647084,-0.6056188,0.40825057,-0.38595673,0.2805182,0.25794306,-0.021125011,0.00033977255,-0.4959063,-0.26144037,0.2720789,0.45382112,0.11303482,-0.00012977049,0.17035507,0.066612855,0.3998963,0.28168562,-0.014885534,-0.26615065,0.59525424,0.4083659,0.16215093,-0.5128713,-0.053372525
2025-07-31 13:00:00,-0.16622499,-0.47088844,-0.24022707,-0.37173802,-0.24072795,0.24700499,-0.18243194,0.18462881,-0.5990664,0.39876992,-0.38186598,0.27770963,0.25363728,-0.01997263,-0.004749473,-0.48823506,-0.25341916,0.26917368,0.44816,0.11643144,-0.0010748077,0.16251245,0.0649963,0.393233,0.2740672,-0.013345506,-0.262439,0.5886291,0.40866765,0.1586447,-0.5044882,-0.056591876
2025-07-31 14:00:00,-0.16370378,-0.46172792,-0.23742226,-0.36313945,-0.23554145,0.24432993,-0.17589644,0.18005946,-0.5890558,0.3909654,-0.38000092,0.27449593,0.24954368,-0.01736831,-0.0100331195,-0.48329103,-0.24471754,0.26624438,0.43978935,0.11928155,-0.002214875,0.15898946,0.066952124,0.38863268,0.26771483,-0.0106320195,-0.25849718,0.5792736,0.4040178,0.15618831,-0.49512258,-0.057424687
2025-07-31 15:00:00,-0.16461144,-0.4507687,-0.23522079,-0.3557312,-0.2337652,0.23978493,-0.17148039,0.17933112,-0.5802079,0.38235012,-0.37436187,0.26918933,0.24364303,-0.013806306,-0.014433686,-0.47616833,-0.23819229,0.26274365,0.43286037,0.12128346,-0.0021252502,0.15637943,0.06784603,0.38383576,0.26201007,-0.010724824,-0.25508824,0.5712868,0.40020484,0.15115201,-0.48726797,-0.061380945
2025-07-31 16:00:00,-0.16341364,-0.44571966,-0.23122895,-0.3511209,-0.23245077,0.23639527,-0.17026974,0.1759797,-0.576129,0.37845665,-0.36614227,0.26729634,0.23898949,-0.013498895,-0.013660122,-0.4690947,-0.23578769,0.26118153,0.42796248,0.12183256,-0.00044623576,0.15393086,0.06248146,0.37728643,0.2581506,-0.011717182,-0.25313687,0.5657735,0.39781561,0.15069011,-0.48456606,-0.06090302
2025-07-31 17:00:00,-0.1626693,-0.4338864,-0.22772664,-0.34422135,-0.22903772,0.23162219,-0.16657498,0.17435393,-0.56557524,0.36973742,-0.35746142,0.26179785,0.23178051,-0.010380827,-0.016404677,-0.45986283,-0.22964382,0.25799057,0.41949105,0.12180399,-0.00083453394,0.15168552,0.06095754,0.37168878,0.25161275,-0.0122725405,-0.25092033,0.55742604,0.39260432,0.1448141,-0.47670594,-0.06368949
2025-07-31 18:00:00,-0.16363303,-0.42646995,-0.22558236,-0.33815116,-0.22816996,0.22521943,-0.16384521,0.17336798,-0.5583482,0.36154014,-0.35303694,0.25797668,0.22677438,-0.008275315,-0.020244423,-0.45271987,-0.22438455,0.2546041,0.41476506,0.123187125,-0.0023557134,0.14744146,0.05976278,0.36717674,0.24526444,-0.012701284,-0.24838538,0.55191773,0.39076522,0.14006951,-0.469679,-0.06711932
2025-07-31 19:00:00,-0.1608051,-0.4168712,-0.22075254,-0.33038706,-0.22353803,0.22120783,-0.1599917,0.16801843,-0.5484707,0.35427937,-0.34659225,0.25402918,0.2206902,-0.006338589,-0.022444326,-0.44456083,-0.21824619,0.2505192,0.40642506,0.123980775,-0.0023079868,0.14404908,0.057274494,0.3609407,0.23901859,-0.011365753,-0.2445862,0.5428643,0.3851998,0.13777304,-0.46153143,-0.06628171
